threshold,threshold_fraction,block_count,covered_points,covered_fraction,root_residual_points,min_block_mass,p50_block_mass,p90_block_mass,max_block_mass
250,0.0008678596844462187,443,287348,0.9975109784250082,717,252,398,1287,4396
500,0.0017357193688924374,204,286893,0.9959314737993161,1172,502,907,2378,9628
1000,0.0034714387377848747,115,284099,0.9862322739659451,3966,1010,1687,5286,11574
2000,0.0069428774755697495,57,283430,0.9839098814503671,4635,2023,3316,9541,20457
4000,0.013885754951139499,27,277065,0.9618141738843664,11000,4056,8675,15956,28687
8000,0.027771509902278998,16,277065,0.9618141738843664,11000,8675,15956,33168,35586
16000,0.055543019804557996,9,277065,0.9618141738843664,11000,17514,24559,44260,58417
32000,0.11108603960911599,4,227122,0.7884401090031764,60943,37574,64140,66991,66991
64000,0.22217207921823198,3,214932,0.7461232707895787,73133,64140,66991,83801,83801
128000,0.44434415843646397,1,131131,0.45521323312446843,156934,131131,131131,131131,131131
256000,0.8886883168729279,0,0,0.0,288065,0,0,0,0
400000,1.38857549511395,0,0,0.0,288065,0,0,0,0
600000,2.082863242670925,0,0,0.0,288065,0,0,0,0
