topology_code,method,workload,lsearch,repeat,stratum,workload_stratum_count,status,count,mean_recall,recall_zero,recall_below_0p9,recall_hist_0.0,recall_hist_0.1,recall_hist_0.2,recall_hist_0.3,recall_hist_0.4,recall_hist_0.5,recall_hist_0.6,recall_hist_0.7,recall_hist_0.8,recall_hist_0.9,recall_hist_1.0
L,l0_lng_entry_optimized_lng,sel_0p5,2000,1,0,0,empty_stratum,0,,0,0,0,0,0,0,0,0,0,0,0,0,0
L,l0_lng_entry_optimized_lng,sel_0p5,2000,1,1,0,empty_stratum,0,,0,0,0,0,0,0,0,0,0,0,0,0,0
L,l0_lng_entry_optimized_lng,sel_0p5,2000,1,>=2,1000,complete,1000,0.9168,3,188,3,4,5,12,18,15,27,39,65,104,708
L,l0_lng_entry_optimized_lng,sel_0p5,2000,2,0,0,empty_stratum,0,,0,0,0,0,0,0,0,0,0,0,0,0,0
L,l0_lng_entry_optimized_lng,sel_0p5,2000,2,1,0,empty_stratum,0,,0,0,0,0,0,0,0,0,0,0,0,0,0
L,l0_lng_entry_optimized_lng,sel_0p5,2000,2,>=2,1000,complete,1000,0.917,4,188,4,4,4,11,18,15,27,40,65,104,708
T,l0_trie_entry_trie,sel_0p5,1000,1,0,0,empty_stratum,0,,0,0,0,0,0,0,0,0,0,0,0,0,0
T,l0_trie_entry_trie,sel_0p5,1000,1,1,0,empty_stratum,0,,0,0,0,0,0,0,0,0,0,0,0,0,0
T,l0_trie_entry_trie,sel_0p5,1000,1,>=2,1000,complete,1000,0.9598,0,87,0,2,2,2,6,7,13,19,36,102,811
T,l0_trie_entry_trie,sel_0p5,1000,2,0,0,empty_stratum,0,,0,0,0,0,0,0,0,0,0,0,0,0,0
T,l0_trie_entry_trie,sel_0p5,1000,2,1,0,empty_stratum,0,,0,0,0,0,0,0,0,0,0,0,0,0,0
T,l0_trie_entry_trie,sel_0p5,1000,2,>=2,1000,complete,1000,0.9609,0,83,0,3,0,1,7,8,12,19,33,104,813
LL,l1_t1024_lng_entry_optimized_lng,sel_0p5,,1,0,0,no_crossing,,,,,,,,,,,,,,,
LL,l1_t1024_lng_entry_optimized_lng,sel_0p5,,1,1,0,no_crossing,,,,,,,,,,,,,,,
LL,l1_t1024_lng_entry_optimized_lng,sel_0p5,,1,>=2,1000,no_crossing,,,,,,,,,,,,,,,
LL,l1_t1024_lng_entry_optimized_lng,sel_0p5,,2,0,0,no_crossing,,,,,,,,,,,,,,,
LL,l1_t1024_lng_entry_optimized_lng,sel_0p5,,2,1,0,no_crossing,,,,,,,,,,,,,,,
LL,l1_t1024_lng_entry_optimized_lng,sel_0p5,,2,>=2,1000,no_crossing,,,,,,,,,,,,,,,
LT,l1_t1024_trie_entry_optimized_lng,sel_0p5,,1,0,0,no_crossing,,,,,,,,,,,,,,,
LT,l1_t1024_trie_entry_optimized_lng,sel_0p5,,1,1,0,no_crossing,,,,,,,,,,,,,,,
LT,l1_t1024_trie_entry_optimized_lng,sel_0p5,,1,>=2,1000,no_crossing,,,,,,,,,,,,,,,
LT,l1_t1024_trie_entry_optimized_lng,sel_0p5,,2,0,0,no_crossing,,,,,,,,,,,,,,,
LT,l1_t1024_trie_entry_optimized_lng,sel_0p5,,2,1,0,no_crossing,,,,,,,,,,,,,,,
LT,l1_t1024_trie_entry_optimized_lng,sel_0p5,,2,>=2,1000,no_crossing,,,,,,,,,,,,,,,
TL,l1_base_trie_t1024_lng_entry_trie,sel_0p5,1000,1,0,0,empty_stratum,0,,0,0,0,0,0,0,0,0,0,0,0,0,0
TL,l1_base_trie_t1024_lng_entry_trie,sel_0p5,1000,1,1,0,empty_stratum,0,,0,0,0,0,0,0,0,0,0,0,0,0,0
TL,l1_base_trie_t1024_lng_entry_trie,sel_0p5,1000,1,>=2,1000,complete,1000,0.9592,0,88,0,2,2,0,8,6,16,20,34,104,808
TL,l1_base_trie_t1024_lng_entry_trie,sel_0p5,1000,2,0,0,empty_stratum,0,,0,0,0,0,0,0,0,0,0,0,0,0,0
TL,l1_base_trie_t1024_lng_entry_trie,sel_0p5,1000,2,1,0,empty_stratum,0,,0,0,0,0,0,0,0,0,0,0,0,0,0
TL,l1_base_trie_t1024_lng_entry_trie,sel_0p5,1000,2,>=2,1000,complete,1000,0.9592,0,88,0,2,2,0,8,6,16,20,34,104,808
TT,l1_base_trie_t1024_trie_entry_trie,sel_0p5,1000,1,0,0,empty_stratum,0,,0,0,0,0,0,0,0,0,0,0,0,0,0
TT,l1_base_trie_t1024_trie_entry_trie,sel_0p5,1000,1,1,0,empty_stratum,0,,0,0,0,0,0,0,0,0,0,0,0,0,0
TT,l1_base_trie_t1024_trie_entry_trie,sel_0p5,1000,1,>=2,1000,complete,1000,0.9592,0,88,0,2,2,0,8,6,16,20,34,104,808
TT,l1_base_trie_t1024_trie_entry_trie,sel_0p5,1000,2,0,0,empty_stratum,0,,0,0,0,0,0,0,0,0,0,0,0,0,0
TT,l1_base_trie_t1024_trie_entry_trie,sel_0p5,1000,2,1,0,empty_stratum,0,,0,0,0,0,0,0,0,0,0,0,0,0,0
TT,l1_base_trie_t1024_trie_entry_trie,sel_0p5,1000,2,>=2,1000,complete,1000,0.9592,0,88,0,2,2,0,8,6,16,20,34,104,808
LLL,l2_t1024_16384_ll_entry_optimized_lng,sel_0p5,,1,0,0,no_crossing,,,,,,,,,,,,,,,
LLL,l2_t1024_16384_ll_entry_optimized_lng,sel_0p5,,1,1,0,no_crossing,,,,,,,,,,,,,,,
LLL,l2_t1024_16384_ll_entry_optimized_lng,sel_0p5,,1,>=2,1000,no_crossing,,,,,,,,,,,,,,,
LLL,l2_t1024_16384_ll_entry_optimized_lng,sel_0p5,,2,0,0,no_crossing,,,,,,,,,,,,,,,
LLL,l2_t1024_16384_ll_entry_optimized_lng,sel_0p5,,2,1,0,no_crossing,,,,,,,,,,,,,,,
LLL,l2_t1024_16384_ll_entry_optimized_lng,sel_0p5,,2,>=2,1000,no_crossing,,,,,,,,,,,,,,,
LLT,l2_t1024_16384_lt_entry_optimized_lng,sel_0p5,,1,0,0,no_crossing,,,,,,,,,,,,,,,
LLT,l2_t1024_16384_lt_entry_optimized_lng,sel_0p5,,1,1,0,no_crossing,,,,,,,,,,,,,,,
LLT,l2_t1024_16384_lt_entry_optimized_lng,sel_0p5,,1,>=2,1000,no_crossing,,,,,,,,,,,,,,,
LLT,l2_t1024_16384_lt_entry_optimized_lng,sel_0p5,,2,0,0,no_crossing,,,,,,,,,,,,,,,
LLT,l2_t1024_16384_lt_entry_optimized_lng,sel_0p5,,2,1,0,no_crossing,,,,,,,,,,,,,,,
LLT,l2_t1024_16384_lt_entry_optimized_lng,sel_0p5,,2,>=2,1000,no_crossing,,,,,,,,,,,,,,,
LTL,l2_t1024_16384_tl_entry_optimized_lng,sel_0p5,,1,0,0,no_crossing,,,,,,,,,,,,,,,
LTL,l2_t1024_16384_tl_entry_optimized_lng,sel_0p5,,1,1,0,no_crossing,,,,,,,,,,,,,,,
LTL,l2_t1024_16384_tl_entry_optimized_lng,sel_0p5,,1,>=2,1000,no_crossing,,,,,,,,,,,,,,,
LTL,l2_t1024_16384_tl_entry_optimized_lng,sel_0p5,,2,0,0,no_crossing,,,,,,,,,,,,,,,
LTL,l2_t1024_16384_tl_entry_optimized_lng,sel_0p5,,2,1,0,no_crossing,,,,,,,,,,,,,,,
LTL,l2_t1024_16384_tl_entry_optimized_lng,sel_0p5,,2,>=2,1000,no_crossing,,,,,,,,,,,,,,,
LTT,l2_t1024_16384_tt_entry_optimized_lng,sel_0p5,,1,0,0,no_crossing,,,,,,,,,,,,,,,
LTT,l2_t1024_16384_tt_entry_optimized_lng,sel_0p5,,1,1,0,no_crossing,,,,,,,,,,,,,,,
LTT,l2_t1024_16384_tt_entry_optimized_lng,sel_0p5,,1,>=2,1000,no_crossing,,,,,,,,,,,,,,,
LTT,l2_t1024_16384_tt_entry_optimized_lng,sel_0p5,,2,0,0,no_crossing,,,,,,,,,,,,,,,
LTT,l2_t1024_16384_tt_entry_optimized_lng,sel_0p5,,2,1,0,no_crossing,,,,,,,,,,,,,,,
LTT,l2_t1024_16384_tt_entry_optimized_lng,sel_0p5,,2,>=2,1000,no_crossing,,,,,,,,,,,,,,,
TLL,l2_base_trie_t1024_16384_ll_entry_trie,sel_0p5,1000,1,0,0,empty_stratum,0,,0,0,0,0,0,0,0,0,0,0,0,0,0
TLL,l2_base_trie_t1024_16384_ll_entry_trie,sel_0p5,1000,1,1,0,empty_stratum,0,,0,0,0,0,0,0,0,0,0,0,0,0,0
TLL,l2_base_trie_t1024_16384_ll_entry_trie,sel_0p5,1000,1,>=2,1000,complete,1000,0.9592,0,88,0,2,2,0,8,6,16,20,34,104,808
TLL,l2_base_trie_t1024_16384_ll_entry_trie,sel_0p5,1000,2,0,0,empty_stratum,0,,0,0,0,0,0,0,0,0,0,0,0,0,0
TLL,l2_base_trie_t1024_16384_ll_entry_trie,sel_0p5,1000,2,1,0,empty_stratum,0,,0,0,0,0,0,0,0,0,0,0,0,0,0
TLL,l2_base_trie_t1024_16384_ll_entry_trie,sel_0p5,1000,2,>=2,1000,complete,1000,0.9592,0,88,0,2,2,0,8,6,16,20,34,104,808
TLT,l2_base_trie_t1024_16384_lt_entry_trie,sel_0p5,1000,1,0,0,empty_stratum,0,,0,0,0,0,0,0,0,0,0,0,0,0,0
TLT,l2_base_trie_t1024_16384_lt_entry_trie,sel_0p5,1000,1,1,0,empty_stratum,0,,0,0,0,0,0,0,0,0,0,0,0,0,0
TLT,l2_base_trie_t1024_16384_lt_entry_trie,sel_0p5,1000,1,>=2,1000,complete,1000,0.9592,0,88,0,2,2,0,8,6,16,20,34,104,808
TLT,l2_base_trie_t1024_16384_lt_entry_trie,sel_0p5,1000,2,0,0,empty_stratum,0,,0,0,0,0,0,0,0,0,0,0,0,0,0
TLT,l2_base_trie_t1024_16384_lt_entry_trie,sel_0p5,1000,2,1,0,empty_stratum,0,,0,0,0,0,0,0,0,0,0,0,0,0,0
TLT,l2_base_trie_t1024_16384_lt_entry_trie,sel_0p5,1000,2,>=2,1000,complete,1000,0.9592,0,88,0,2,2,0,8,6,16,20,34,104,808
TTL,l2_base_trie_t1024_16384_tl_entry_trie,sel_0p5,1000,1,0,0,empty_stratum,0,,0,0,0,0,0,0,0,0,0,0,0,0,0
TTL,l2_base_trie_t1024_16384_tl_entry_trie,sel_0p5,1000,1,1,0,empty_stratum,0,,0,0,0,0,0,0,0,0,0,0,0,0,0
TTL,l2_base_trie_t1024_16384_tl_entry_trie,sel_0p5,1000,1,>=2,1000,complete,1000,0.9592,0,88,0,2,2,0,8,6,16,20,34,104,808
TTL,l2_base_trie_t1024_16384_tl_entry_trie,sel_0p5,1000,2,0,0,empty_stratum,0,,0,0,0,0,0,0,0,0,0,0,0,0,0
TTL,l2_base_trie_t1024_16384_tl_entry_trie,sel_0p5,1000,2,1,0,empty_stratum,0,,0,0,0,0,0,0,0,0,0,0,0,0,0
TTL,l2_base_trie_t1024_16384_tl_entry_trie,sel_0p5,1000,2,>=2,1000,complete,1000,0.9592,0,88,0,2,2,0,8,6,16,20,34,104,808
TTT,l2_base_trie_t1024_16384_tt_entry_trie,sel_0p5,1000,1,0,0,empty_stratum,0,,0,0,0,0,0,0,0,0,0,0,0,0,0
TTT,l2_base_trie_t1024_16384_tt_entry_trie,sel_0p5,1000,1,1,0,empty_stratum,0,,0,0,0,0,0,0,0,0,0,0,0,0,0
TTT,l2_base_trie_t1024_16384_tt_entry_trie,sel_0p5,1000,1,>=2,1000,complete,1000,0.9592,0,88,0,2,2,0,8,6,16,20,34,104,808
TTT,l2_base_trie_t1024_16384_tt_entry_trie,sel_0p5,1000,2,0,0,empty_stratum,0,,0,0,0,0,0,0,0,0,0,0,0,0,0
TTT,l2_base_trie_t1024_16384_tt_entry_trie,sel_0p5,1000,2,1,0,empty_stratum,0,,0,0,0,0,0,0,0,0,0,0,0,0,0
TTT,l2_base_trie_t1024_16384_tt_entry_trie,sel_0p5,1000,2,>=2,1000,complete,1000,0.9592,0,88,0,2,2,0,8,6,16,20,34,104,808
L,l0_lng_entry_optimized_lng,sel_1,2200,1,0,0,empty_stratum,0,,0,0,0,0,0,0,0,0,0,0,0,0,0
L,l0_lng_entry_optimized_lng,sel_1,2200,1,1,0,empty_stratum,0,,0,0,0,0,0,0,0,0,0,0,0,0,0
L,l0_lng_entry_optimized_lng,sel_1,2200,1,>=2,1000,complete,1000,0.9106,4,183,4,10,12,11,11,15,34,42,44,100,717
L,l0_lng_entry_optimized_lng,sel_1,2200,2,0,0,empty_stratum,0,,0,0,0,0,0,0,0,0,0,0,0,0,0
L,l0_lng_entry_optimized_lng,sel_1,2200,2,1,0,empty_stratum,0,,0,0,0,0,0,0,0,0,0,0,0,0,0
L,l0_lng_entry_optimized_lng,sel_1,2200,2,>=2,1000,complete,1000,0.9108,4,184,4,9,12,12,11,15,34,43,44,97,719
T,l0_trie_entry_trie,sel_1,1200,1,0,0,empty_stratum,0,,0,0,0,0,0,0,0,0,0,0,0,0,0
T,l0_trie_entry_trie,sel_1,1200,1,1,0,empty_stratum,0,,0,0,0,0,0,0,0,0,0,0,0,0,0
T,l0_trie_entry_trie,sel_1,1200,1,>=2,1000,complete,1000,0.9461,3,108,3,4,8,5,4,14,8,17,45,107,785
T,l0_trie_entry_trie,sel_1,1200,2,0,0,empty_stratum,0,,0,0,0,0,0,0,0,0,0,0,0,0,0
T,l0_trie_entry_trie,sel_1,1200,2,1,0,empty_stratum,0,,0,0,0,0,0,0,0,0,0,0,0,0,0
T,l0_trie_entry_trie,sel_1,1200,2,>=2,1000,complete,1000,0.946,3,106,3,4,8,6,5,13,8,15,44,108,786
LL,l1_t1024_lng_entry_optimized_lng,sel_1,,1,0,0,no_crossing,,,,,,,,,,,,,,,
LL,l1_t1024_lng_entry_optimized_lng,sel_1,,1,1,0,no_crossing,,,,,,,,,,,,,,,
LL,l1_t1024_lng_entry_optimized_lng,sel_1,,1,>=2,1000,no_crossing,,,,,,,,,,,,,,,
LL,l1_t1024_lng_entry_optimized_lng,sel_1,,2,0,0,no_crossing,,,,,,,,,,,,,,,
LL,l1_t1024_lng_entry_optimized_lng,sel_1,,2,1,0,no_crossing,,,,,,,,,,,,,,,
LL,l1_t1024_lng_entry_optimized_lng,sel_1,,2,>=2,1000,no_crossing,,,,,,,,,,,,,,,
LT,l1_t1024_trie_entry_optimized_lng,sel_1,,1,0,0,no_crossing,,,,,,,,,,,,,,,
LT,l1_t1024_trie_entry_optimized_lng,sel_1,,1,1,0,no_crossing,,,,,,,,,,,,,,,
LT,l1_t1024_trie_entry_optimized_lng,sel_1,,1,>=2,1000,no_crossing,,,,,,,,,,,,,,,
LT,l1_t1024_trie_entry_optimized_lng,sel_1,,2,0,0,no_crossing,,,,,,,,,,,,,,,
LT,l1_t1024_trie_entry_optimized_lng,sel_1,,2,1,0,no_crossing,,,,,,,,,,,,,,,
LT,l1_t1024_trie_entry_optimized_lng,sel_1,,2,>=2,1000,no_crossing,,,,,,,,,,,,,,,
TL,l1_base_trie_t1024_lng_entry_trie,sel_1,1200,1,0,0,empty_stratum,0,,0,0,0,0,0,0,0,0,0,0,0,0,0
TL,l1_base_trie_t1024_lng_entry_trie,sel_1,1200,1,1,0,empty_stratum,0,,0,0,0,0,0,0,0,0,0,0,0,0,0
TL,l1_base_trie_t1024_lng_entry_trie,sel_1,1200,1,>=2,1000,complete,1000,0.9543,0,99,0,2,7,6,5,8,8,15,48,98,803
TL,l1_base_trie_t1024_lng_entry_trie,sel_1,1200,2,0,0,empty_stratum,0,,0,0,0,0,0,0,0,0,0,0,0,0,0
TL,l1_base_trie_t1024_lng_entry_trie,sel_1,1200,2,1,0,empty_stratum,0,,0,0,0,0,0,0,0,0,0,0,0,0,0
TL,l1_base_trie_t1024_lng_entry_trie,sel_1,1200,2,>=2,1000,complete,1000,0.9543,0,99,0,2,7,6,5,8,8,15,48,98,803
TT,l1_base_trie_t1024_trie_entry_trie,sel_1,1200,1,0,0,empty_stratum,0,,0,0,0,0,0,0,0,0,0,0,0,0,0
TT,l1_base_trie_t1024_trie_entry_trie,sel_1,1200,1,1,0,empty_stratum,0,,0,0,0,0,0,0,0,0,0,0,0,0,0
TT,l1_base_trie_t1024_trie_entry_trie,sel_1,1200,1,>=2,1000,complete,1000,0.95,0,107,0,3,10,3,5,11,8,17,50,104,789
TT,l1_base_trie_t1024_trie_entry_trie,sel_1,1200,2,0,0,empty_stratum,0,,0,0,0,0,0,0,0,0,0,0,0,0,0
TT,l1_base_trie_t1024_trie_entry_trie,sel_1,1200,2,1,0,empty_stratum,0,,0,0,0,0,0,0,0,0,0,0,0,0,0
TT,l1_base_trie_t1024_trie_entry_trie,sel_1,1200,2,>=2,1000,complete,1000,0.95,0,107,0,3,10,3,5,11,8,17,50,104,789
LLL,l2_t1024_16384_ll_entry_optimized_lng,sel_1,,1,0,0,no_crossing,,,,,,,,,,,,,,,
LLL,l2_t1024_16384_ll_entry_optimized_lng,sel_1,,1,1,0,no_crossing,,,,,,,,,,,,,,,
LLL,l2_t1024_16384_ll_entry_optimized_lng,sel_1,,1,>=2,1000,no_crossing,,,,,,,,,,,,,,,
LLL,l2_t1024_16384_ll_entry_optimized_lng,sel_1,,2,0,0,no_crossing,,,,,,,,,,,,,,,
LLL,l2_t1024_16384_ll_entry_optimized_lng,sel_1,,2,1,0,no_crossing,,,,,,,,,,,,,,,
LLL,l2_t1024_16384_ll_entry_optimized_lng,sel_1,,2,>=2,1000,no_crossing,,,,,,,,,,,,,,,
LLT,l2_t1024_16384_lt_entry_optimized_lng,sel_1,,1,0,0,no_crossing,,,,,,,,,,,,,,,
LLT,l2_t1024_16384_lt_entry_optimized_lng,sel_1,,1,1,0,no_crossing,,,,,,,,,,,,,,,
LLT,l2_t1024_16384_lt_entry_optimized_lng,sel_1,,1,>=2,1000,no_crossing,,,,,,,,,,,,,,,
LLT,l2_t1024_16384_lt_entry_optimized_lng,sel_1,,2,0,0,no_crossing,,,,,,,,,,,,,,,
LLT,l2_t1024_16384_lt_entry_optimized_lng,sel_1,,2,1,0,no_crossing,,,,,,,,,,,,,,,
LLT,l2_t1024_16384_lt_entry_optimized_lng,sel_1,,2,>=2,1000,no_crossing,,,,,,,,,,,,,,,
LTL,l2_t1024_16384_tl_entry_optimized_lng,sel_1,,1,0,0,no_crossing,,,,,,,,,,,,,,,
LTL,l2_t1024_16384_tl_entry_optimized_lng,sel_1,,1,1,0,no_crossing,,,,,,,,,,,,,,,
LTL,l2_t1024_16384_tl_entry_optimized_lng,sel_1,,1,>=2,1000,no_crossing,,,,,,,,,,,,,,,
LTL,l2_t1024_16384_tl_entry_optimized_lng,sel_1,,2,0,0,no_crossing,,,,,,,,,,,,,,,
LTL,l2_t1024_16384_tl_entry_optimized_lng,sel_1,,2,1,0,no_crossing,,,,,,,,,,,,,,,
LTL,l2_t1024_16384_tl_entry_optimized_lng,sel_1,,2,>=2,1000,no_crossing,,,,,,,,,,,,,,,
LTT,l2_t1024_16384_tt_entry_optimized_lng,sel_1,,1,0,0,no_crossing,,,,,,,,,,,,,,,
LTT,l2_t1024_16384_tt_entry_optimized_lng,sel_1,,1,1,0,no_crossing,,,,,,,,,,,,,,,
LTT,l2_t1024_16384_tt_entry_optimized_lng,sel_1,,1,>=2,1000,no_crossing,,,,,,,,,,,,,,,
LTT,l2_t1024_16384_tt_entry_optimized_lng,sel_1,,2,0,0,no_crossing,,,,,,,,,,,,,,,
LTT,l2_t1024_16384_tt_entry_optimized_lng,sel_1,,2,1,0,no_crossing,,,,,,,,,,,,,,,
LTT,l2_t1024_16384_tt_entry_optimized_lng,sel_1,,2,>=2,1000,no_crossing,,,,,,,,,,,,,,,
TLL,l2_base_trie_t1024_16384_ll_entry_trie,sel_1,1200,1,0,0,empty_stratum,0,,0,0,0,0,0,0,0,0,0,0,0,0,0
TLL,l2_base_trie_t1024_16384_ll_entry_trie,sel_1,1200,1,1,0,empty_stratum,0,,0,0,0,0,0,0,0,0,0,0,0,0,0
TLL,l2_base_trie_t1024_16384_ll_entry_trie,sel_1,1200,1,>=2,1000,complete,1000,0.9543,0,99,0,2,7,6,5,8,8,15,48,98,803
TLL,l2_base_trie_t1024_16384_ll_entry_trie,sel_1,1200,2,0,0,empty_stratum,0,,0,0,0,0,0,0,0,0,0,0,0,0,0
TLL,l2_base_trie_t1024_16384_ll_entry_trie,sel_1,1200,2,1,0,empty_stratum,0,,0,0,0,0,0,0,0,0,0,0,0,0,0
TLL,l2_base_trie_t1024_16384_ll_entry_trie,sel_1,1200,2,>=2,1000,complete,1000,0.9543,0,99,0,2,7,6,5,8,8,15,48,98,803
TLT,l2_base_trie_t1024_16384_lt_entry_trie,sel_1,1200,1,0,0,empty_stratum,0,,0,0,0,0,0,0,0,0,0,0,0,0,0
TLT,l2_base_trie_t1024_16384_lt_entry_trie,sel_1,1200,1,1,0,empty_stratum,0,,0,0,0,0,0,0,0,0,0,0,0,0,0
TLT,l2_base_trie_t1024_16384_lt_entry_trie,sel_1,1200,1,>=2,1000,complete,1000,0.9543,0,99,0,2,7,6,5,8,8,15,48,98,803
TLT,l2_base_trie_t1024_16384_lt_entry_trie,sel_1,1200,2,0,0,empty_stratum,0,,0,0,0,0,0,0,0,0,0,0,0,0,0
TLT,l2_base_trie_t1024_16384_lt_entry_trie,sel_1,1200,2,1,0,empty_stratum,0,,0,0,0,0,0,0,0,0,0,0,0,0,0
TLT,l2_base_trie_t1024_16384_lt_entry_trie,sel_1,1200,2,>=2,1000,complete,1000,0.9543,0,99,0,2,7,6,5,8,8,15,48,98,803
TTL,l2_base_trie_t1024_16384_tl_entry_trie,sel_1,1200,1,0,0,empty_stratum,0,,0,0,0,0,0,0,0,0,0,0,0,0,0
TTL,l2_base_trie_t1024_16384_tl_entry_trie,sel_1,1200,1,1,0,empty_stratum,0,,0,0,0,0,0,0,0,0,0,0,0,0,0
TTL,l2_base_trie_t1024_16384_tl_entry_trie,sel_1,1200,1,>=2,1000,complete,1000,0.95,0,107,0,3,10,3,5,11,8,17,50,104,789
TTL,l2_base_trie_t1024_16384_tl_entry_trie,sel_1,1200,2,0,0,empty_stratum,0,,0,0,0,0,0,0,0,0,0,0,0,0,0
TTL,l2_base_trie_t1024_16384_tl_entry_trie,sel_1,1200,2,1,0,empty_stratum,0,,0,0,0,0,0,0,0,0,0,0,0,0,0
TTL,l2_base_trie_t1024_16384_tl_entry_trie,sel_1,1200,2,>=2,1000,complete,1000,0.95,0,107,0,3,10,3,5,11,8,17,50,104,789
TTT,l2_base_trie_t1024_16384_tt_entry_trie,sel_1,1200,1,0,0,empty_stratum,0,,0,0,0,0,0,0,0,0,0,0,0,0,0
TTT,l2_base_trie_t1024_16384_tt_entry_trie,sel_1,1200,1,1,0,empty_stratum,0,,0,0,0,0,0,0,0,0,0,0,0,0,0
TTT,l2_base_trie_t1024_16384_tt_entry_trie,sel_1,1200,1,>=2,1000,complete,1000,0.95,0,107,0,3,10,3,5,11,8,17,50,104,789
TTT,l2_base_trie_t1024_16384_tt_entry_trie,sel_1,1200,2,0,0,empty_stratum,0,,0,0,0,0,0,0,0,0,0,0,0,0,0
TTT,l2_base_trie_t1024_16384_tt_entry_trie,sel_1,1200,2,1,0,empty_stratum,0,,0,0,0,0,0,0,0,0,0,0,0,0,0
TTT,l2_base_trie_t1024_16384_tt_entry_trie,sel_1,1200,2,>=2,1000,complete,1000,0.95,0,107,0,3,10,3,5,11,8,17,50,104,789
L,l0_lng_entry_optimized_lng,sel_5,3200,1,0,0,empty_stratum,0,,0,0,0,0,0,0,0,0,0,0,0,0,0
L,l0_lng_entry_optimized_lng,sel_5,3200,1,1,43,complete,43,0.28837209302325584,10,39,10,10,7,2,2,3,3,1,1,2,2
L,l0_lng_entry_optimized_lng,sel_5,3200,1,>=2,957,complete,957,0.9376175548589342,3,129,3,4,10,10,8,4,21,30,39,61,767
L,l0_lng_entry_optimized_lng,sel_5,3200,2,0,0,empty_stratum,0,,0,0,0,0,0,0,0,0,0,0,0,0,0
L,l0_lng_entry_optimized_lng,sel_5,3200,2,1,43,complete,43,0.28837209302325584,10,39,10,10,7,2,2,3,3,1,1,2,2
L,l0_lng_entry_optimized_lng,sel_5,3200,2,>=2,957,complete,957,0.9378265412748171,3,127,3,4,10,10,8,5,20,30,37,62,768
T,l0_trie_entry_trie,sel_5,800,1,0,0,empty_stratum,0,,0,0,0,0,0,0,0,0,0,0,0,0,0
T,l0_trie_entry_trie,sel_5,800,1,1,43,complete,43,0.14883720930232558,23,41,23,9,3,2,1,1,0,1,1,1,1
T,l0_trie_entry_trie,sel_5,800,1,>=2,957,complete,957,0.9370950888192268,3,122,3,6,5,6,7,11,8,19,57,136,699
T,l0_trie_entry_trie,sel_5,800,2,0,0,empty_stratum,0,,0,0,0,0,0,0,0,0,0,0,0,0,0
T,l0_trie_entry_trie,sel_5,800,2,1,43,complete,43,0.14883720930232558,23,41,23,9,3,2,1,1,0,1,1,1,1
T,l0_trie_entry_trie,sel_5,800,2,>=2,957,complete,957,0.9364681295715779,4,125,4,5,5,5,6,12,12,21,55,131,701
LL,l1_t1024_lng_entry_optimized_lng,sel_5,,1,0,0,no_crossing,,,,,,,,,,,,,,,
LL,l1_t1024_lng_entry_optimized_lng,sel_5,,1,1,43,no_crossing,,,,,,,,,,,,,,,
LL,l1_t1024_lng_entry_optimized_lng,sel_5,,1,>=2,957,no_crossing,,,,,,,,,,,,,,,
LL,l1_t1024_lng_entry_optimized_lng,sel_5,,2,0,0,no_crossing,,,,,,,,,,,,,,,
LL,l1_t1024_lng_entry_optimized_lng,sel_5,,2,1,43,no_crossing,,,,,,,,,,,,,,,
LL,l1_t1024_lng_entry_optimized_lng,sel_5,,2,>=2,957,no_crossing,,,,,,,,,,,,,,,
LT,l1_t1024_trie_entry_optimized_lng,sel_5,,1,0,0,no_crossing,,,,,,,,,,,,,,,
LT,l1_t1024_trie_entry_optimized_lng,sel_5,,1,1,43,no_crossing,,,,,,,,,,,,,,,
LT,l1_t1024_trie_entry_optimized_lng,sel_5,,1,>=2,957,no_crossing,,,,,,,,,,,,,,,
LT,l1_t1024_trie_entry_optimized_lng,sel_5,,2,0,0,no_crossing,,,,,,,,,,,,,,,
LT,l1_t1024_trie_entry_optimized_lng,sel_5,,2,1,43,no_crossing,,,,,,,,,,,,,,,
LT,l1_t1024_trie_entry_optimized_lng,sel_5,,2,>=2,957,no_crossing,,,,,,,,,,,,,,,
TL,l1_base_trie_t1024_lng_entry_trie,sel_5,400,1,0,0,empty_stratum,0,,0,0,0,0,0,0,0,0,0,0,0,0,0
TL,l1_base_trie_t1024_lng_entry_trie,sel_5,400,1,1,43,complete,43,0.7325581395348837,5,21,5,1,0,1,0,1,3,3,7,9,13
TL,l1_base_trie_t1024_lng_entry_trie,sel_5,400,1,>=2,957,complete,957,0.9264367816091954,1,158,1,3,8,10,3,12,18,34,69,143,656
TL,l1_base_trie_t1024_lng_entry_trie,sel_5,400,2,0,0,empty_stratum,0,,0,0,0,0,0,0,0,0,0,0,0,0,0
TL,l1_base_trie_t1024_lng_entry_trie,sel_5,400,2,1,43,complete,43,0.7325581395348837,5,21,5,1,0,1,0,1,3,3,7,9,13
TL,l1_base_trie_t1024_lng_entry_trie,sel_5,400,2,>=2,957,complete,957,0.9264367816091954,1,158,1,3,8,10,3,12,18,34,69,143,656
TT,l1_base_trie_t1024_trie_entry_trie,sel_5,400,1,0,0,empty_stratum,0,,0,0,0,0,0,0,0,0,0,0,0,0,0
TT,l1_base_trie_t1024_trie_entry_trie,sel_5,400,1,1,43,complete,43,0.6627906976744186,4,28,4,1,2,0,3,2,4,4,8,8,7
TT,l1_base_trie_t1024_trie_entry_trie,sel_5,400,1,>=2,957,complete,957,0.9222570532915361,2,168,2,3,10,8,3,13,20,37,72,143,646
TT,l1_base_trie_t1024_trie_entry_trie,sel_5,400,2,0,0,empty_stratum,0,,0,0,0,0,0,0,0,0,0,0,0,0,0
TT,l1_base_trie_t1024_trie_entry_trie,sel_5,400,2,1,43,complete,43,0.6627906976744186,4,28,4,1,2,0,3,2,4,4,8,8,7
TT,l1_base_trie_t1024_trie_entry_trie,sel_5,400,2,>=2,957,complete,957,0.9222570532915361,2,168,2,3,10,8,3,13,20,37,72,143,646
LLL,l2_t1024_16384_ll_entry_optimized_lng,sel_5,,1,0,0,no_crossing,,,,,,,,,,,,,,,
LLL,l2_t1024_16384_ll_entry_optimized_lng,sel_5,,1,1,43,no_crossing,,,,,,,,,,,,,,,
LLL,l2_t1024_16384_ll_entry_optimized_lng,sel_5,,1,>=2,957,no_crossing,,,,,,,,,,,,,,,
LLL,l2_t1024_16384_ll_entry_optimized_lng,sel_5,,2,0,0,no_crossing,,,,,,,,,,,,,,,
LLL,l2_t1024_16384_ll_entry_optimized_lng,sel_5,,2,1,43,no_crossing,,,,,,,,,,,,,,,
LLL,l2_t1024_16384_ll_entry_optimized_lng,sel_5,,2,>=2,957,no_crossing,,,,,,,,,,,,,,,
LLT,l2_t1024_16384_lt_entry_optimized_lng,sel_5,,1,0,0,no_crossing,,,,,,,,,,,,,,,
LLT,l2_t1024_16384_lt_entry_optimized_lng,sel_5,,1,1,43,no_crossing,,,,,,,,,,,,,,,
LLT,l2_t1024_16384_lt_entry_optimized_lng,sel_5,,1,>=2,957,no_crossing,,,,,,,,,,,,,,,
LLT,l2_t1024_16384_lt_entry_optimized_lng,sel_5,,2,0,0,no_crossing,,,,,,,,,,,,,,,
LLT,l2_t1024_16384_lt_entry_optimized_lng,sel_5,,2,1,43,no_crossing,,,,,,,,,,,,,,,
LLT,l2_t1024_16384_lt_entry_optimized_lng,sel_5,,2,>=2,957,no_crossing,,,,,,,,,,,,,,,
LTL,l2_t1024_16384_tl_entry_optimized_lng,sel_5,,1,0,0,no_crossing,,,,,,,,,,,,,,,
LTL,l2_t1024_16384_tl_entry_optimized_lng,sel_5,,1,1,43,no_crossing,,,,,,,,,,,,,,,
LTL,l2_t1024_16384_tl_entry_optimized_lng,sel_5,,1,>=2,957,no_crossing,,,,,,,,,,,,,,,
LTL,l2_t1024_16384_tl_entry_optimized_lng,sel_5,,2,0,0,no_crossing,,,,,,,,,,,,,,,
LTL,l2_t1024_16384_tl_entry_optimized_lng,sel_5,,2,1,43,no_crossing,,,,,,,,,,,,,,,
LTL,l2_t1024_16384_tl_entry_optimized_lng,sel_5,,2,>=2,957,no_crossing,,,,,,,,,,,,,,,
LTT,l2_t1024_16384_tt_entry_optimized_lng,sel_5,,1,0,0,no_crossing,,,,,,,,,,,,,,,
LTT,l2_t1024_16384_tt_entry_optimized_lng,sel_5,,1,1,43,no_crossing,,,,,,,,,,,,,,,
LTT,l2_t1024_16384_tt_entry_optimized_lng,sel_5,,1,>=2,957,no_crossing,,,,,,,,,,,,,,,
LTT,l2_t1024_16384_tt_entry_optimized_lng,sel_5,,2,0,0,no_crossing,,,,,,,,,,,,,,,
LTT,l2_t1024_16384_tt_entry_optimized_lng,sel_5,,2,1,43,no_crossing,,,,,,,,,,,,,,,
LTT,l2_t1024_16384_tt_entry_optimized_lng,sel_5,,2,>=2,957,no_crossing,,,,,,,,,,,,,,,
TLL,l2_base_trie_t1024_16384_ll_entry_trie,sel_5,400,1,0,0,empty_stratum,0,,0,0,0,0,0,0,0,0,0,0,0,0,0
TLL,l2_base_trie_t1024_16384_ll_entry_trie,sel_5,400,1,1,43,complete,43,0.7418604651162791,4,20,4,2,0,1,0,1,2,3,7,10,13
TLL,l2_base_trie_t1024_16384_ll_entry_trie,sel_5,400,1,>=2,957,complete,957,0.9264367816091954,1,158,1,3,8,10,3,12,18,34,69,143,656
TLL,l2_base_trie_t1024_16384_ll_entry_trie,sel_5,400,2,0,0,empty_stratum,0,,0,0,0,0,0,0,0,0,0,0,0,0,0
TLL,l2_base_trie_t1024_16384_ll_entry_trie,sel_5,400,2,1,43,complete,43,0.7418604651162791,4,20,4,2,0,1,0,1,2,3,7,10,13
TLL,l2_base_trie_t1024_16384_ll_entry_trie,sel_5,400,2,>=2,957,complete,957,0.9264367816091954,1,158,1,3,8,10,3,12,18,34,69,143,656
TLT,l2_base_trie_t1024_16384_lt_entry_trie,sel_5,400,1,0,0,empty_stratum,0,,0,0,0,0,0,0,0,0,0,0,0,0,0
TLT,l2_base_trie_t1024_16384_lt_entry_trie,sel_5,400,1,1,43,complete,43,0.7441860465116279,4,19,4,2,0,1,0,1,2,3,6,11,13
TLT,l2_base_trie_t1024_16384_lt_entry_trie,sel_5,400,1,>=2,957,complete,957,0.9264367816091954,1,158,1,3,8,10,3,12,18,34,69,143,656
TLT,l2_base_trie_t1024_16384_lt_entry_trie,sel_5,400,2,0,0,empty_stratum,0,,0,0,0,0,0,0,0,0,0,0,0,0,0
TLT,l2_base_trie_t1024_16384_lt_entry_trie,sel_5,400,2,1,43,complete,43,0.7441860465116279,4,19,4,2,0,1,0,1,2,3,6,11,13
TLT,l2_base_trie_t1024_16384_lt_entry_trie,sel_5,400,2,>=2,957,complete,957,0.9264367816091954,1,158,1,3,8,10,3,12,18,34,69,143,656
TTL,l2_base_trie_t1024_16384_tl_entry_trie,sel_5,400,1,0,0,empty_stratum,0,,0,0,0,0,0,0,0,0,0,0,0,0,0
TTL,l2_base_trie_t1024_16384_tl_entry_trie,sel_5,400,1,1,43,complete,43,0.6558139534883721,4,28,4,1,2,0,3,3,3,6,6,8,7
TTL,l2_base_trie_t1024_16384_tl_entry_trie,sel_5,400,1,>=2,957,complete,957,0.9222570532915361,2,168,2,3,10,8,3,13,20,37,72,143,646
TTL,l2_base_trie_t1024_16384_tl_entry_trie,sel_5,400,2,0,0,empty_stratum,0,,0,0,0,0,0,0,0,0,0,0,0,0,0
TTL,l2_base_trie_t1024_16384_tl_entry_trie,sel_5,400,2,1,43,complete,43,0.6558139534883721,4,28,4,1,2,0,3,3,3,6,6,8,7
TTL,l2_base_trie_t1024_16384_tl_entry_trie,sel_5,400,2,>=2,957,complete,957,0.9222570532915361,2,168,2,3,10,8,3,13,20,37,72,143,646
TTT,l2_base_trie_t1024_16384_tt_entry_trie,sel_5,400,1,0,0,empty_stratum,0,,0,0,0,0,0,0,0,0,0,0,0,0,0
TTT,l2_base_trie_t1024_16384_tt_entry_trie,sel_5,400,1,1,43,complete,43,0.6627906976744186,4,28,4,1,2,0,3,2,3,6,7,8,7
TTT,l2_base_trie_t1024_16384_tt_entry_trie,sel_5,400,1,>=2,957,complete,957,0.9222570532915361,2,168,2,3,10,8,3,13,20,37,72,143,646
TTT,l2_base_trie_t1024_16384_tt_entry_trie,sel_5,400,2,0,0,empty_stratum,0,,0,0,0,0,0,0,0,0,0,0,0,0,0
TTT,l2_base_trie_t1024_16384_tt_entry_trie,sel_5,400,2,1,43,complete,43,0.6627906976744186,4,28,4,1,2,0,3,2,3,6,7,8,7
TTT,l2_base_trie_t1024_16384_tt_entry_trie,sel_5,400,2,>=2,957,complete,957,0.9222570532915361,2,168,2,3,10,8,3,13,20,37,72,143,646
L,l0_lng_entry_optimized_lng,sel_10,26000,1,0,0,empty_stratum,0,,0,0,0,0,0,0,0,0,0,0,0,0,0
L,l0_lng_entry_optimized_lng,sel_10,26000,1,1,0,empty_stratum,0,,0,0,0,0,0,0,0,0,0,0,0,0,0
L,l0_lng_entry_optimized_lng,sel_10,26000,1,>=2,1000,complete,1000,0.9035,15,190,15,6,9,14,21,25,27,33,40,53,757
L,l0_lng_entry_optimized_lng,sel_10,26000,2,0,0,empty_stratum,0,,0,0,0,0,0,0,0,0,0,0,0,0,0
L,l0_lng_entry_optimized_lng,sel_10,26000,2,1,0,empty_stratum,0,,0,0,0,0,0,0,0,0,0,0,0,0,0
L,l0_lng_entry_optimized_lng,sel_10,26000,2,>=2,1000,complete,1000,0.9035,15,190,15,6,9,14,21,25,27,33,40,53,757
T,l0_trie_entry_trie,sel_10,64000,1,0,0,empty_stratum,0,,0,0,0,0,0,0,0,0,0,0,0,0,0
T,l0_trie_entry_trie,sel_10,64000,1,1,0,empty_stratum,0,,0,0,0,0,0,0,0,0,0,0,0,0,0
T,l0_trie_entry_trie,sel_10,64000,1,>=2,1000,complete,1000,0.9324,7,154,7,4,1,4,12,19,23,41,43,66,780
T,l0_trie_entry_trie,sel_10,64000,2,0,0,empty_stratum,0,,0,0,0,0,0,0,0,0,0,0,0,0,0
T,l0_trie_entry_trie,sel_10,64000,2,1,0,empty_stratum,0,,0,0,0,0,0,0,0,0,0,0,0,0,0
T,l0_trie_entry_trie,sel_10,64000,2,>=2,1000,complete,1000,0.9318,7,156,7,4,1,4,13,18,23,43,43,65,779
LL,l1_t1024_lng_entry_optimized_lng,sel_10,,1,0,0,no_crossing,,,,,,,,,,,,,,,
LL,l1_t1024_lng_entry_optimized_lng,sel_10,,1,1,0,no_crossing,,,,,,,,,,,,,,,
LL,l1_t1024_lng_entry_optimized_lng,sel_10,,1,>=2,1000,no_crossing,,,,,,,,,,,,,,,
LL,l1_t1024_lng_entry_optimized_lng,sel_10,,2,0,0,no_crossing,,,,,,,,,,,,,,,
LL,l1_t1024_lng_entry_optimized_lng,sel_10,,2,1,0,no_crossing,,,,,,,,,,,,,,,
LL,l1_t1024_lng_entry_optimized_lng,sel_10,,2,>=2,1000,no_crossing,,,,,,,,,,,,,,,
LT,l1_t1024_trie_entry_optimized_lng,sel_10,,1,0,0,no_crossing,,,,,,,,,,,,,,,
LT,l1_t1024_trie_entry_optimized_lng,sel_10,,1,1,0,no_crossing,,,,,,,,,,,,,,,
LT,l1_t1024_trie_entry_optimized_lng,sel_10,,1,>=2,1000,no_crossing,,,,,,,,,,,,,,,
LT,l1_t1024_trie_entry_optimized_lng,sel_10,,2,0,0,no_crossing,,,,,,,,,,,,,,,
LT,l1_t1024_trie_entry_optimized_lng,sel_10,,2,1,0,no_crossing,,,,,,,,,,,,,,,
LT,l1_t1024_trie_entry_optimized_lng,sel_10,,2,>=2,1000,no_crossing,,,,,,,,,,,,,,,
TL,l1_base_trie_t1024_lng_entry_trie,sel_10,18000,1,0,0,empty_stratum,0,,0,0,0,0,0,0,0,0,0,0,0,0,0
TL,l1_base_trie_t1024_lng_entry_trie,sel_10,18000,1,1,0,empty_stratum,0,,0,0,0,0,0,0,0,0,0,0,0,0,0
TL,l1_base_trie_t1024_lng_entry_trie,sel_10,18000,1,>=2,1000,complete,1000,0.9225,13,143,13,5,4,16,15,16,15,30,29,78,779
TL,l1_base_trie_t1024_lng_entry_trie,sel_10,18000,2,0,0,empty_stratum,0,,0,0,0,0,0,0,0,0,0,0,0,0,0
TL,l1_base_trie_t1024_lng_entry_trie,sel_10,18000,2,1,0,empty_stratum,0,,0,0,0,0,0,0,0,0,0,0,0,0,0
TL,l1_base_trie_t1024_lng_entry_trie,sel_10,18000,2,>=2,1000,complete,1000,0.9225,13,143,13,5,4,16,15,16,15,30,29,78,779
TT,l1_base_trie_t1024_trie_entry_trie,sel_10,32000,1,0,0,empty_stratum,0,,0,0,0,0,0,0,0,0,0,0,0,0,0
TT,l1_base_trie_t1024_trie_entry_trie,sel_10,32000,1,1,0,empty_stratum,0,,0,0,0,0,0,0,0,0,0,0,0,0,0
TT,l1_base_trie_t1024_trie_entry_trie,sel_10,32000,1,>=2,1000,complete,1000,0.9381,13,122,13,3,3,9,7,16,7,28,36,69,809
TT,l1_base_trie_t1024_trie_entry_trie,sel_10,32000,2,0,0,empty_stratum,0,,0,0,0,0,0,0,0,0,0,0,0,0,0
TT,l1_base_trie_t1024_trie_entry_trie,sel_10,32000,2,1,0,empty_stratum,0,,0,0,0,0,0,0,0,0,0,0,0,0,0
TT,l1_base_trie_t1024_trie_entry_trie,sel_10,32000,2,>=2,1000,complete,1000,0.9381,13,122,13,3,3,9,7,16,7,28,36,69,809
LLL,l2_t1024_16384_ll_entry_optimized_lng,sel_10,,1,0,0,no_crossing,,,,,,,,,,,,,,,
LLL,l2_t1024_16384_ll_entry_optimized_lng,sel_10,,1,1,0,no_crossing,,,,,,,,,,,,,,,
LLL,l2_t1024_16384_ll_entry_optimized_lng,sel_10,,1,>=2,1000,no_crossing,,,,,,,,,,,,,,,
LLL,l2_t1024_16384_ll_entry_optimized_lng,sel_10,,2,0,0,no_crossing,,,,,,,,,,,,,,,
LLL,l2_t1024_16384_ll_entry_optimized_lng,sel_10,,2,1,0,no_crossing,,,,,,,,,,,,,,,
LLL,l2_t1024_16384_ll_entry_optimized_lng,sel_10,,2,>=2,1000,no_crossing,,,,,,,,,,,,,,,
LLT,l2_t1024_16384_lt_entry_optimized_lng,sel_10,,1,0,0,no_crossing,,,,,,,,,,,,,,,
LLT,l2_t1024_16384_lt_entry_optimized_lng,sel_10,,1,1,0,no_crossing,,,,,,,,,,,,,,,
LLT,l2_t1024_16384_lt_entry_optimized_lng,sel_10,,1,>=2,1000,no_crossing,,,,,,,,,,,,,,,
LLT,l2_t1024_16384_lt_entry_optimized_lng,sel_10,,2,0,0,no_crossing,,,,,,,,,,,,,,,
LLT,l2_t1024_16384_lt_entry_optimized_lng,sel_10,,2,1,0,no_crossing,,,,,,,,,,,,,,,
LLT,l2_t1024_16384_lt_entry_optimized_lng,sel_10,,2,>=2,1000,no_crossing,,,,,,,,,,,,,,,
LTL,l2_t1024_16384_tl_entry_optimized_lng,sel_10,,1,0,0,no_crossing,,,,,,,,,,,,,,,
LTL,l2_t1024_16384_tl_entry_optimized_lng,sel_10,,1,1,0,no_crossing,,,,,,,,,,,,,,,
LTL,l2_t1024_16384_tl_entry_optimized_lng,sel_10,,1,>=2,1000,no_crossing,,,,,,,,,,,,,,,
LTL,l2_t1024_16384_tl_entry_optimized_lng,sel_10,,2,0,0,no_crossing,,,,,,,,,,,,,,,
LTL,l2_t1024_16384_tl_entry_optimized_lng,sel_10,,2,1,0,no_crossing,,,,,,,,,,,,,,,
LTL,l2_t1024_16384_tl_entry_optimized_lng,sel_10,,2,>=2,1000,no_crossing,,,,,,,,,,,,,,,
LTT,l2_t1024_16384_tt_entry_optimized_lng,sel_10,,1,0,0,no_crossing,,,,,,,,,,,,,,,
LTT,l2_t1024_16384_tt_entry_optimized_lng,sel_10,,1,1,0,no_crossing,,,,,,,,,,,,,,,
LTT,l2_t1024_16384_tt_entry_optimized_lng,sel_10,,1,>=2,1000,no_crossing,,,,,,,,,,,,,,,
LTT,l2_t1024_16384_tt_entry_optimized_lng,sel_10,,2,0,0,no_crossing,,,,,,,,,,,,,,,
LTT,l2_t1024_16384_tt_entry_optimized_lng,sel_10,,2,1,0,no_crossing,,,,,,,,,,,,,,,
LTT,l2_t1024_16384_tt_entry_optimized_lng,sel_10,,2,>=2,1000,no_crossing,,,,,,,,,,,,,,,
TLL,l2_base_trie_t1024_16384_ll_entry_trie,sel_10,18000,1,0,0,empty_stratum,0,,0,0,0,0,0,0,0,0,0,0,0,0,0
TLL,l2_base_trie_t1024_16384_ll_entry_trie,sel_10,18000,1,1,0,empty_stratum,0,,0,0,0,0,0,0,0,0,0,0,0,0,0
TLL,l2_base_trie_t1024_16384_ll_entry_trie,sel_10,18000,1,>=2,1000,complete,1000,0.905,16,171,16,9,13,13,22,15,20,33,30,68,761
TLL,l2_base_trie_t1024_16384_ll_entry_trie,sel_10,18000,2,0,0,empty_stratum,0,,0,0,0,0,0,0,0,0,0,0,0,0,0
TLL,l2_base_trie_t1024_16384_ll_entry_trie,sel_10,18000,2,1,0,empty_stratum,0,,0,0,0,0,0,0,0,0,0,0,0,0,0
TLL,l2_base_trie_t1024_16384_ll_entry_trie,sel_10,18000,2,>=2,1000,complete,1000,0.905,16,171,16,9,13,13,22,15,20,33,30,68,761
TLT,l2_base_trie_t1024_16384_lt_entry_trie,sel_10,18000,1,0,0,empty_stratum,0,,0,0,0,0,0,0,0,0,0,0,0,0,0
TLT,l2_base_trie_t1024_16384_lt_entry_trie,sel_10,18000,1,1,0,empty_stratum,0,,0,0,0,0,0,0,0,0,0,0,0,0,0
TLT,l2_base_trie_t1024_16384_lt_entry_trie,sel_10,18000,1,>=2,1000,complete,1000,0.907,16,168,16,9,12,13,18,17,21,32,30,69,763
TLT,l2_base_trie_t1024_16384_lt_entry_trie,sel_10,18000,2,0,0,empty_stratum,0,,0,0,0,0,0,0,0,0,0,0,0,0,0
TLT,l2_base_trie_t1024_16384_lt_entry_trie,sel_10,18000,2,1,0,empty_stratum,0,,0,0,0,0,0,0,0,0,0,0,0,0,0
TLT,l2_base_trie_t1024_16384_lt_entry_trie,sel_10,18000,2,>=2,1000,complete,1000,0.907,16,168,16,9,12,13,18,17,21,32,30,69,763
TTL,l2_base_trie_t1024_16384_tl_entry_trie,sel_10,32000,1,0,0,empty_stratum,0,,0,0,0,0,0,0,0,0,0,0,0,0,0
TTL,l2_base_trie_t1024_16384_tl_entry_trie,sel_10,32000,1,1,0,empty_stratum,0,,0,0,0,0,0,0,0,0,0,0,0,0,0
TTL,l2_base_trie_t1024_16384_tl_entry_trie,sel_10,32000,1,>=2,1000,complete,1000,0.9136,14,172,14,7,7,12,19,19,14,38,42,58,770
TTL,l2_base_trie_t1024_16384_tl_entry_trie,sel_10,32000,2,0,0,empty_stratum,0,,0,0,0,0,0,0,0,0,0,0,0,0,0
TTL,l2_base_trie_t1024_16384_tl_entry_trie,sel_10,32000,2,1,0,empty_stratum,0,,0,0,0,0,0,0,0,0,0,0,0,0,0
TTL,l2_base_trie_t1024_16384_tl_entry_trie,sel_10,32000,2,>=2,1000,complete,1000,0.9136,14,172,14,7,7,12,19,19,14,38,42,58,770
TTT,l2_base_trie_t1024_16384_tt_entry_trie,sel_10,32000,1,0,0,empty_stratum,0,,0,0,0,0,0,0,0,0,0,0,0,0,0
TTT,l2_base_trie_t1024_16384_tt_entry_trie,sel_10,32000,1,1,0,empty_stratum,0,,0,0,0,0,0,0,0,0,0,0,0,0,0
TTT,l2_base_trie_t1024_16384_tt_entry_trie,sel_10,32000,1,>=2,1000,complete,1000,0.9133,14,171,14,7,7,16,15,18,15,38,41,60,769
TTT,l2_base_trie_t1024_16384_tt_entry_trie,sel_10,32000,2,0,0,empty_stratum,0,,0,0,0,0,0,0,0,0,0,0,0,0,0
TTT,l2_base_trie_t1024_16384_tt_entry_trie,sel_10,32000,2,1,0,empty_stratum,0,,0,0,0,0,0,0,0,0,0,0,0,0,0
TTT,l2_base_trie_t1024_16384_tt_entry_trie,sel_10,32000,2,>=2,1000,complete,1000,0.9133,14,171,14,7,7,16,15,18,15,38,41,60,769
L,l0_lng_entry_optimized_lng,sel_30,120000,1,0,0,empty_stratum,0,,0,0,0,0,0,0,0,0,0,0,0,0,0
L,l0_lng_entry_optimized_lng,sel_30,120000,1,1,70,complete,70,0.7171428571428572,0,41,0,2,2,3,5,7,9,8,5,8,21
L,l0_lng_entry_optimized_lng,sel_30,120000,1,>=2,930,complete,930,0.9251612903225807,11,129,11,9,11,12,10,14,11,26,25,31,770
L,l0_lng_entry_optimized_lng,sel_30,120000,2,0,0,empty_stratum,0,,0,0,0,0,0,0,0,0,0,0,0,0,0
L,l0_lng_entry_optimized_lng,sel_30,120000,2,1,70,complete,70,0.7185714285714285,0,41,0,2,2,3,5,7,9,8,5,7,22
L,l0_lng_entry_optimized_lng,sel_30,120000,2,>=2,930,complete,930,0.9187096774193548,10,138,10,8,18,13,13,16,9,22,29,31,761
T,l0_trie_entry_trie,sel_30,,1,0,0,no_crossing,,,,,,,,,,,,,,,
T,l0_trie_entry_trie,sel_30,,1,1,70,no_crossing,,,,,,,,,,,,,,,
T,l0_trie_entry_trie,sel_30,,1,>=2,930,no_crossing,,,,,,,,,,,,,,,
T,l0_trie_entry_trie,sel_30,,2,0,0,no_crossing,,,,,,,,,,,,,,,
T,l0_trie_entry_trie,sel_30,,2,1,70,no_crossing,,,,,,,,,,,,,,,
T,l0_trie_entry_trie,sel_30,,2,>=2,930,no_crossing,,,,,,,,,,,,,,,
LL,l1_t1024_lng_entry_optimized_lng,sel_30,,1,0,0,no_crossing,,,,,,,,,,,,,,,
LL,l1_t1024_lng_entry_optimized_lng,sel_30,,1,1,70,no_crossing,,,,,,,,,,,,,,,
LL,l1_t1024_lng_entry_optimized_lng,sel_30,,1,>=2,930,no_crossing,,,,,,,,,,,,,,,
LL,l1_t1024_lng_entry_optimized_lng,sel_30,,2,0,0,no_crossing,,,,,,,,,,,,,,,
LL,l1_t1024_lng_entry_optimized_lng,sel_30,,2,1,70,no_crossing,,,,,,,,,,,,,,,
LL,l1_t1024_lng_entry_optimized_lng,sel_30,,2,>=2,930,no_crossing,,,,,,,,,,,,,,,
LT,l1_t1024_trie_entry_optimized_lng,sel_30,,1,0,0,no_crossing,,,,,,,,,,,,,,,
LT,l1_t1024_trie_entry_optimized_lng,sel_30,,1,1,70,no_crossing,,,,,,,,,,,,,,,
LT,l1_t1024_trie_entry_optimized_lng,sel_30,,1,>=2,930,no_crossing,,,,,,,,,,,,,,,
LT,l1_t1024_trie_entry_optimized_lng,sel_30,,2,0,0,no_crossing,,,,,,,,,,,,,,,
LT,l1_t1024_trie_entry_optimized_lng,sel_30,,2,1,70,no_crossing,,,,,,,,,,,,,,,
LT,l1_t1024_trie_entry_optimized_lng,sel_30,,2,>=2,930,no_crossing,,,,,,,,,,,,,,,
TL,l1_base_trie_t1024_lng_entry_trie,sel_30,60000,1,0,0,empty_stratum,0,,0,0,0,0,0,0,0,0,0,0,0,0,0
TL,l1_base_trie_t1024_lng_entry_trie,sel_30,60000,1,1,70,complete,70,0.9428571428571428,1,6,1,0,1,1,0,1,1,0,1,4,60
TL,l1_base_trie_t1024_lng_entry_trie,sel_30,60000,1,>=2,930,complete,930,0.9025806451612903,10,179,10,7,13,17,19,26,22,22,43,36,715
TL,l1_base_trie_t1024_lng_entry_trie,sel_30,60000,2,0,0,empty_stratum,0,,0,0,0,0,0,0,0,0,0,0,0,0,0
TL,l1_base_trie_t1024_lng_entry_trie,sel_30,60000,2,1,70,complete,70,0.9428571428571428,1,6,1,0,1,1,0,1,1,0,1,4,60
TL,l1_base_trie_t1024_lng_entry_trie,sel_30,60000,2,>=2,930,complete,930,0.9025806451612903,10,179,10,7,13,17,19,26,22,22,43,36,715
TT,l1_base_trie_t1024_trie_entry_trie,sel_30,90000,1,0,0,empty_stratum,0,,0,0,0,0,0,0,0,0,0,0,0,0,0
TT,l1_base_trie_t1024_trie_entry_trie,sel_30,90000,1,1,70,complete,70,0.9414285714285714,1,6,1,0,1,1,0,2,0,0,1,4,60
TT,l1_base_trie_t1024_trie_entry_trie,sel_30,90000,1,>=2,930,complete,930,0.9070967741935484,10,165,10,6,15,14,18,23,26,20,33,39,726
TT,l1_base_trie_t1024_trie_entry_trie,sel_30,90000,2,0,0,empty_stratum,0,,0,0,0,0,0,0,0,0,0,0,0,0,0
TT,l1_base_trie_t1024_trie_entry_trie,sel_30,90000,2,1,70,complete,70,0.9414285714285714,1,6,1,0,1,1,0,2,0,0,1,4,60
TT,l1_base_trie_t1024_trie_entry_trie,sel_30,90000,2,>=2,930,complete,930,0.9070967741935484,10,165,10,6,15,14,18,23,26,20,33,39,726
LLL,l2_t1024_16384_ll_entry_optimized_lng,sel_30,,1,0,0,no_crossing,,,,,,,,,,,,,,,
LLL,l2_t1024_16384_ll_entry_optimized_lng,sel_30,,1,1,70,no_crossing,,,,,,,,,,,,,,,
LLL,l2_t1024_16384_ll_entry_optimized_lng,sel_30,,1,>=2,930,no_crossing,,,,,,,,,,,,,,,
LLL,l2_t1024_16384_ll_entry_optimized_lng,sel_30,,2,0,0,no_crossing,,,,,,,,,,,,,,,
LLL,l2_t1024_16384_ll_entry_optimized_lng,sel_30,,2,1,70,no_crossing,,,,,,,,,,,,,,,
LLL,l2_t1024_16384_ll_entry_optimized_lng,sel_30,,2,>=2,930,no_crossing,,,,,,,,,,,,,,,
LLT,l2_t1024_16384_lt_entry_optimized_lng,sel_30,,1,0,0,no_crossing,,,,,,,,,,,,,,,
LLT,l2_t1024_16384_lt_entry_optimized_lng,sel_30,,1,1,70,no_crossing,,,,,,,,,,,,,,,
LLT,l2_t1024_16384_lt_entry_optimized_lng,sel_30,,1,>=2,930,no_crossing,,,,,,,,,,,,,,,
LLT,l2_t1024_16384_lt_entry_optimized_lng,sel_30,,2,0,0,no_crossing,,,,,,,,,,,,,,,
LLT,l2_t1024_16384_lt_entry_optimized_lng,sel_30,,2,1,70,no_crossing,,,,,,,,,,,,,,,
LLT,l2_t1024_16384_lt_entry_optimized_lng,sel_30,,2,>=2,930,no_crossing,,,,,,,,,,,,,,,
LTL,l2_t1024_16384_tl_entry_optimized_lng,sel_30,,1,0,0,no_crossing,,,,,,,,,,,,,,,
LTL,l2_t1024_16384_tl_entry_optimized_lng,sel_30,,1,1,70,no_crossing,,,,,,,,,,,,,,,
LTL,l2_t1024_16384_tl_entry_optimized_lng,sel_30,,1,>=2,930,no_crossing,,,,,,,,,,,,,,,
LTL,l2_t1024_16384_tl_entry_optimized_lng,sel_30,,2,0,0,no_crossing,,,,,,,,,,,,,,,
LTL,l2_t1024_16384_tl_entry_optimized_lng,sel_30,,2,1,70,no_crossing,,,,,,,,,,,,,,,
LTL,l2_t1024_16384_tl_entry_optimized_lng,sel_30,,2,>=2,930,no_crossing,,,,,,,,,,,,,,,
LTT,l2_t1024_16384_tt_entry_optimized_lng,sel_30,,1,0,0,no_crossing,,,,,,,,,,,,,,,
LTT,l2_t1024_16384_tt_entry_optimized_lng,sel_30,,1,1,70,no_crossing,,,,,,,,,,,,,,,
LTT,l2_t1024_16384_tt_entry_optimized_lng,sel_30,,1,>=2,930,no_crossing,,,,,,,,,,,,,,,
LTT,l2_t1024_16384_tt_entry_optimized_lng,sel_30,,2,0,0,no_crossing,,,,,,,,,,,,,,,
LTT,l2_t1024_16384_tt_entry_optimized_lng,sel_30,,2,1,70,no_crossing,,,,,,,,,,,,,,,
LTT,l2_t1024_16384_tt_entry_optimized_lng,sel_30,,2,>=2,930,no_crossing,,,,,,,,,,,,,,,
TLL,l2_base_trie_t1024_16384_ll_entry_trie,sel_30,60000,1,0,0,empty_stratum,0,,0,0,0,0,0,0,0,0,0,0,0,0,0
TLL,l2_base_trie_t1024_16384_ll_entry_trie,sel_30,60000,1,1,70,complete,70,0.9457142857142857,1,5,1,0,1,1,0,1,1,0,0,4,61
TLL,l2_base_trie_t1024_16384_ll_entry_trie,sel_30,60000,1,>=2,930,complete,930,0.9058064516129032,8,170,8,8,12,15,21,24,27,24,31,35,725
TLL,l2_base_trie_t1024_16384_ll_entry_trie,sel_30,60000,2,0,0,empty_stratum,0,,0,0,0,0,0,0,0,0,0,0,0,0,0
TLL,l2_base_trie_t1024_16384_ll_entry_trie,sel_30,60000,2,1,70,complete,70,0.9457142857142857,1,5,1,0,1,1,0,1,1,0,0,4,61
TLL,l2_base_trie_t1024_16384_ll_entry_trie,sel_30,60000,2,>=2,930,complete,930,0.9058064516129032,8,170,8,8,12,15,21,24,27,24,31,35,725
TLT,l2_base_trie_t1024_16384_lt_entry_trie,sel_30,60000,1,0,0,empty_stratum,0,,0,0,0,0,0,0,0,0,0,0,0,0,0
TLT,l2_base_trie_t1024_16384_lt_entry_trie,sel_30,60000,1,1,70,complete,70,0.9457142857142857,1,5,1,0,1,1,0,1,1,0,0,4,61
TLT,l2_base_trie_t1024_16384_lt_entry_trie,sel_30,60000,1,>=2,930,complete,930,0.9053763440860215,9,171,9,6,11,18,20,24,27,25,31,37,722
TLT,l2_base_trie_t1024_16384_lt_entry_trie,sel_30,60000,2,0,0,empty_stratum,0,,0,0,0,0,0,0,0,0,0,0,0,0,0
TLT,l2_base_trie_t1024_16384_lt_entry_trie,sel_30,60000,2,1,70,complete,70,0.9457142857142857,1,5,1,0,1,1,0,1,1,0,0,4,61
TLT,l2_base_trie_t1024_16384_lt_entry_trie,sel_30,60000,2,>=2,930,complete,930,0.9053763440860215,9,171,9,6,11,18,20,24,27,25,31,37,722
TTL,l2_base_trie_t1024_16384_tl_entry_trie,sel_30,60000,1,0,0,empty_stratum,0,,0,0,0,0,0,0,0,0,0,0,0,0,0
TTL,l2_base_trie_t1024_16384_tl_entry_trie,sel_30,60000,1,1,70,complete,70,0.9471428571428572,1,5,1,0,0,2,0,1,1,0,0,4,61
TTL,l2_base_trie_t1024_16384_tl_entry_trie,sel_30,60000,1,>=2,930,complete,930,0.8989247311827957,12,176,12,9,14,17,25,16,28,25,30,31,723
TTL,l2_base_trie_t1024_16384_tl_entry_trie,sel_30,60000,2,0,0,empty_stratum,0,,0,0,0,0,0,0,0,0,0,0,0,0,0
TTL,l2_base_trie_t1024_16384_tl_entry_trie,sel_30,60000,2,1,70,complete,70,0.9471428571428572,1,5,1,0,0,2,0,1,1,0,0,4,61
TTL,l2_base_trie_t1024_16384_tl_entry_trie,sel_30,60000,2,>=2,930,complete,930,0.8989247311827957,12,176,12,9,14,17,25,16,28,25,30,31,723
TTT,l2_base_trie_t1024_16384_tt_entry_trie,sel_30,60000,1,0,0,empty_stratum,0,,0,0,0,0,0,0,0,0,0,0,0,0,0
TTT,l2_base_trie_t1024_16384_tt_entry_trie,sel_30,60000,1,1,70,complete,70,0.9457142857142857,1,5,1,0,1,1,0,1,1,0,0,4,61
TTT,l2_base_trie_t1024_16384_tt_entry_trie,sel_30,60000,1,>=2,930,complete,930,0.8980645161290323,12,180,12,9,15,16,23,17,31,25,32,29,721
TTT,l2_base_trie_t1024_16384_tt_entry_trie,sel_30,60000,2,0,0,empty_stratum,0,,0,0,0,0,0,0,0,0,0,0,0,0,0
TTT,l2_base_trie_t1024_16384_tt_entry_trie,sel_30,60000,2,1,70,complete,70,0.9457142857142857,1,5,1,0,1,1,0,1,1,0,0,4,61
TTT,l2_base_trie_t1024_16384_tt_entry_trie,sel_30,60000,2,>=2,930,complete,930,0.8980645161290323,12,180,12,9,15,16,23,17,31,25,32,29,721
L,l0_lng_entry_optimized_lng,sel_60,260000,1,0,0,empty_stratum,0,,0,0,0,0,0,0,0,0,0,0,0,0,0
L,l0_lng_entry_optimized_lng,sel_60,260000,1,1,1000,complete,1000,0.9283,12,156,12,3,2,4,10,10,33,28,54,92,752
L,l0_lng_entry_optimized_lng,sel_60,260000,1,>=2,0,empty_stratum,0,,0,0,0,0,0,0,0,0,0,0,0,0,0
L,l0_lng_entry_optimized_lng,sel_60,260000,2,0,0,empty_stratum,0,,0,0,0,0,0,0,0,0,0,0,0,0,0
L,l0_lng_entry_optimized_lng,sel_60,260000,2,1,1000,complete,1000,0.9295,11,155,11,3,2,3,10,14,30,27,55,90,755
L,l0_lng_entry_optimized_lng,sel_60,260000,2,>=2,0,empty_stratum,0,,0,0,0,0,0,0,0,0,0,0,0,0,0
T,l0_trie_entry_trie,sel_60,320000,1,0,0,empty_stratum,0,,0,0,0,0,0,0,0,0,0,0,0,0,0
T,l0_trie_entry_trie,sel_60,320000,1,1,1000,complete,1000,0.9143,13,199,13,2,2,5,7,20,29,43,78,115,686
T,l0_trie_entry_trie,sel_60,320000,1,>=2,0,empty_stratum,0,,0,0,0,0,0,0,0,0,0,0,0,0,0
T,l0_trie_entry_trie,sel_60,320000,2,0,0,empty_stratum,0,,0,0,0,0,0,0,0,0,0,0,0,0,0
T,l0_trie_entry_trie,sel_60,320000,2,1,1000,complete,1000,0.9125,13,202,13,2,3,5,9,21,28,44,77,111,687
T,l0_trie_entry_trie,sel_60,320000,2,>=2,0,empty_stratum,0,,0,0,0,0,0,0,0,0,0,0,0,0,0
LL,l1_t1024_lng_entry_optimized_lng,sel_60,5000,1,0,0,empty_stratum,0,,0,0,0,0,0,0,0,0,0,0,0,0,0
LL,l1_t1024_lng_entry_optimized_lng,sel_60,5000,1,1,1000,complete,1000,0.9228,20,129,20,8,4,10,12,9,16,21,29,96,775
LL,l1_t1024_lng_entry_optimized_lng,sel_60,5000,1,>=2,0,empty_stratum,0,,0,0,0,0,0,0,0,0,0,0,0,0,0
LL,l1_t1024_lng_entry_optimized_lng,sel_60,5000,2,0,0,empty_stratum,0,,0,0,0,0,0,0,0,0,0,0,0,0,0
LL,l1_t1024_lng_entry_optimized_lng,sel_60,5000,2,1,1000,complete,1000,0.9228,20,129,20,8,4,10,12,9,16,21,29,96,775
LL,l1_t1024_lng_entry_optimized_lng,sel_60,5000,2,>=2,0,empty_stratum,0,,0,0,0,0,0,0,0,0,0,0,0,0,0
LT,l1_t1024_trie_entry_optimized_lng,sel_60,5000,1,0,0,empty_stratum,0,,0,0,0,0,0,0,0,0,0,0,0,0,0
LT,l1_t1024_trie_entry_optimized_lng,sel_60,5000,1,1,1000,complete,1000,0.9141,23,147,23,10,3,12,11,11,19,21,37,97,756
LT,l1_t1024_trie_entry_optimized_lng,sel_60,5000,1,>=2,0,empty_stratum,0,,0,0,0,0,0,0,0,0,0,0,0,0,0
LT,l1_t1024_trie_entry_optimized_lng,sel_60,5000,2,0,0,empty_stratum,0,,0,0,0,0,0,0,0,0,0,0,0,0,0
LT,l1_t1024_trie_entry_optimized_lng,sel_60,5000,2,1,1000,complete,1000,0.9141,23,147,23,10,3,12,11,11,19,21,37,97,756
LT,l1_t1024_trie_entry_optimized_lng,sel_60,5000,2,>=2,0,empty_stratum,0,,0,0,0,0,0,0,0,0,0,0,0,0,0
TL,l1_base_trie_t1024_lng_entry_trie,sel_60,1000,1,0,0,empty_stratum,0,,0,0,0,0,0,0,0,0,0,0,0,0,0
TL,l1_base_trie_t1024_lng_entry_trie,sel_60,1000,1,1,1000,complete,1000,0.9011,32,153,32,16,2,10,10,9,13,19,42,141,706
TL,l1_base_trie_t1024_lng_entry_trie,sel_60,1000,1,>=2,0,empty_stratum,0,,0,0,0,0,0,0,0,0,0,0,0,0,0
TL,l1_base_trie_t1024_lng_entry_trie,sel_60,1000,2,0,0,empty_stratum,0,,0,0,0,0,0,0,0,0,0,0,0,0,0
TL,l1_base_trie_t1024_lng_entry_trie,sel_60,1000,2,1,1000,complete,1000,0.9011,32,153,32,16,2,10,10,9,13,19,42,141,706
TL,l1_base_trie_t1024_lng_entry_trie,sel_60,1000,2,>=2,0,empty_stratum,0,,0,0,0,0,0,0,0,0,0,0,0,0,0
TT,l1_base_trie_t1024_trie_entry_trie,sel_60,2500,1,0,0,empty_stratum,0,,0,0,0,0,0,0,0,0,0,0,0,0,0
TT,l1_base_trie_t1024_trie_entry_trie,sel_60,2500,1,1,1000,complete,1000,0.9094,29,134,29,13,4,9,13,7,12,16,31,133,733
TT,l1_base_trie_t1024_trie_entry_trie,sel_60,2500,1,>=2,0,empty_stratum,0,,0,0,0,0,0,0,0,0,0,0,0,0,0
TT,l1_base_trie_t1024_trie_entry_trie,sel_60,2500,2,0,0,empty_stratum,0,,0,0,0,0,0,0,0,0,0,0,0,0,0
TT,l1_base_trie_t1024_trie_entry_trie,sel_60,2500,2,1,1000,complete,1000,0.9094,29,134,29,13,4,9,13,7,12,16,31,133,733
TT,l1_base_trie_t1024_trie_entry_trie,sel_60,2500,2,>=2,0,empty_stratum,0,,0,0,0,0,0,0,0,0,0,0,0,0,0
LLL,l2_t1024_16384_ll_entry_optimized_lng,sel_60,5000,1,0,0,empty_stratum,0,,0,0,0,0,0,0,0,0,0,0,0,0,0
LLL,l2_t1024_16384_ll_entry_optimized_lng,sel_60,5000,1,1,1000,complete,1000,0.9222,20,129,20,10,4,9,12,8,17,21,28,94,777
LLL,l2_t1024_16384_ll_entry_optimized_lng,sel_60,5000,1,>=2,0,empty_stratum,0,,0,0,0,0,0,0,0,0,0,0,0,0,0
LLL,l2_t1024_16384_ll_entry_optimized_lng,sel_60,5000,2,0,0,empty_stratum,0,,0,0,0,0,0,0,0,0,0,0,0,0,0
LLL,l2_t1024_16384_ll_entry_optimized_lng,sel_60,5000,2,1,1000,complete,1000,0.9222,20,129,20,10,4,9,12,8,17,21,28,94,777
LLL,l2_t1024_16384_ll_entry_optimized_lng,sel_60,5000,2,>=2,0,empty_stratum,0,,0,0,0,0,0,0,0,0,0,0,0,0,0
LLT,l2_t1024_16384_lt_entry_optimized_lng,sel_60,5000,1,0,0,empty_stratum,0,,0,0,0,0,0,0,0,0,0,0,0,0,0
LLT,l2_t1024_16384_lt_entry_optimized_lng,sel_60,5000,1,1,1000,complete,1000,0.9219,20,130,20,10,4,9,12,9,16,21,29,94,776
LLT,l2_t1024_16384_lt_entry_optimized_lng,sel_60,5000,1,>=2,0,empty_stratum,0,,0,0,0,0,0,0,0,0,0,0,0,0,0
LLT,l2_t1024_16384_lt_entry_optimized_lng,sel_60,5000,2,0,0,empty_stratum,0,,0,0,0,0,0,0,0,0,0,0,0,0,0
LLT,l2_t1024_16384_lt_entry_optimized_lng,sel_60,5000,2,1,1000,complete,1000,0.9219,20,130,20,10,4,9,12,9,16,21,29,94,776
LLT,l2_t1024_16384_lt_entry_optimized_lng,sel_60,5000,2,>=2,0,empty_stratum,0,,0,0,0,0,0,0,0,0,0,0,0,0,0
LTL,l2_t1024_16384_tl_entry_optimized_lng,sel_60,5000,1,0,0,empty_stratum,0,,0,0,0,0,0,0,0,0,0,0,0,0,0
LTL,l2_t1024_16384_tl_entry_optimized_lng,sel_60,5000,1,1,1000,complete,1000,0.9146,22,146,22,12,3,10,12,9,20,22,36,97,757
LTL,l2_t1024_16384_tl_entry_optimized_lng,sel_60,5000,1,>=2,0,empty_stratum,0,,0,0,0,0,0,0,0,0,0,0,0,0,0
LTL,l2_t1024_16384_tl_entry_optimized_lng,sel_60,5000,2,0,0,empty_stratum,0,,0,0,0,0,0,0,0,0,0,0,0,0,0
LTL,l2_t1024_16384_tl_entry_optimized_lng,sel_60,5000,2,1,1000,complete,1000,0.9146,22,146,22,12,3,10,12,9,20,22,36,97,757
LTL,l2_t1024_16384_tl_entry_optimized_lng,sel_60,5000,2,>=2,0,empty_stratum,0,,0,0,0,0,0,0,0,0,0,0,0,0,0
LTT,l2_t1024_16384_tt_entry_optimized_lng,sel_60,5000,1,0,0,empty_stratum,0,,0,0,0,0,0,0,0,0,0,0,0,0,0
LTT,l2_t1024_16384_tt_entry_optimized_lng,sel_60,5000,1,1,1000,complete,1000,0.9142,22,147,22,12,3,10,12,10,20,22,36,96,757
LTT,l2_t1024_16384_tt_entry_optimized_lng,sel_60,5000,1,>=2,0,empty_stratum,0,,0,0,0,0,0,0,0,0,0,0,0,0,0
LTT,l2_t1024_16384_tt_entry_optimized_lng,sel_60,5000,2,0,0,empty_stratum,0,,0,0,0,0,0,0,0,0,0,0,0,0,0
LTT,l2_t1024_16384_tt_entry_optimized_lng,sel_60,5000,2,1,1000,complete,1000,0.9142,22,147,22,12,3,10,12,10,20,22,36,96,757
LTT,l2_t1024_16384_tt_entry_optimized_lng,sel_60,5000,2,>=2,0,empty_stratum,0,,0,0,0,0,0,0,0,0,0,0,0,0,0
TLL,l2_base_trie_t1024_16384_ll_entry_trie,sel_60,1000,1,0,0,empty_stratum,0,,0,0,0,0,0,0,0,0,0,0,0,0,0
TLL,l2_base_trie_t1024_16384_ll_entry_trie,sel_60,1000,1,1,1000,complete,1000,0.9043,30,150,30,15,2,9,12,7,13,22,40,138,712
TLL,l2_base_trie_t1024_16384_ll_entry_trie,sel_60,1000,1,>=2,0,empty_stratum,0,,0,0,0,0,0,0,0,0,0,0,0,0,0
TLL,l2_base_trie_t1024_16384_ll_entry_trie,sel_60,1000,2,0,0,empty_stratum,0,,0,0,0,0,0,0,0,0,0,0,0,0,0
TLL,l2_base_trie_t1024_16384_ll_entry_trie,sel_60,1000,2,1,1000,complete,1000,0.9043,30,150,30,15,2,9,12,7,13,22,40,138,712
TLL,l2_base_trie_t1024_16384_ll_entry_trie,sel_60,1000,2,>=2,0,empty_stratum,0,,0,0,0,0,0,0,0,0,0,0,0,0,0
TLT,l2_base_trie_t1024_16384_lt_entry_trie,sel_60,1000,1,0,0,empty_stratum,0,,0,0,0,0,0,0,0,0,0,0,0,0,0
TLT,l2_base_trie_t1024_16384_lt_entry_trie,sel_60,1000,1,1,1000,complete,1000,0.9023,31,150,31,14,3,10,13,8,12,20,39,143,707
TLT,l2_base_trie_t1024_16384_lt_entry_trie,sel_60,1000,1,>=2,0,empty_stratum,0,,0,0,0,0,0,0,0,0,0,0,0,0,0
TLT,l2_base_trie_t1024_16384_lt_entry_trie,sel_60,1000,2,0,0,empty_stratum,0,,0,0,0,0,0,0,0,0,0,0,0,0,0
TLT,l2_base_trie_t1024_16384_lt_entry_trie,sel_60,1000,2,1,1000,complete,1000,0.9023,31,150,31,14,3,10,13,8,12,20,39,143,707
TLT,l2_base_trie_t1024_16384_lt_entry_trie,sel_60,1000,2,>=2,0,empty_stratum,0,,0,0,0,0,0,0,0,0,0,0,0,0,0
TTL,l2_base_trie_t1024_16384_tl_entry_trie,sel_60,2500,1,0,0,empty_stratum,0,,0,0,0,0,0,0,0,0,0,0,0,0,0
TTL,l2_base_trie_t1024_16384_tl_entry_trie,sel_60,2500,1,1,1000,complete,1000,0.912,26,133,26,13,6,8,12,7,11,19,31,129,738
TTL,l2_base_trie_t1024_16384_tl_entry_trie,sel_60,2500,1,>=2,0,empty_stratum,0,,0,0,0,0,0,0,0,0,0,0,0,0,0
TTL,l2_base_trie_t1024_16384_tl_entry_trie,sel_60,2500,2,0,0,empty_stratum,0,,0,0,0,0,0,0,0,0,0,0,0,0,0
TTL,l2_base_trie_t1024_16384_tl_entry_trie,sel_60,2500,2,1,1000,complete,1000,0.912,26,133,26,13,6,8,12,7,11,19,31,129,738
TTL,l2_base_trie_t1024_16384_tl_entry_trie,sel_60,2500,2,>=2,0,empty_stratum,0,,0,0,0,0,0,0,0,0,0,0,0,0,0
TTT,l2_base_trie_t1024_16384_tt_entry_trie,sel_60,2500,1,0,0,empty_stratum,0,,0,0,0,0,0,0,0,0,0,0,0,0,0
TTT,l2_base_trie_t1024_16384_tt_entry_trie,sel_60,2500,1,1,1000,complete,1000,0.9093,28,134,28,13,7,7,13,7,12,17,30,133,733
TTT,l2_base_trie_t1024_16384_tt_entry_trie,sel_60,2500,1,>=2,0,empty_stratum,0,,0,0,0,0,0,0,0,0,0,0,0,0,0
TTT,l2_base_trie_t1024_16384_tt_entry_trie,sel_60,2500,2,0,0,empty_stratum,0,,0,0,0,0,0,0,0,0,0,0,0,0,0
TTT,l2_base_trie_t1024_16384_tt_entry_trie,sel_60,2500,2,1,1000,complete,1000,0.9093,28,134,28,13,7,7,13,7,12,17,30,133,733
TTT,l2_base_trie_t1024_16384_tt_entry_trie,sel_60,2500,2,>=2,0,empty_stratum,0,,0,0,0,0,0,0,0,0,0,0,0,0,0
L,l0_lng_entry_optimized_lng,sel_80,320000,1,0,0,empty_stratum,0,,0,0,0,0,0,0,0,0,0,0,0,0,0
L,l0_lng_entry_optimized_lng,sel_80,320000,1,1,1000,complete,1000,0.9257,12,152,12,9,2,5,11,15,23,27,48,81,767
L,l0_lng_entry_optimized_lng,sel_80,320000,1,>=2,0,empty_stratum,0,,0,0,0,0,0,0,0,0,0,0,0,0,0
L,l0_lng_entry_optimized_lng,sel_80,320000,2,0,0,empty_stratum,0,,0,0,0,0,0,0,0,0,0,0,0,0,0
L,l0_lng_entry_optimized_lng,sel_80,320000,2,1,1000,complete,1000,0.9271,12,151,12,9,2,5,12,12,23,27,49,74,775
L,l0_lng_entry_optimized_lng,sel_80,320000,2,>=2,0,empty_stratum,0,,0,0,0,0,0,0,0,0,0,0,0,0,0
T,l0_trie_entry_trie,sel_80,602453,1,0,0,empty_stratum,0,,0,0,0,0,0,0,0,0,0,0,0,0,0
T,l0_trie_entry_trie,sel_80,602453,1,1,1000,complete,1000,0.9699,10,48,10,8,1,2,4,3,10,4,6,4,948
T,l0_trie_entry_trie,sel_80,602453,1,>=2,0,empty_stratum,0,,0,0,0,0,0,0,0,0,0,0,0,0,0
T,l0_trie_entry_trie,sel_80,602453,2,0,0,empty_stratum,0,,0,0,0,0,0,0,0,0,0,0,0,0,0
T,l0_trie_entry_trie,sel_80,602453,2,1,1000,complete,1000,0.9699,10,48,10,8,1,2,4,3,10,4,6,4,948
T,l0_trie_entry_trie,sel_80,602453,2,>=2,0,empty_stratum,0,,0,0,0,0,0,0,0,0,0,0,0,0,0
LL,l1_t1024_lng_entry_optimized_lng,sel_80,10000,1,0,0,empty_stratum,0,,0,0,0,0,0,0,0,0,0,0,0,0,0
LL,l1_t1024_lng_entry_optimized_lng,sel_80,10000,1,1,1000,complete,1000,0.9231,20,129,20,19,2,10,5,6,7,27,33,77,794
LL,l1_t1024_lng_entry_optimized_lng,sel_80,10000,1,>=2,0,empty_stratum,0,,0,0,0,0,0,0,0,0,0,0,0,0,0
LL,l1_t1024_lng_entry_optimized_lng,sel_80,10000,2,0,0,empty_stratum,0,,0,0,0,0,0,0,0,0,0,0,0,0,0
LL,l1_t1024_lng_entry_optimized_lng,sel_80,10000,2,1,1000,complete,1000,0.9231,20,129,20,19,2,10,5,6,7,27,33,77,794
LL,l1_t1024_lng_entry_optimized_lng,sel_80,10000,2,>=2,0,empty_stratum,0,,0,0,0,0,0,0,0,0,0,0,0,0,0
LT,l1_t1024_trie_entry_optimized_lng,sel_80,10000,1,0,0,empty_stratum,0,,0,0,0,0,0,0,0,0,0,0,0,0,0
LT,l1_t1024_trie_entry_optimized_lng,sel_80,10000,1,1,1000,complete,1000,0.918,21,135,21,22,2,9,6,6,10,24,35,85,780
LT,l1_t1024_trie_entry_optimized_lng,sel_80,10000,1,>=2,0,empty_stratum,0,,0,0,0,0,0,0,0,0,0,0,0,0,0
LT,l1_t1024_trie_entry_optimized_lng,sel_80,10000,2,0,0,empty_stratum,0,,0,0,0,0,0,0,0,0,0,0,0,0,0
LT,l1_t1024_trie_entry_optimized_lng,sel_80,10000,2,1,1000,complete,1000,0.918,21,135,21,22,2,9,6,6,10,24,35,85,780
LT,l1_t1024_trie_entry_optimized_lng,sel_80,10000,2,>=2,0,empty_stratum,0,,0,0,0,0,0,0,0,0,0,0,0,0,0
TL,l1_base_trie_t1024_lng_entry_trie,sel_80,2500,1,0,0,empty_stratum,0,,0,0,0,0,0,0,0,0,0,0,0,0,0
TL,l1_base_trie_t1024_lng_entry_trie,sel_80,2500,1,1,1000,complete,1000,0.9167,27,134,27,17,3,5,5,5,9,25,38,109,757
TL,l1_base_trie_t1024_lng_entry_trie,sel_80,2500,1,>=2,0,empty_stratum,0,,0,0,0,0,0,0,0,0,0,0,0,0,0
TL,l1_base_trie_t1024_lng_entry_trie,sel_80,2500,2,0,0,empty_stratum,0,,0,0,0,0,0,0,0,0,0,0,0,0,0
TL,l1_base_trie_t1024_lng_entry_trie,sel_80,2500,2,1,1000,complete,1000,0.9167,27,134,27,17,3,5,5,5,9,25,38,109,757
TL,l1_base_trie_t1024_lng_entry_trie,sel_80,2500,2,>=2,0,empty_stratum,0,,0,0,0,0,0,0,0,0,0,0,0,0,0
TT,l1_base_trie_t1024_trie_entry_trie,sel_80,5000,1,0,0,empty_stratum,0,,0,0,0,0,0,0,0,0,0,0,0,0,0
TT,l1_base_trie_t1024_trie_entry_trie,sel_80,5000,1,1,1000,complete,1000,0.9171,25,138,25,18,4,8,4,7,10,18,44,88,774
TT,l1_base_trie_t1024_trie_entry_trie,sel_80,5000,1,>=2,0,empty_stratum,0,,0,0,0,0,0,0,0,0,0,0,0,0,0
TT,l1_base_trie_t1024_trie_entry_trie,sel_80,5000,2,0,0,empty_stratum,0,,0,0,0,0,0,0,0,0,0,0,0,0,0
TT,l1_base_trie_t1024_trie_entry_trie,sel_80,5000,2,1,1000,complete,1000,0.9171,25,138,25,18,4,8,4,7,10,18,44,88,774
TT,l1_base_trie_t1024_trie_entry_trie,sel_80,5000,2,>=2,0,empty_stratum,0,,0,0,0,0,0,0,0,0,0,0,0,0,0
LLL,l2_t1024_16384_ll_entry_optimized_lng,sel_80,10000,1,0,0,empty_stratum,0,,0,0,0,0,0,0,0,0,0,0,0,0,0
LLL,l2_t1024_16384_ll_entry_optimized_lng,sel_80,10000,1,1,1000,complete,1000,0.9238,20,127,20,20,3,10,4,5,6,23,36,74,799
LLL,l2_t1024_16384_ll_entry_optimized_lng,sel_80,10000,1,>=2,0,empty_stratum,0,,0,0,0,0,0,0,0,0,0,0,0,0,0
LLL,l2_t1024_16384_ll_entry_optimized_lng,sel_80,10000,2,0,0,empty_stratum,0,,0,0,0,0,0,0,0,0,0,0,0,0,0
LLL,l2_t1024_16384_ll_entry_optimized_lng,sel_80,10000,2,1,1000,complete,1000,0.9238,20,127,20,20,3,10,4,5,6,23,36,74,799
LLL,l2_t1024_16384_ll_entry_optimized_lng,sel_80,10000,2,>=2,0,empty_stratum,0,,0,0,0,0,0,0,0,0,0,0,0,0,0
LLT,l2_t1024_16384_lt_entry_optimized_lng,sel_80,5000,1,0,0,empty_stratum,0,,0,0,0,0,0,0,0,0,0,0,0,0,0
LLT,l2_t1024_16384_lt_entry_optimized_lng,sel_80,5000,1,1,1000,complete,1000,0.9004,27,171,27,17,5,9,13,15,10,35,40,92,737
LLT,l2_t1024_16384_lt_entry_optimized_lng,sel_80,5000,1,>=2,0,empty_stratum,0,,0,0,0,0,0,0,0,0,0,0,0,0,0
LLT,l2_t1024_16384_lt_entry_optimized_lng,sel_80,5000,2,0,0,empty_stratum,0,,0,0,0,0,0,0,0,0,0,0,0,0,0
LLT,l2_t1024_16384_lt_entry_optimized_lng,sel_80,5000,2,1,1000,complete,1000,0.9004,27,171,27,17,5,9,13,15,10,35,40,92,737
LLT,l2_t1024_16384_lt_entry_optimized_lng,sel_80,5000,2,>=2,0,empty_stratum,0,,0,0,0,0,0,0,0,0,0,0,0,0,0
LTL,l2_t1024_16384_tl_entry_optimized_lng,sel_80,10000,1,0,0,empty_stratum,0,,0,0,0,0,0,0,0,0,0,0,0,0,0
LTL,l2_t1024_16384_tl_entry_optimized_lng,sel_80,10000,1,1,1000,complete,1000,0.9181,20,136,20,22,3,9,7,5,10,22,38,85,779
LTL,l2_t1024_16384_tl_entry_optimized_lng,sel_80,10000,1,>=2,0,empty_stratum,0,,0,0,0,0,0,0,0,0,0,0,0,0,0
LTL,l2_t1024_16384_tl_entry_optimized_lng,sel_80,10000,2,0,0,empty_stratum,0,,0,0,0,0,0,0,0,0,0,0,0,0,0
LTL,l2_t1024_16384_tl_entry_optimized_lng,sel_80,10000,2,1,1000,complete,1000,0.9181,20,136,20,22,3,9,7,5,10,22,38,85,779
LTL,l2_t1024_16384_tl_entry_optimized_lng,sel_80,10000,2,>=2,0,empty_stratum,0,,0,0,0,0,0,0,0,0,0,0,0,0,0
LTT,l2_t1024_16384_tt_entry_optimized_lng,sel_80,10000,1,0,0,empty_stratum,0,,0,0,0,0,0,0,0,0,0,0,0,0,0
LTT,l2_t1024_16384_tt_entry_optimized_lng,sel_80,10000,1,1,1000,complete,1000,0.9182,21,133,21,22,3,9,5,7,10,20,36,86,781
LTT,l2_t1024_16384_tt_entry_optimized_lng,sel_80,10000,1,>=2,0,empty_stratum,0,,0,0,0,0,0,0,0,0,0,0,0,0,0
LTT,l2_t1024_16384_tt_entry_optimized_lng,sel_80,10000,2,0,0,empty_stratum,0,,0,0,0,0,0,0,0,0,0,0,0,0,0
LTT,l2_t1024_16384_tt_entry_optimized_lng,sel_80,10000,2,1,1000,complete,1000,0.9182,21,133,21,22,3,9,5,7,10,20,36,86,781
LTT,l2_t1024_16384_tt_entry_optimized_lng,sel_80,10000,2,>=2,0,empty_stratum,0,,0,0,0,0,0,0,0,0,0,0,0,0,0
TLL,l2_base_trie_t1024_16384_ll_entry_trie,sel_80,2500,1,0,0,empty_stratum,0,,0,0,0,0,0,0,0,0,0,0,0,0,0
TLL,l2_base_trie_t1024_16384_ll_entry_trie,sel_80,2500,1,1,1000,complete,1000,0.9158,27,136,27,17,3,6,7,4,7,26,39,107,757
TLL,l2_base_trie_t1024_16384_ll_entry_trie,sel_80,2500,1,>=2,0,empty_stratum,0,,0,0,0,0,0,0,0,0,0,0,0,0,0
TLL,l2_base_trie_t1024_16384_ll_entry_trie,sel_80,2500,2,0,0,empty_stratum,0,,0,0,0,0,0,0,0,0,0,0,0,0,0
TLL,l2_base_trie_t1024_16384_ll_entry_trie,sel_80,2500,2,1,1000,complete,1000,0.9158,27,136,27,17,3,6,7,4,7,26,39,107,757
TLL,l2_base_trie_t1024_16384_ll_entry_trie,sel_80,2500,2,>=2,0,empty_stratum,0,,0,0,0,0,0,0,0,0,0,0,0,0,0
TLT,l2_base_trie_t1024_16384_lt_entry_trie,sel_80,2500,1,0,0,empty_stratum,0,,0,0,0,0,0,0,0,0,0,0,0,0,0
TLT,l2_base_trie_t1024_16384_lt_entry_trie,sel_80,2500,1,1,1000,complete,1000,0.916,29,135,29,15,4,5,5,5,9,24,39,107,758
TLT,l2_base_trie_t1024_16384_lt_entry_trie,sel_80,2500,1,>=2,0,empty_stratum,0,,0,0,0,0,0,0,0,0,0,0,0,0,0
TLT,l2_base_trie_t1024_16384_lt_entry_trie,sel_80,2500,2,0,0,empty_stratum,0,,0,0,0,0,0,0,0,0,0,0,0,0,0
TLT,l2_base_trie_t1024_16384_lt_entry_trie,sel_80,2500,2,1,1000,complete,1000,0.916,29,135,29,15,4,5,5,5,9,24,39,107,758
TLT,l2_base_trie_t1024_16384_lt_entry_trie,sel_80,2500,2,>=2,0,empty_stratum,0,,0,0,0,0,0,0,0,0,0,0,0,0,0
TTL,l2_base_trie_t1024_16384_tl_entry_trie,sel_80,5000,1,0,0,empty_stratum,0,,0,0,0,0,0,0,0,0,0,0,0,0,0
TTL,l2_base_trie_t1024_16384_tl_entry_trie,sel_80,5000,1,1,1000,complete,1000,0.916,26,140,26,19,3,7,5,7,10,16,47,89,771
TTL,l2_base_trie_t1024_16384_tl_entry_trie,sel_80,5000,1,>=2,0,empty_stratum,0,,0,0,0,0,0,0,0,0,0,0,0,0,0
TTL,l2_base_trie_t1024_16384_tl_entry_trie,sel_80,5000,2,0,0,empty_stratum,0,,0,0,0,0,0,0,0,0,0,0,0,0,0
TTL,l2_base_trie_t1024_16384_tl_entry_trie,sel_80,5000,2,1,1000,complete,1000,0.916,26,140,26,19,3,7,5,7,10,16,47,89,771
TTL,l2_base_trie_t1024_16384_tl_entry_trie,sel_80,5000,2,>=2,0,empty_stratum,0,,0,0,0,0,0,0,0,0,0,0,0,0,0
TTT,l2_base_trie_t1024_16384_tt_entry_trie,sel_80,5000,1,0,0,empty_stratum,0,,0,0,0,0,0,0,0,0,0,0,0,0,0
TTT,l2_base_trie_t1024_16384_tt_entry_trie,sel_80,5000,1,1,1000,complete,1000,0.9145,27,138,27,19,3,7,6,8,10,16,42,93,769
TTT,l2_base_trie_t1024_16384_tt_entry_trie,sel_80,5000,1,>=2,0,empty_stratum,0,,0,0,0,0,0,0,0,0,0,0,0,0,0
TTT,l2_base_trie_t1024_16384_tt_entry_trie,sel_80,5000,2,0,0,empty_stratum,0,,0,0,0,0,0,0,0,0,0,0,0,0,0
TTT,l2_base_trie_t1024_16384_tt_entry_trie,sel_80,5000,2,1,1000,complete,1000,0.9145,27,138,27,19,3,7,6,8,10,16,42,93,769
TTT,l2_base_trie_t1024_16384_tt_entry_trie,sel_80,5000,2,>=2,0,empty_stratum,0,,0,0,0,0,0,0,0,0,0,0,0,0,0
L,l0_lng_entry_optimized_lng,sel_95,320000,1,0,0,empty_stratum,0,,0,0,0,0,0,0,0,0,0,0,0,0,0
L,l0_lng_entry_optimized_lng,sel_95,320000,1,1,1000,complete,1000,0.9136,14,177,14,10,2,6,11,17,26,34,57,105,718
L,l0_lng_entry_optimized_lng,sel_95,320000,1,>=2,0,empty_stratum,0,,0,0,0,0,0,0,0,0,0,0,0,0,0
L,l0_lng_entry_optimized_lng,sel_95,320000,2,0,0,empty_stratum,0,,0,0,0,0,0,0,0,0,0,0,0,0,0
L,l0_lng_entry_optimized_lng,sel_95,320000,2,1,1000,complete,1000,0.9134,14,179,14,10,2,6,12,18,24,36,57,98,723
L,l0_lng_entry_optimized_lng,sel_95,320000,2,>=2,0,empty_stratum,0,,0,0,0,0,0,0,0,0,0,0,0,0,0
T,l0_trie_entry_trie,sel_95,602453,1,0,0,empty_stratum,0,,0,0,0,0,0,0,0,0,0,0,0,0,0
T,l0_trie_entry_trie,sel_95,602453,1,1,1000,complete,1000,0.9666,12,52,12,9,1,2,4,3,11,4,6,4,944
T,l0_trie_entry_trie,sel_95,602453,1,>=2,0,empty_stratum,0,,0,0,0,0,0,0,0,0,0,0,0,0,0
T,l0_trie_entry_trie,sel_95,602453,2,0,0,empty_stratum,0,,0,0,0,0,0,0,0,0,0,0,0,0,0
T,l0_trie_entry_trie,sel_95,602453,2,1,1000,complete,1000,0.9666,12,52,12,9,1,2,4,3,11,4,6,4,944
T,l0_trie_entry_trie,sel_95,602453,2,>=2,0,empty_stratum,0,,0,0,0,0,0,0,0,0,0,0,0,0,0
LL,l1_t1024_lng_entry_optimized_lng,sel_95,2500,1,0,0,empty_stratum,0,,0,0,0,0,0,0,0,0,0,0,0,0,0
LL,l1_t1024_lng_entry_optimized_lng,sel_95,2500,1,1,1000,complete,1000,0.9,32,160,32,18,4,12,9,6,7,29,43,117,723
LL,l1_t1024_lng_entry_optimized_lng,sel_95,2500,1,>=2,0,empty_stratum,0,,0,0,0,0,0,0,0,0,0,0,0,0,0
LL,l1_t1024_lng_entry_optimized_lng,sel_95,2500,2,0,0,empty_stratum,0,,0,0,0,0,0,0,0,0,0,0,0,0,0
LL,l1_t1024_lng_entry_optimized_lng,sel_95,2500,2,1,1000,complete,1000,0.9,32,160,32,18,4,12,9,6,7,29,43,117,723
LL,l1_t1024_lng_entry_optimized_lng,sel_95,2500,2,>=2,0,empty_stratum,0,,0,0,0,0,0,0,0,0,0,0,0,0,0
LT,l1_t1024_trie_entry_optimized_lng,sel_95,5000,1,0,0,empty_stratum,0,,0,0,0,0,0,0,0,0,0,0,0,0,0
LT,l1_t1024_trie_entry_optimized_lng,sel_95,5000,1,1,1000,complete,1000,0.9066,29,147,29,22,4,8,7,6,10,22,39,102,751
LT,l1_t1024_trie_entry_optimized_lng,sel_95,5000,1,>=2,0,empty_stratum,0,,0,0,0,0,0,0,0,0,0,0,0,0,0
LT,l1_t1024_trie_entry_optimized_lng,sel_95,5000,2,0,0,empty_stratum,0,,0,0,0,0,0,0,0,0,0,0,0,0,0
LT,l1_t1024_trie_entry_optimized_lng,sel_95,5000,2,1,1000,complete,1000,0.9066,29,147,29,22,4,8,7,6,10,22,39,102,751
LT,l1_t1024_trie_entry_optimized_lng,sel_95,5000,2,>=2,0,empty_stratum,0,,0,0,0,0,0,0,0,0,0,0,0,0,0
TL,l1_base_trie_t1024_lng_entry_trie,sel_95,2500,1,0,0,empty_stratum,0,,0,0,0,0,0,0,0,0,0,0,0,0,0
TL,l1_base_trie_t1024_lng_entry_trie,sel_95,2500,1,1,1000,complete,1000,0.9098,31,140,31,19,3,5,6,5,9,25,37,116,744
TL,l1_base_trie_t1024_lng_entry_trie,sel_95,2500,1,>=2,0,empty_stratum,0,,0,0,0,0,0,0,0,0,0,0,0,0,0
TL,l1_base_trie_t1024_lng_entry_trie,sel_95,2500,2,0,0,empty_stratum,0,,0,0,0,0,0,0,0,0,0,0,0,0,0
TL,l1_base_trie_t1024_lng_entry_trie,sel_95,2500,2,1,1000,complete,1000,0.9098,31,140,31,19,3,5,6,5,9,25,37,116,744
TL,l1_base_trie_t1024_lng_entry_trie,sel_95,2500,2,>=2,0,empty_stratum,0,,0,0,0,0,0,0,0,0,0,0,0,0,0
TT,l1_base_trie_t1024_trie_entry_trie,sel_95,5000,1,0,0,empty_stratum,0,,0,0,0,0,0,0,0,0,0,0,0,0,0
TT,l1_base_trie_t1024_trie_entry_trie,sel_95,5000,1,1,1000,complete,1000,0.9103,29,140,29,21,3,8,5,7,10,20,37,99,761
TT,l1_base_trie_t1024_trie_entry_trie,sel_95,5000,1,>=2,0,empty_stratum,0,,0,0,0,0,0,0,0,0,0,0,0,0,0
TT,l1_base_trie_t1024_trie_entry_trie,sel_95,5000,2,0,0,empty_stratum,0,,0,0,0,0,0,0,0,0,0,0,0,0,0
TT,l1_base_trie_t1024_trie_entry_trie,sel_95,5000,2,1,1000,complete,1000,0.9103,29,140,29,21,3,8,5,7,10,20,37,99,761
TT,l1_base_trie_t1024_trie_entry_trie,sel_95,5000,2,>=2,0,empty_stratum,0,,0,0,0,0,0,0,0,0,0,0,0,0,0
LLL,l2_t1024_16384_ll_entry_optimized_lng,sel_95,2500,1,0,0,empty_stratum,0,,0,0,0,0,0,0,0,0,0,0,0,0,0
LLL,l2_t1024_16384_ll_entry_optimized_lng,sel_95,2500,1,1,1000,complete,1000,0.9004,28,158,28,25,4,9,6,8,7,30,41,120,722
LLL,l2_t1024_16384_ll_entry_optimized_lng,sel_95,2500,1,>=2,0,empty_stratum,0,,0,0,0,0,0,0,0,0,0,0,0,0,0
LLL,l2_t1024_16384_ll_entry_optimized_lng,sel_95,2500,2,0,0,empty_stratum,0,,0,0,0,0,0,0,0,0,0,0,0,0,0
LLL,l2_t1024_16384_ll_entry_optimized_lng,sel_95,2500,2,1,1000,complete,1000,0.9004,28,158,28,25,4,9,6,8,7,30,41,120,722
LLL,l2_t1024_16384_ll_entry_optimized_lng,sel_95,2500,2,>=2,0,empty_stratum,0,,0,0,0,0,0,0,0,0,0,0,0,0,0
LLT,l2_t1024_16384_lt_entry_optimized_lng,sel_95,2500,1,0,0,empty_stratum,0,,0,0,0,0,0,0,0,0,0,0,0,0,0
LLT,l2_t1024_16384_lt_entry_optimized_lng,sel_95,2500,1,1,1000,complete,1000,0.9006,31,157,31,20,4,12,8,5,7,29,41,118,725
LLT,l2_t1024_16384_lt_entry_optimized_lng,sel_95,2500,1,>=2,0,empty_stratum,0,,0,0,0,0,0,0,0,0,0,0,0,0,0
LLT,l2_t1024_16384_lt_entry_optimized_lng,sel_95,2500,2,0,0,empty_stratum,0,,0,0,0,0,0,0,0,0,0,0,0,0,0
LLT,l2_t1024_16384_lt_entry_optimized_lng,sel_95,2500,2,1,1000,complete,1000,0.9006,31,157,31,20,4,12,8,5,7,29,41,118,725
LLT,l2_t1024_16384_lt_entry_optimized_lng,sel_95,2500,2,>=2,0,empty_stratum,0,,0,0,0,0,0,0,0,0,0,0,0,0,0
LTL,l2_t1024_16384_tl_entry_optimized_lng,sel_95,5000,1,0,0,empty_stratum,0,,0,0,0,0,0,0,0,0,0,0,0,0,0
LTL,l2_t1024_16384_tl_entry_optimized_lng,sel_95,5000,1,1,1000,complete,1000,0.9057,30,147,30,22,5,6,7,7,10,22,38,104,749
LTL,l2_t1024_16384_tl_entry_optimized_lng,sel_95,5000,1,>=2,0,empty_stratum,0,,0,0,0,0,0,0,0,0,0,0,0,0,0
LTL,l2_t1024_16384_tl_entry_optimized_lng,sel_95,5000,2,0,0,empty_stratum,0,,0,0,0,0,0,0,0,0,0,0,0,0,0
LTL,l2_t1024_16384_tl_entry_optimized_lng,sel_95,5000,2,1,1000,complete,1000,0.9057,30,147,30,22,5,6,7,7,10,22,38,104,749
LTL,l2_t1024_16384_tl_entry_optimized_lng,sel_95,5000,2,>=2,0,empty_stratum,0,,0,0,0,0,0,0,0,0,0,0,0,0,0
LTT,l2_t1024_16384_tt_entry_optimized_lng,sel_95,5000,1,0,0,empty_stratum,0,,0,0,0,0,0,0,0,0,0,0,0,0,0
LTT,l2_t1024_16384_tt_entry_optimized_lng,sel_95,5000,1,1,1000,complete,1000,0.9049,31,149,31,22,4,7,6,8,13,20,38,98,753
LTT,l2_t1024_16384_tt_entry_optimized_lng,sel_95,5000,1,>=2,0,empty_stratum,0,,0,0,0,0,0,0,0,0,0,0,0,0,0
LTT,l2_t1024_16384_tt_entry_optimized_lng,sel_95,5000,2,0,0,empty_stratum,0,,0,0,0,0,0,0,0,0,0,0,0,0,0
LTT,l2_t1024_16384_tt_entry_optimized_lng,sel_95,5000,2,1,1000,complete,1000,0.9049,31,149,31,22,4,7,6,8,13,20,38,98,753
LTT,l2_t1024_16384_tt_entry_optimized_lng,sel_95,5000,2,>=2,0,empty_stratum,0,,0,0,0,0,0,0,0,0,0,0,0,0,0
TLL,l2_base_trie_t1024_16384_ll_entry_trie,sel_95,2500,1,0,0,empty_stratum,0,,0,0,0,0,0,0,0,0,0,0,0,0,0
TLL,l2_base_trie_t1024_16384_ll_entry_trie,sel_95,2500,1,1,1000,complete,1000,0.9088,31,143,31,20,2,6,8,4,6,28,38,112,745
TLL,l2_base_trie_t1024_16384_ll_entry_trie,sel_95,2500,1,>=2,0,empty_stratum,0,,0,0,0,0,0,0,0,0,0,0,0,0,0
TLL,l2_base_trie_t1024_16384_ll_entry_trie,sel_95,2500,2,0,0,empty_stratum,0,,0,0,0,0,0,0,0,0,0,0,0,0,0
TLL,l2_base_trie_t1024_16384_ll_entry_trie,sel_95,2500,2,1,1000,complete,1000,0.9088,31,143,31,20,2,6,8,4,6,28,38,112,745
TLL,l2_base_trie_t1024_16384_ll_entry_trie,sel_95,2500,2,>=2,0,empty_stratum,0,,0,0,0,0,0,0,0,0,0,0,0,0,0
TLT,l2_base_trie_t1024_16384_lt_entry_trie,sel_95,2500,1,0,0,empty_stratum,0,,0,0,0,0,0,0,0,0,0,0,0,0,0
TLT,l2_base_trie_t1024_16384_lt_entry_trie,sel_95,2500,1,1,1000,complete,1000,0.9091,33,142,33,17,4,5,6,5,8,26,38,112,746
TLT,l2_base_trie_t1024_16384_lt_entry_trie,sel_95,2500,1,>=2,0,empty_stratum,0,,0,0,0,0,0,0,0,0,0,0,0,0,0
TLT,l2_base_trie_t1024_16384_lt_entry_trie,sel_95,2500,2,0,0,empty_stratum,0,,0,0,0,0,0,0,0,0,0,0,0,0,0
TLT,l2_base_trie_t1024_16384_lt_entry_trie,sel_95,2500,2,1,1000,complete,1000,0.9091,33,142,33,17,4,5,6,5,8,26,38,112,746
TLT,l2_base_trie_t1024_16384_lt_entry_trie,sel_95,2500,2,>=2,0,empty_stratum,0,,0,0,0,0,0,0,0,0,0,0,0,0,0
TTL,l2_base_trie_t1024_16384_tl_entry_trie,sel_95,5000,1,0,0,empty_stratum,0,,0,0,0,0,0,0,0,0,0,0,0,0,0
TTL,l2_base_trie_t1024_16384_tl_entry_trie,sel_95,5000,1,1,1000,complete,1000,0.909,30,145,30,21,3,7,6,7,10,19,42,96,759
TTL,l2_base_trie_t1024_16384_tl_entry_trie,sel_95,5000,1,>=2,0,empty_stratum,0,,0,0,0,0,0,0,0,0,0,0,0,0,0
TTL,l2_base_trie_t1024_16384_tl_entry_trie,sel_95,5000,2,0,0,empty_stratum,0,,0,0,0,0,0,0,0,0,0,0,0,0,0
TTL,l2_base_trie_t1024_16384_tl_entry_trie,sel_95,5000,2,1,1000,complete,1000,0.909,30,145,30,21,3,7,6,7,10,19,42,96,759
TTL,l2_base_trie_t1024_16384_tl_entry_trie,sel_95,5000,2,>=2,0,empty_stratum,0,,0,0,0,0,0,0,0,0,0,0,0,0,0
TTT,l2_base_trie_t1024_16384_tt_entry_trie,sel_95,5000,1,0,0,empty_stratum,0,,0,0,0,0,0,0,0,0,0,0,0,0,0
TTT,l2_base_trie_t1024_16384_tt_entry_trie,sel_95,5000,1,1,1000,complete,1000,0.9076,31,143,31,21,2,7,8,8,11,19,36,99,758
TTT,l2_base_trie_t1024_16384_tt_entry_trie,sel_95,5000,1,>=2,0,empty_stratum,0,,0,0,0,0,0,0,0,0,0,0,0,0,0
TTT,l2_base_trie_t1024_16384_tt_entry_trie,sel_95,5000,2,0,0,empty_stratum,0,,0,0,0,0,0,0,0,0,0,0,0,0,0
TTT,l2_base_trie_t1024_16384_tt_entry_trie,sel_95,5000,2,1,1000,complete,1000,0.9076,31,143,31,21,2,7,8,8,11,19,36,99,758
TTT,l2_base_trie_t1024_16384_tt_entry_trie,sel_95,5000,2,>=2,0,empty_stratum,0,,0,0,0,0,0,0,0,0,0,0,0,0,0
L,l0_lng_entry_optimized_lng,sel_99,400000,1,0,697,complete,697,0.9378766140602582,8,87,8,5,2,3,5,6,11,19,28,54,556
L,l0_lng_entry_optimized_lng,sel_99,400000,1,1,303,complete,303,0.9475247524752475,4,24,4,4,0,2,1,0,4,3,6,26,253
L,l0_lng_entry_optimized_lng,sel_99,400000,1,>=2,0,empty_stratum,0,,0,0,0,0,0,0,0,0,0,0,0,0,0
L,l0_lng_entry_optimized_lng,sel_99,400000,2,0,697,complete,697,0.9384505021520804,8,87,8,5,2,3,5,6,10,19,29,52,558
L,l0_lng_entry_optimized_lng,sel_99,400000,2,1,303,complete,303,0.9462046204620462,4,25,4,4,0,1,1,1,5,4,5,27,251
L,l0_lng_entry_optimized_lng,sel_99,400000,2,>=2,0,empty_stratum,0,,0,0,0,0,0,0,0,0,0,0,0,0,0
T,l0_trie_entry_trie,sel_99,602453,1,0,697,complete,697,0.9658536585365853,8,38,8,5,1,2,3,3,8,4,4,6,653
T,l0_trie_entry_trie,sel_99,602453,1,1,303,complete,303,0.9650165016501651,4,15,4,4,0,1,1,0,3,1,1,0,288
T,l0_trie_entry_trie,sel_99,602453,1,>=2,0,empty_stratum,0,,0,0,0,0,0,0,0,0,0,0,0,0,0
T,l0_trie_entry_trie,sel_99,602453,2,0,697,complete,697,0.9658536585365853,8,38,8,5,1,2,3,3,8,4,4,6,653
T,l0_trie_entry_trie,sel_99,602453,2,1,303,complete,303,0.9650165016501651,4,15,4,4,0,1,1,0,3,1,1,0,288
T,l0_trie_entry_trie,sel_99,602453,2,>=2,0,empty_stratum,0,,0,0,0,0,0,0,0,0,0,0,0,0,0
LL,l1_t1024_lng_entry_optimized_lng,sel_99,2500,1,0,697,complete,697,0.9114777618364419,18,102,18,11,2,6,6,4,3,21,31,87,508
LL,l1_t1024_lng_entry_optimized_lng,sel_99,2500,1,1,303,complete,303,0.8943894389438944,13,46,13,6,1,5,1,1,2,8,9,32,225
LL,l1_t1024_lng_entry_optimized_lng,sel_99,2500,1,>=2,0,empty_stratum,0,,0,0,0,0,0,0,0,0,0,0,0,0,0
LL,l1_t1024_lng_entry_optimized_lng,sel_99,2500,2,0,697,complete,697,0.9114777618364419,18,102,18,11,2,6,6,4,3,21,31,87,508
LL,l1_t1024_lng_entry_optimized_lng,sel_99,2500,2,1,303,complete,303,0.8943894389438944,13,46,13,6,1,5,1,1,2,8,9,32,225
LL,l1_t1024_lng_entry_optimized_lng,sel_99,2500,2,>=2,0,empty_stratum,0,,0,0,0,0,0,0,0,0,0,0,0,0,0
LT,l1_t1024_trie_entry_optimized_lng,sel_99,5000,1,0,697,complete,697,0.912338593974175,17,99,17,13,3,6,4,6,7,15,28,75,523
LT,l1_t1024_trie_entry_optimized_lng,sel_99,5000,1,1,303,complete,303,0.901980198019802,12,44,12,7,1,2,1,1,4,7,9,26,233
LT,l1_t1024_trie_entry_optimized_lng,sel_99,5000,1,>=2,0,empty_stratum,0,,0,0,0,0,0,0,0,0,0,0,0,0,0
LT,l1_t1024_trie_entry_optimized_lng,sel_99,5000,2,0,697,complete,697,0.912338593974175,17,99,17,13,3,6,4,6,7,15,28,75,523
LT,l1_t1024_trie_entry_optimized_lng,sel_99,5000,2,1,303,complete,303,0.901980198019802,12,44,12,7,1,2,1,1,4,7,9,26,233
LT,l1_t1024_trie_entry_optimized_lng,sel_99,5000,2,>=2,0,empty_stratum,0,,0,0,0,0,0,0,0,0,0,0,0,0,0
TL,l1_base_trie_t1024_lng_entry_trie,sel_99,5000,1,0,697,complete,697,0.9256814921090387,16,81,16,11,2,5,4,4,2,16,21,66,550
TL,l1_base_trie_t1024_lng_entry_trie,sel_99,5000,1,1,303,complete,303,0.9148514851485149,12,38,12,5,1,2,0,1,2,7,8,21,244
TL,l1_base_trie_t1024_lng_entry_trie,sel_99,5000,1,>=2,0,empty_stratum,0,,0,0,0,0,0,0,0,0,0,0,0,0,0
TL,l1_base_trie_t1024_lng_entry_trie,sel_99,5000,2,0,697,complete,697,0.9256814921090387,16,81,16,11,2,5,4,4,2,16,21,66,550
TL,l1_base_trie_t1024_lng_entry_trie,sel_99,5000,2,1,303,complete,303,0.9148514851485149,12,38,12,5,1,2,0,1,2,7,8,21,244
TL,l1_base_trie_t1024_lng_entry_trie,sel_99,5000,2,>=2,0,empty_stratum,0,,0,0,0,0,0,0,0,0,0,0,0,0,0
TT,l1_base_trie_t1024_trie_entry_trie,sel_99,5000,1,0,697,complete,697,0.9126255380200861,18,98,18,13,2,6,4,6,7,14,28,74,525
TT,l1_base_trie_t1024_trie_entry_trie,sel_99,5000,1,1,303,complete,303,0.9026402640264026,12,42,12,8,0,2,1,1,4,6,8,28,233
TT,l1_base_trie_t1024_trie_entry_trie,sel_99,5000,1,>=2,0,empty_stratum,0,,0,0,0,0,0,0,0,0,0,0,0,0,0
TT,l1_base_trie_t1024_trie_entry_trie,sel_99,5000,2,0,697,complete,697,0.9126255380200861,18,98,18,13,2,6,4,6,7,14,28,74,525
TT,l1_base_trie_t1024_trie_entry_trie,sel_99,5000,2,1,303,complete,303,0.9026402640264026,12,42,12,8,0,2,1,1,4,6,8,28,233
TT,l1_base_trie_t1024_trie_entry_trie,sel_99,5000,2,>=2,0,empty_stratum,0,,0,0,0,0,0,0,0,0,0,0,0,0,0
LLL,l2_t1024_16384_ll_entry_optimized_lng,sel_99,2500,1,0,697,complete,697,0.9103299856527977,17,102,17,14,2,5,5,5,3,22,29,87,508
LLL,l2_t1024_16384_ll_entry_optimized_lng,sel_99,2500,1,1,303,complete,303,0.8973597359735973,10,46,10,9,1,3,0,3,2,9,9,33,224
LLL,l2_t1024_16384_ll_entry_optimized_lng,sel_99,2500,1,>=2,0,empty_stratum,0,,0,0,0,0,0,0,0,0,0,0,0,0,0
LLL,l2_t1024_16384_ll_entry_optimized_lng,sel_99,2500,2,0,697,complete,697,0.9103299856527977,17,102,17,14,2,5,5,5,3,22,29,87,508
LLL,l2_t1024_16384_ll_entry_optimized_lng,sel_99,2500,2,1,303,complete,303,0.8973597359735973,10,46,10,9,1,3,0,3,2,9,9,33,224
LLL,l2_t1024_16384_ll_entry_optimized_lng,sel_99,2500,2,>=2,0,empty_stratum,0,,0,0,0,0,0,0,0,0,0,0,0,0,0
LLT,l2_t1024_16384_lt_entry_optimized_lng,sel_99,2500,1,0,697,complete,697,0.9121951219512195,18,99,18,11,3,6,5,4,3,20,29,87,511
LLT,l2_t1024_16384_lt_entry_optimized_lng,sel_99,2500,1,1,303,complete,303,0.8957095709570957,12,46,12,7,0,5,1,1,4,7,9,32,225
LLT,l2_t1024_16384_lt_entry_optimized_lng,sel_99,2500,1,>=2,0,empty_stratum,0,,0,0,0,0,0,0,0,0,0,0,0,0,0
LLT,l2_t1024_16384_lt_entry_optimized_lng,sel_99,2500,2,0,697,complete,697,0.9121951219512195,18,99,18,11,3,6,5,4,3,20,29,87,511
LLT,l2_t1024_16384_lt_entry_optimized_lng,sel_99,2500,2,1,303,complete,303,0.8957095709570957,12,46,12,7,0,5,1,1,4,7,9,32,225
LLT,l2_t1024_16384_lt_entry_optimized_lng,sel_99,2500,2,>=2,0,empty_stratum,0,,0,0,0,0,0,0,0,0,0,0,0,0,0
LTL,l2_t1024_16384_tl_entry_optimized_lng,sel_99,5000,1,0,697,complete,697,0.9114777618364419,17,100,17,13,3,5,5,7,6,16,28,78,519
LTL,l2_t1024_16384_tl_entry_optimized_lng,sel_99,5000,1,1,303,complete,303,0.902970297029703,12,42,12,8,1,1,0,2,4,5,9,28,233
LTL,l2_t1024_16384_tl_entry_optimized_lng,sel_99,5000,1,>=2,0,empty_stratum,0,,0,0,0,0,0,0,0,0,0,0,0,0,0
LTL,l2_t1024_16384_tl_entry_optimized_lng,sel_99,5000,2,0,697,complete,697,0.9114777618364419,17,100,17,13,3,5,5,7,6,16,28,78,519
LTL,l2_t1024_16384_tl_entry_optimized_lng,sel_99,5000,2,1,303,complete,303,0.902970297029703,12,42,12,8,1,1,0,2,4,5,9,28,233
LTL,l2_t1024_16384_tl_entry_optimized_lng,sel_99,5000,2,>=2,0,empty_stratum,0,,0,0,0,0,0,0,0,0,0,0,0,0,0
LTT,l2_t1024_16384_tt_entry_optimized_lng,sel_99,5000,1,0,697,complete,697,0.9106169296987088,18,101,18,13,3,6,4,7,7,15,28,72,524
LTT,l2_t1024_16384_tt_entry_optimized_lng,sel_99,5000,1,1,303,complete,303,0.9033003300330033,12,43,12,8,0,1,0,2,6,5,9,27,233
LTT,l2_t1024_16384_tt_entry_optimized_lng,sel_99,5000,1,>=2,0,empty_stratum,0,,0,0,0,0,0,0,0,0,0,0,0,0,0
LTT,l2_t1024_16384_tt_entry_optimized_lng,sel_99,5000,2,0,697,complete,697,0.9106169296987088,18,101,18,13,3,6,4,7,7,15,28,72,524
LTT,l2_t1024_16384_tt_entry_optimized_lng,sel_99,5000,2,1,303,complete,303,0.9033003300330033,12,43,12,8,0,1,0,2,6,5,9,27,233
LTT,l2_t1024_16384_tt_entry_optimized_lng,sel_99,5000,2,>=2,0,empty_stratum,0,,0,0,0,0,0,0,0,0,0,0,0,0,0
TLL,l2_base_trie_t1024_16384_ll_entry_trie,sel_99,5000,1,0,697,complete,697,0.9251076040172166,16,84,16,11,2,5,4,6,1,16,23,60,553
TLL,l2_base_trie_t1024_16384_ll_entry_trie,sel_99,5000,1,1,303,complete,303,0.9145214521452145,12,37,12,6,0,2,1,1,1,6,8,22,244
TLL,l2_base_trie_t1024_16384_ll_entry_trie,sel_99,5000,1,>=2,0,empty_stratum,0,,0,0,0,0,0,0,0,0,0,0,0,0,0
TLL,l2_base_trie_t1024_16384_ll_entry_trie,sel_99,5000,2,0,697,complete,697,0.9251076040172166,16,84,16,11,2,5,4,6,1,16,23,60,553
TLL,l2_base_trie_t1024_16384_ll_entry_trie,sel_99,5000,2,1,303,complete,303,0.9145214521452145,12,37,12,6,0,2,1,1,1,6,8,22,244
TLL,l2_base_trie_t1024_16384_ll_entry_trie,sel_99,5000,2,>=2,0,empty_stratum,0,,0,0,0,0,0,0,0,0,0,0,0,0,0
TLT,l2_base_trie_t1024_16384_lt_entry_trie,sel_99,5000,1,0,697,complete,697,0.9253945480631277,16,83,16,11,2,5,4,5,2,16,22,61,553
TLT,l2_base_trie_t1024_16384_lt_entry_trie,sel_99,5000,1,1,303,complete,303,0.9125412541254125,13,37,13,5,1,2,0,1,2,6,7,23,243
TLT,l2_base_trie_t1024_16384_lt_entry_trie,sel_99,5000,1,>=2,0,empty_stratum,0,,0,0,0,0,0,0,0,0,0,0,0,0,0
TLT,l2_base_trie_t1024_16384_lt_entry_trie,sel_99,5000,2,0,697,complete,697,0.9253945480631277,16,83,16,11,2,5,4,5,2,16,22,61,553
TLT,l2_base_trie_t1024_16384_lt_entry_trie,sel_99,5000,2,1,303,complete,303,0.9125412541254125,13,37,13,5,1,2,0,1,2,6,7,23,243
TLT,l2_base_trie_t1024_16384_lt_entry_trie,sel_99,5000,2,>=2,0,empty_stratum,0,,0,0,0,0,0,0,0,0,0,0,0,0,0
TTL,l2_base_trie_t1024_16384_tl_entry_trie,sel_99,5000,1,0,697,complete,697,0.9106169296987088,18,103,18,13,2,6,5,8,5,14,32,72,522
TTL,l2_base_trie_t1024_16384_tl_entry_trie,sel_99,5000,1,1,303,complete,303,0.9036303630363036,12,43,12,7,1,1,1,2,4,4,11,28,232
TTL,l2_base_trie_t1024_16384_tl_entry_trie,sel_99,5000,1,>=2,0,empty_stratum,0,,0,0,0,0,0,0,0,0,0,0,0,0,0
TTL,l2_base_trie_t1024_16384_tl_entry_trie,sel_99,5000,2,0,697,complete,697,0.9106169296987088,18,103,18,13,2,6,5,8,5,14,32,72,522
TTL,l2_base_trie_t1024_16384_tl_entry_trie,sel_99,5000,2,1,303,complete,303,0.9036303630363036,12,43,12,7,1,1,1,2,4,4,11,28,232
TTL,l2_base_trie_t1024_16384_tl_entry_trie,sel_99,5000,2,>=2,0,empty_stratum,0,,0,0,0,0,0,0,0,0,0,0,0,0,0
TTT,l2_base_trie_t1024_16384_tt_entry_trie,sel_99,5000,1,0,697,complete,697,0.9101865136298422,19,100,19,13,2,6,5,7,6,14,28,74,523
TTT,l2_base_trie_t1024_16384_tt_entry_trie,sel_99,5000,1,1,303,complete,303,0.902970297029703,12,43,12,7,0,1,3,1,5,5,9,28,232
TTT,l2_base_trie_t1024_16384_tt_entry_trie,sel_99,5000,1,>=2,0,empty_stratum,0,,0,0,0,0,0,0,0,0,0,0,0,0,0
TTT,l2_base_trie_t1024_16384_tt_entry_trie,sel_99,5000,2,0,697,complete,697,0.9101865136298422,19,100,19,13,2,6,5,7,6,14,28,74,523
TTT,l2_base_trie_t1024_16384_tt_entry_trie,sel_99,5000,2,1,303,complete,303,0.902970297029703,12,43,12,7,0,1,3,1,5,5,9,28,232
TTT,l2_base_trie_t1024_16384_tt_entry_trie,sel_99,5000,2,>=2,0,empty_stratum,0,,0,0,0,0,0,0,0,0,0,0,0,0,0
