workload,mean_selectivity,recall_threshold,method,layer_count,t1,t2,lsearch,recall_mean,recall_min,recall_max,warm_repeats,warm_mean_ms,warm_median_ms,warm_stddev_ms,warm_cv,warm_min_ms,warm_max_ms,speedup_vs_layer1_mean,speedup_vs_layer1_median,stage_closure_max_abs_ms_per_query,checked_results,filter_violations
sel_0p5,0.0049924907,0.9,layer0_plain,0,,,1375,0.9010714285714285,0.9004,0.9016,6,42.53386666666667,41.74625,2.4261154973880923,0.05703961778037483,40.5126,46.8909,1.2079147126681795,1.2208677426116117,1.09139e-14,70000,0
sel_0p5,0.0049924907,0.9,layer1_t1_1000,1,1000,,1750,0.9029,0.9029,0.9029,6,51.37728333333333,50.96665,1.2280003019815053,0.023901619982790813,50.5398,53.8307,1.0,1.0,1.27329e-14,70000,0
sel_0p5,0.0049924907,0.9,layer2_t1_1000_t2_4000,2,1000,4000,1750,0.9029,0.9029,0.9029,6,54.38865,52.8669,2.565178426347768,0.04716385544314426,52.5776,58.3126,0.9446324432272787,0.9640559593999269,1.27329e-14,70000,0
sel_0p5,0.0049924907,0.9,layer2_t1_1000_t2_10000,2,1000,10000,1750,0.9029,0.9029,0.9029,6,53.82201666666667,52.508449999999996,3.9113824478906,0.072672536075985,51.3983,61.7296,0.9545774483242762,0.9706371069799242,8.18545e-15,70000,0
sel_0p5,0.0049924907,0.9,layer2_t1_1000_t2_25000,2,1000,25000,1750,0.9029,0.9029,0.9029,6,54.141466666666666,53.1977,2.802472155555995,0.05176202877565184,52.5082,59.805,0.9489451707994612,0.9580611567793346,6.36646e-15,70000,0
sel_0p5,0.0049924907,0.9,layer2_t1_1000_t2_50000,2,1000,50000,1750,0.9029,0.9029,0.9029,6,49.721133333333334,47.47425,4.393660155117445,0.08836605001865293,46.9478,58.0761,1.0333087741362827,1.0735640900066878,2.54659e-14,70000,0
sel_1,0.0090305484,0.9,layer0_plain,0,,,1625,0.9060857142857143,0.9057,0.9066,6,58.917566666666666,57.74315,2.8465660924465928,0.048314386582721386,56.3641,63.1203,2.661006027064933,2.684275104492914,9.09495e-15,70000,0
sel_1,0.0090305484,0.9,layer1_t1_1000,1,1000,,4500,0.9043,0.9043,0.9043,6,156.78,154.9985,7.8770238288328125,0.05024252984330152,149.612,169.89,1.0,1.0,2.36469e-14,70000,0
sel_1,0.0090305484,0.9,layer2_t1_1000_t2_4000,2,1000,4000,4000,0.9017,0.9017,0.9017,6,161.43716666666666,157.5925,9.256138469505881,0.05733585803458651,153.764,178.388,0.9711518310013287,0.983539825816584,3.27418e-14,70000,0
sel_1,0.0090305484,0.9,layer2_t1_1000_t2_10000,2,1000,10000,4500,0.9043,0.9043,0.9043,6,158.77366666666666,156.11599999999999,7.510155622000562,0.04730101521033439,151.795,171.546,0.9874433417800181,0.9928418611801483,1.63709e-14,70000,0
sel_1,0.0090305484,0.9,layer2_t1_1000_t2_25000,2,1000,25000,4500,0.9043,0.9043,0.9043,6,164.57133333333334,168.684,9.41213169620287,0.057191805556675746,149.23,172.52,0.9526568013060193,0.9188690095089043,3.27418e-14,70000,0
sel_1,0.0090305484,0.9,layer2_t1_1000_t2_50000,2,1000,50000,4500,0.9043,0.9043,0.9043,6,157.96083333333334,157.4105,3.3061902798639182,0.020930443389641427,155.035,162.808,0.9925245182086276,0.984677006934099,2.91038e-14,70000,0
sel_10,0.0990661529,0.9,layer0_plain,0,,,15000,0.9015,0.9009,0.9019,6,703.637,703.1365000000001,22.00958684755351,0.031279746300370094,680.18,742.707,9.104182980713068,9.127011611543418,8.00355e-14,70000,0
sel_10,0.0990661529,0.9,layer1_t1_1000,1,1000,,35000,0.9002,0.9002,0.9002,6,6406.04,6417.535,40.89224865423779,0.006383389528357267,6355.11,6444.95,1.0,1.0,1.97906e-12,70000,0
sel_10,0.0990661529,0.9,layer2_t1_1000_t2_4000,2,1000,4000,13500,0.9023,0.9023,0.9023,6,2604.133333333333,2611.1450000000004,24.16948130735675,0.009281199621380146,2561.28,2629.07,2.4599508473708465,2.4577474632776037,7.567e-13,70000,0
sel_10,0.0990661529,0.9,layer2_t1_1000_t2_10000,2,1000,10000,13500,0.9019,0.9019,0.9019,6,2381.91,2383.625,24.366582033596778,0.010229850008437255,2352.23,2410.6,2.6894551011583143,2.6923425454926844,2.91038e-13,70000,0
sel_10,0.0990661529,0.9,layer2_t1_1000_t2_25000,2,1000,25000,13500,0.9023,0.9023,0.9023,6,2374.42,2386.735,33.34609902222453,0.014043892412557393,2322.6,2404.79,2.6979388650702063,2.6888343280674225,3.20142e-13,70000,0
sel_10,0.0990661529,0.9,layer2_t1_1000_t2_50000,2,1000,50000,13500,0.9023,0.9023,0.9023,6,2376.9016666666666,2369.4049999999997,45.96591581451057,0.019338585377397008,2317.46,2447.38,2.695122011077446,2.708500657338024,6.1118e-13,70000,0
