artifact,path,sha256
sel_0p5:query_vectors,/home/graphdb/FilterVectorData/Amazon/query_minlen5_avgsel05pct/Amazon_query.bin,02b945fe81293162a6253167b1410c218a74ccf610abc8e8079c2100be9a42cf
sel_0p5:query_labels,/home/graphdb/FilterVectorData/Amazon/query_minlen5_avgsel05pct/Amazon_query_labels.txt,f48d3e5e841f9b19b01cc4ce2d02e44675d65f8a74f22add7bb963a52c14800d
sel_0p5:exact_gt,/home/graphdb/FilterVectorResult/Amazon/GroundTruth/query_minlen5_avgsel05pct/Amazon_gt_labels_containment.bin,93723e322e541ac472224eed55ad88aeabeaa74780379dfceed72b550f84c7f4
sel_1:query_vectors,/home/graphdb/FilterVectorData/Amazon/query_minlen5_avgsel1pct/Amazon_query.bin,3916a31115849c7fc9067865312b5bcc2c3391d61ff10439d5698d9969c86e88
sel_1:query_labels,/home/graphdb/FilterVectorData/Amazon/query_minlen5_avgsel1pct/Amazon_query_labels.txt,28c7ee691c563bb1763351f1325ce994dc3ecaa6371c74a3f09a6359f12b7b26
sel_1:exact_gt,/home/graphdb/FilterVectorResult/Amazon/GroundTruth/query_minlen5_avgsel1pct/Amazon_gt_labels_containment.bin,f8cb46c03bf74f2a9f912c00ca5795ed6be5a6e4ccf993c35316a8349c043f3e
sel_10:query_vectors,/home/graphdb/FilterVectorData/Amazon/query_minlen3_avgsel10pct/Amazon_query.bin,0673f4f2e9e00f39a8e06e569e9520d16b67abd944999c62b8fb66111df36d00
sel_10:query_labels,/home/graphdb/FilterVectorData/Amazon/query_minlen3_avgsel10pct/Amazon_query_labels.txt,fde413ca5953e8bfd2254f4bb3f08be3e228dc770d8031b2e54ab410ee51232d
sel_10:exact_gt,/home/graphdb/FilterVectorResult/Amazon/GroundTruth/query_minlen3_avgsel10pct/Amazon_gt_labels_containment.bin,aa508e9be84bc466c8161149967df7f45da2fc55782d7cdc8cd086479017d613
search_binary,/home/sunyahui/worktrees/FilterVectorCode_multilevel_special/build_ung_rel/apps/search_UNG_index,6fa4082dae77e99b6c1b3c84c75d324d57cc25e0da32149011379453cfa40087
layer0_plain:index_meta,/home/graphdb/FilterVectorResult/Amazon/index/Trie_block/index_files/meta,a7af69998ed0fa813a8f40087fa24760c4fc7c26b6f4ad28af2149efa0a877c0
layer1_t1_1000:index_meta,/home/sunyahui/worktrees/FilterVectorCode_multilevel_special/runs/fresh_single_build_amazon_x1/single_1000/block_index/meta,0a7f25f6e7b18f5a64b61e063d0593001bbeb553200123a75ff1b0f028739449
layer2_t1_1000_t2_4000:index_meta,/home/sunyahui/worktrees/FilterVectorCode_multilevel_special/runs/multilevel_builds_amazon_x1/t2_4000/block_index/meta,6a3d3c22f2150d7473a873777e9d5f6aec0a414aab3b1d0504b40223c28d7811
layer2_t1_1000_t2_10000:index_meta,/home/sunyahui/worktrees/FilterVectorCode_multilevel_special/runs/multilevel_builds_amazon_x1/t2_10000/block_index/meta,df9ddf164e408295d9832744ecc2d6539391204a221599b7da6441df2124d9bf
layer2_t1_1000_t2_25000:index_meta,/home/sunyahui/worktrees/FilterVectorCode_multilevel_special/runs/multilevel_builds_amazon_x1/t2_25000/block_index/meta,93f496b6bb2ac89654fc40f22b00a7308d7ec78bac9ba16e6e09e118d3ae7ddc
layer2_t1_1000_t2_50000:index_meta,/home/sunyahui/worktrees/FilterVectorCode_multilevel_special/runs/multilevel_builds_amazon_x1/t2_50000/block_index/meta,e3cc5230de519f15614acfc811c8a591bdaee5c791c6238bf534ff1ac5b15ac6
