workload,mean_selectivity,upper_plan,lng_base_code,trie_base_code,lng_configuration,trie_configuration,lng_status,trie_status,lng_qps,trie_qps,trie_over_lng_matched_provider
sel_0p5,0.0049924907,none,L,T,0L[L],0L[T],complete,complete,2476.3508493883414,14921.898781776183,6.025761166056858
sel_0p5,0.0049924907,L,LL,TL,1L[L|L],1L[T|L],unavailable,complete,,15177.235967317341,
sel_0p5,0.0049924907,T,LT,TT,1L[L|T],1L[T|T],unavailable,complete,,17937.686271660878,
sel_0p5,0.0049924907,LL,LLL,TLL,2L[L|LL],2L[T|LL],unavailable,complete,,19158.519506246634,
sel_0p5,0.0049924907,LT,LLT,TLT,2L[L|LT],2L[T|LT],unavailable,complete,,21707.889949681114,
sel_0p5,0.0049924907,TL,LTL,TTL,2L[L|TL],2L[T|TL],unavailable,complete,,20593.10192864696,
sel_0p5,0.0049924907,TT,LTT,TTT,2L[L|TT],2L[T|TT],unavailable,complete,,17565.41580413156,
sel_1,0.0090305484,none,L,T,0L[L],0L[T],complete,complete,4191.04457595011,11591.420957520919,2.7657594061483213
sel_1,0.0090305484,L,LL,TL,1L[L|L],1L[T|L],unavailable,complete,,12447.146305002385,
sel_1,0.0090305484,T,LT,TT,1L[L|T],1L[T|T],unavailable,complete,,12144.743481764364,
sel_1,0.0090305484,LL,LLL,TLL,2L[L|LL],2L[T|LL],unavailable,complete,,13242.156670604001,
sel_1,0.0090305484,LT,LLT,TLT,2L[L|LT],2L[T|LT],unavailable,complete,,14278.503641375393,
sel_1,0.0090305484,TL,LTL,TTL,2L[L|TL],2L[T|TL],unavailable,complete,,14062.304446078797,
sel_1,0.0090305484,TT,LTT,TTT,2L[L|TT],2L[T|TT],unavailable,complete,,12353.41133277249,
sel_5,0.0503811667,none,L,T,0L[L],0L[T],complete,complete,544.9324011356391,10044.229765773583,18.432065600873447
sel_5,0.0503811667,L,LL,TL,1L[L|L],1L[T|L],unavailable,complete,,9105.216697328484,
sel_5,0.0503811667,T,LT,TT,1L[L|T],1L[T|T],unavailable,complete,,10937.269291975874,
sel_5,0.0503811667,LL,LLL,TLL,2L[L|LL],2L[T|LL],unavailable,complete,,9569.964093494722,
sel_5,0.0503811667,LT,LLT,TLT,2L[L|LT],2L[T|LT],unavailable,complete,,11718.349470477082,
sel_5,0.0503811667,TL,LTL,TTL,2L[L|TL],2L[T|TL],unavailable,complete,,11082.174322602094,
sel_5,0.0503811667,TT,LTT,TTT,2L[L|TT],2L[T|TT],unavailable,complete,,10046.257994937692,
sel_10,0.0990661529,none,L,T,0L[L],0L[T],complete,complete,450.17061466295723,270.63013520681557,0.601172369745716
sel_10,0.0990661529,L,LL,TL,1L[L|L],1L[T|L],unavailable,complete,,289.72532590477596,
sel_10,0.0990661529,T,LT,TT,1L[L|T],1L[T|T],unavailable,complete,,146.18600707540273,
sel_10,0.0990661529,LL,LLL,TLL,2L[L|LL],2L[T|LL],unavailable,complete,,270.56752892028675,
sel_10,0.0990661529,LT,LLT,TLT,2L[L|LT],2L[T|LT],unavailable,complete,,275.64383508780634,
sel_10,0.0990661529,TL,LTL,TTL,2L[L|TL],2L[T|TL],unavailable,complete,,135.1635377434042,
sel_10,0.0990661529,TT,LTT,TTT,2L[L|TT],2L[T|TT],unavailable,complete,,139.2623828629282,
sel_30,0.3002724229,none,L,T,0L[L],0L[T],complete,unavailable,52.768777769569304,,
sel_30,0.3002724229,L,LL,TL,1L[L|L],1L[T|L],unavailable,complete,,27.662211206515003,
sel_30,0.3002724229,T,LT,TT,1L[L|T],1L[T|T],unavailable,complete,,10.49759106529029,
sel_30,0.3002724229,LL,LLL,TLL,2L[L|LL],2L[T|LL],unavailable,complete,,24.918578544605502,
sel_30,0.3002724229,LT,LLT,TLT,2L[L|LT],2L[T|LT],unavailable,complete,,25.417191425764646,
sel_30,0.3002724229,TL,LTL,TTL,2L[L|TL],2L[T|TL],unavailable,complete,,27.04873912302578,
sel_30,0.3002724229,TT,LTT,TTT,2L[L|TT],2L[T|TT],unavailable,complete,,27.136857958901228,
sel_60,0.6004749068,none,L,T,0L[L],0L[T],complete,complete,4.069167712781866,2.511471144452286,0.6171952894847216
sel_60,0.6004749068,L,LL,TL,1L[L|L],1L[T|L],complete,complete,56.521603970077464,1613.6840406648378,28.54986283685654
sel_60,0.6004749068,T,LT,TT,1L[L|T],1L[T|T],complete,complete,56.70477227363456,839.3240084435996,14.801646753704565
sel_60,0.6004749068,LL,LLL,TLL,2L[L|LL],2L[T|LL],complete,complete,56.36819706321693,1565.035847146079,27.764518446295014
sel_60,0.6004749068,LT,LLT,TLT,2L[L|LT],2L[T|LT],complete,complete,61.40262004979752,1598.4182053439915,26.03175897132198
sel_60,0.6004749068,TL,LTL,TTL,2L[L|TL],2L[T|TL],complete,complete,57.003767949061434,849.9895876275515,14.911112338873847
sel_60,0.6004749068,TT,LTT,TTT,2L[L|TT],2L[T|TT],complete,complete,56.41637541712858,844.6480984859683,14.971683172498258
sel_80,0.8002369928,none,L,T,0L[L],0L[T],complete,complete,1.802899784012606,0.5860771511961834,0.32507472483677746
sel_80,0.8002369928,L,LL,TL,1L[L|L],1L[T|L],complete,complete,36.65158453962861,648.3465542001511,17.689454967469214
sel_80,0.8002369928,T,LT,TT,1L[L|T],1L[T|T],complete,complete,37.078785002373046,285.4186735167148,7.697627457276392
sel_80,0.8002369928,LL,LLL,TLL,2L[L|LL],2L[T|LL],complete,complete,35.44006818669119,647.9453652468025,18.282847590291187
sel_80,0.8002369928,LT,LLT,TLT,2L[L|LT],2L[T|LT],complete,complete,49.698948618741966,646.832622356476,13.01501621932801
sel_80,0.8002369928,TL,LTL,TTL,2L[L|TL],2L[T|TL],complete,complete,35.88332179086483,305.3658894086895,8.509967142630298
sel_80,0.8002369928,TT,LTT,TTT,2L[L|TT],2L[T|TT],complete,complete,35.94045385605129,313.60840972311513,8.725777670454011
sel_95,0.9501978063,none,L,T,0L[L],0L[T],complete,complete,1.5026815351995637,0.48865704826709994,0.32519002650964485
sel_95,0.9501978063,L,LL,TL,1L[L|L],1L[T|L],complete,complete,42.06019234125957,520.3468632190218,12.371480829120692
sel_95,0.9501978063,T,LT,TT,1L[L|T],1L[T|T],complete,complete,36.816614601837514,265.13278512711133,7.201443913147804
sel_95,0.9501978063,LL,LLL,TLL,2L[L|LL],2L[T|LL],complete,complete,39.605136786241175,451.32361934463296,11.395582895737475
sel_95,0.9501978063,LT,LLT,TLT,2L[L|LT],2L[T|LT],complete,complete,39.75416027287256,564.6272331007069,14.20297219775504
sel_95,0.9501978063,TL,LTL,TTL,2L[L|TL],2L[T|TL],complete,complete,36.99216690865709,267.67132637834004,7.2358920481540725
sel_95,0.9501978063,TT,LTT,TTT,2L[L|TT],2L[T|TT],complete,complete,36.67793290505734,269.48149066381376,7.34723767997995
sel_99,0.9900060038,none,L,T,0L[L],0L[T],complete,complete,0.7869399446781219,0.4418473638281656,0.5614753283478223
sel_99,0.9900060038,L,LL,TL,1L[L|L],1L[T|L],complete,complete,15.399398807470556,253.22610052063285,16.44389522516865
sel_99,0.9900060038,T,LT,TT,1L[L|T],1L[T|T],complete,complete,14.343210067786012,264.4414797616324,18.436701304093152
sel_99,0.9900060038,LL,LLL,TLL,2L[L|LL],2L[T|LL],complete,complete,14.685495429873823,253.95019528770018,17.29258617799877
sel_99,0.9900060038,LT,LLT,TLT,2L[L|LT],2L[T|LT],complete,complete,16.79084898730192,257.77182038459557,15.35192297778007
sel_99,0.9900060038,TL,LTL,TTL,2L[L|TL],2L[T|TL],complete,complete,14.4088066626322,265.85386279016285,18.450789785362883
sel_99,0.9900060038,TT,LTT,TTT,2L[L|TT],2L[T|TT],complete,complete,14.278738102241476,267.6706099008682,18.746097027919383
