workload,mean_selectivity,best_topology,best_qps,best_speedup_vs_L,best_0L_topology,best_0L_qps,best_1L_topology,best_1L_qps,best_2L_topology,best_2L_qps
sel_0p5,0.0049924907,2L[T|LT],21707.889949681114,8.766080119480227,0L[T],14921.898781776183,1L[T|T],17937.686271660878,2L[T|LT],21707.889949681114
sel_1,0.0090305484,2L[T|LT],14278.503641375393,3.4069080828467344,0L[T],11591.420957520919,1L[T|L],12447.146305002385,2L[T|LT],14278.503641375393
sel_5,0.0503811667,2L[T|LT],11718.349470477082,21.50422592977779,0L[T],10044.229765773583,1L[T|T],10937.269291975874,2L[T|LT],11718.349470477082
sel_10,0.0990661529,0L[L],450.17061466295723,1.0,0L[L],450.17061466295723,1L[T|L],289.72532590477596,2L[T|LT],275.64383508780634
sel_30,0.3002724229,0L[L],52.768777769569304,1.0,0L[L],52.768777769569304,1L[T|L],27.662211206515003,2L[T|TT],27.136857958901228
sel_60,0.6004749068,1L[T|L],1613.6840406648378,396.5636598354043,0L[L],4.069167712781866,1L[T|L],1613.6840406648378,2L[T|LT],1598.4182053439915
sel_80,0.8002369928,1L[T|L],648.3465542001511,359.6131964457642,0L[L],1.802899784012606,1L[T|L],648.3465542001511,2L[T|LL],647.9453652468025
sel_95,0.9501978063,2L[T|LT],564.6272331007069,375.7464372021591,0L[L],1.5026815351995637,1L[T|L],520.3468632190218,2L[T|LT],564.6272331007069
sel_99,0.9900060038,2L[T|TT],267.6706099008682,340.14108917847875,0L[L],0.7869399446781219,1L[T|T],264.4414797616324,2L[T|TT],267.6706099008682
