workload,mean_selectivity,topology_code,overlay_count,base_topology,entry_strategy,status,lsearch,recall_min,max_recall,warm_median_qps,speedup_vs_L,method,reason
sel_0p5,0.0049924907,L,0,lng,optimized_lng,complete,2000,0.9168,0.9168,2476.3508493883414,1.0,l0_lng_entry_optimized_lng,
sel_0p5,0.0049924907,T,0,trie,trie,complete,1000,0.9598,0.9745,14921.898781776183,6.025761166056858,l0_trie_entry_trie,
sel_0p5,0.0049924907,LL,1,lng,optimized_lng,unavailable,,,0.8878,,,l1_t1024_lng_entry_optimized_lng,no measured Lsearch reaches Recall 0.9
sel_0p5,0.0049924907,LT,1,lng,optimized_lng,unavailable,,,0.8878,,,l1_t1024_trie_entry_optimized_lng,no measured Lsearch reaches Recall 0.9
sel_0p5,0.0049924907,TL,1,trie,trie,complete,1000,0.9592,0.9745,15177.235967317341,6.128871428322088,l1_base_trie_t1024_lng_entry_trie,
sel_0p5,0.0049924907,TT,1,trie,trie,complete,1000,0.9592,0.9745,17937.686271660878,7.243596470222095,l1_base_trie_t1024_trie_entry_trie,
sel_0p5,0.0049924907,LLL,2,lng,optimized_lng,unavailable,,,0.8878,,,l2_t1024_16384_ll_entry_optimized_lng,no measured Lsearch reaches Recall 0.9
sel_0p5,0.0049924907,LLT,2,lng,optimized_lng,unavailable,,,0.8878,,,l2_t1024_16384_lt_entry_optimized_lng,no measured Lsearch reaches Recall 0.9
sel_0p5,0.0049924907,LTL,2,lng,optimized_lng,unavailable,,,0.8878,,,l2_t1024_16384_tl_entry_optimized_lng,no measured Lsearch reaches Recall 0.9
sel_0p5,0.0049924907,LTT,2,lng,optimized_lng,unavailable,,,0.8878,,,l2_t1024_16384_tt_entry_optimized_lng,no measured Lsearch reaches Recall 0.9
sel_0p5,0.0049924907,TLL,2,trie,trie,complete,1000,0.9592,0.9745,19158.519506246634,7.736593347012516,l2_base_trie_t1024_16384_ll_entry_trie,
sel_0p5,0.0049924907,TLT,2,trie,trie,complete,1000,0.9592,0.9745,21707.889949681114,8.766080119480227,l2_base_trie_t1024_16384_lt_entry_trie,
sel_0p5,0.0049924907,TTL,2,trie,trie,complete,1000,0.9592,0.9745,20593.10192864696,8.315906420826215,l2_base_trie_t1024_16384_tl_entry_trie,
sel_0p5,0.0049924907,TTT,2,trie,trie,complete,1000,0.9592,0.9745,17565.41580413156,7.093266210024407,l2_base_trie_t1024_16384_tt_entry_trie,
sel_1,0.0090305484,L,0,lng,optimized_lng,complete,2200,0.9106,0.9106,4191.04457595011,1.0,l0_lng_entry_optimized_lng,
sel_1,0.0090305484,T,0,trie,trie,complete,1200,0.946,0.9623,11591.420957520919,2.7657594061483213,l0_trie_entry_trie,
sel_1,0.0090305484,LL,1,lng,optimized_lng,unavailable,,,0.8567,,,l1_t1024_lng_entry_optimized_lng,no measured Lsearch reaches Recall 0.9
sel_1,0.0090305484,LT,1,lng,optimized_lng,unavailable,,,0.8464,,,l1_t1024_trie_entry_optimized_lng,no measured Lsearch reaches Recall 0.9
sel_1,0.0090305484,TL,1,trie,trie,complete,1200,0.9543,0.9682,12447.146305002385,2.969938896958789,l1_base_trie_t1024_lng_entry_trie,
sel_1,0.0090305484,TT,1,trie,trie,complete,1200,0.95,0.9638,12144.743481764364,2.8977843737229043,l1_base_trie_t1024_trie_entry_trie,
sel_1,0.0090305484,LLL,2,lng,optimized_lng,unavailable,,,0.8567,,,l2_t1024_16384_ll_entry_optimized_lng,no measured Lsearch reaches Recall 0.9
sel_1,0.0090305484,LLT,2,lng,optimized_lng,unavailable,,,0.8567,,,l2_t1024_16384_lt_entry_optimized_lng,no measured Lsearch reaches Recall 0.9
sel_1,0.0090305484,LTL,2,lng,optimized_lng,unavailable,,,0.8464,,,l2_t1024_16384_tl_entry_optimized_lng,no measured Lsearch reaches Recall 0.9
sel_1,0.0090305484,LTT,2,lng,optimized_lng,unavailable,,,0.8464,,,l2_t1024_16384_tt_entry_optimized_lng,no measured Lsearch reaches Recall 0.9
sel_1,0.0090305484,TLL,2,trie,trie,complete,1200,0.9543,0.9682,13242.156670604001,3.159631550232797,l2_base_trie_t1024_16384_ll_entry_trie,
sel_1,0.0090305484,TLT,2,trie,trie,complete,1200,0.9543,0.9682,14278.503641375393,3.4069080828467344,l2_base_trie_t1024_16384_lt_entry_trie,
sel_1,0.0090305484,TTL,2,trie,trie,complete,1200,0.95,0.9638,14062.304446078797,3.355322090052185,l2_base_trie_t1024_16384_tl_entry_trie,
sel_1,0.0090305484,TTT,2,trie,trie,complete,1200,0.95,0.9638,12353.41133277249,2.9475733576448473,l2_base_trie_t1024_16384_tt_entry_trie,
sel_5,0.0503811667,L,0,lng,optimized_lng,complete,3200,0.9097,0.9097,544.9324011356391,1.0,l0_lng_entry_optimized_lng,
sel_5,0.0503811667,T,0,trie,trie,complete,800,0.9026,0.9399,10044.229765773583,18.432065600873447,l0_trie_entry_trie,
sel_5,0.0503811667,LL,1,lng,optimized_lng,unavailable,,,0.8928,,,l1_t1024_lng_entry_optimized_lng,no measured Lsearch reaches Recall 0.9
sel_5,0.0503811667,LT,1,lng,optimized_lng,unavailable,,,0.8835,,,l1_t1024_trie_entry_optimized_lng,no measured Lsearch reaches Recall 0.9
sel_5,0.0503811667,TL,1,trie,trie,complete,400,0.9181,0.9755,9105.216697328484,16.70889210910053,l1_base_trie_t1024_lng_entry_trie,
sel_5,0.0503811667,TT,1,trie,trie,complete,400,0.9111,0.9713,10937.269291975874,20.070873505012006,l1_base_trie_t1024_trie_entry_trie,
sel_5,0.0503811667,LLL,2,lng,optimized_lng,unavailable,,,0.8929,,,l2_t1024_16384_ll_entry_optimized_lng,no measured Lsearch reaches Recall 0.9
sel_5,0.0503811667,LLT,2,lng,optimized_lng,unavailable,,,0.8928,,,l2_t1024_16384_lt_entry_optimized_lng,no measured Lsearch reaches Recall 0.9
sel_5,0.0503811667,LTL,2,lng,optimized_lng,unavailable,,,0.8836,,,l2_t1024_16384_tl_entry_optimized_lng,no measured Lsearch reaches Recall 0.9
sel_5,0.0503811667,LTT,2,lng,optimized_lng,unavailable,,,0.8836,,,l2_t1024_16384_tt_entry_optimized_lng,no measured Lsearch reaches Recall 0.9
sel_5,0.0503811667,TLL,2,trie,trie,complete,400,0.9185,0.9756,9569.964093494722,17.56174540833123,l2_base_trie_t1024_16384_ll_entry_trie,
sel_5,0.0503811667,TLT,2,trie,trie,complete,400,0.9186,0.9755,11718.349470477082,21.50422592977779,l2_base_trie_t1024_16384_lt_entry_trie,
sel_5,0.0503811667,TTL,2,trie,trie,complete,400,0.9108,0.9713,11082.174322602094,20.336787277663877,l2_base_trie_t1024_16384_tl_entry_trie,
sel_5,0.0503811667,TTT,2,trie,trie,complete,400,0.9111,0.9713,10046.257994937692,18.43578758393021,l2_base_trie_t1024_16384_tt_entry_trie,
sel_10,0.0990661529,L,0,lng,optimized_lng,complete,26000,0.9035,0.9147,450.17061466295723,1.0,l0_lng_entry_optimized_lng,
sel_10,0.0990661529,T,0,trie,trie,complete,64000,0.9318,0.9318,270.63013520681557,0.601172369745716,l0_trie_entry_trie,
sel_10,0.0990661529,LL,1,lng,optimized_lng,unavailable,,,0.8742,,,l1_t1024_lng_entry_optimized_lng,no measured Lsearch reaches Recall 0.9
sel_10,0.0990661529,LT,1,lng,optimized_lng,unavailable,,,0.8477,,,l1_t1024_trie_entry_optimized_lng,no measured Lsearch reaches Recall 0.9
sel_10,0.0990661529,TL,1,trie,trie,complete,18000,0.9225,0.9551,289.72532590477596,0.6435900444583512,l1_base_trie_t1024_lng_entry_trie,
sel_10,0.0990661529,TT,1,trie,trie,complete,32000,0.9381,0.9381,146.18600707540273,0.32473467239715814,l1_base_trie_t1024_trie_entry_trie,
sel_10,0.0990661529,LLL,2,lng,optimized_lng,unavailable,,,0.8484,,,l2_t1024_16384_ll_entry_optimized_lng,no measured Lsearch reaches Recall 0.9
sel_10,0.0990661529,LLT,2,lng,optimized_lng,unavailable,,,0.8492,,,l2_t1024_16384_lt_entry_optimized_lng,no measured Lsearch reaches Recall 0.9
sel_10,0.0990661529,LTL,2,lng,optimized_lng,unavailable,,,0.822,,,l2_t1024_16384_tl_entry_optimized_lng,no measured Lsearch reaches Recall 0.9
sel_10,0.0990661529,LTT,2,lng,optimized_lng,unavailable,,,0.8229,,,l2_t1024_16384_tt_entry_optimized_lng,no measured Lsearch reaches Recall 0.9
sel_10,0.0990661529,TLL,2,trie,trie,complete,18000,0.905,0.9302,270.56752892028675,0.6010332973929466,l2_base_trie_t1024_16384_ll_entry_trie,
sel_10,0.0990661529,TLT,2,trie,trie,complete,18000,0.907,0.9314,275.64383508780634,0.6123097023873513,l2_base_trie_t1024_16384_lt_entry_trie,
sel_10,0.0990661529,TTL,2,trie,trie,complete,32000,0.9136,0.9136,135.1635377434042,0.30024957947244324,l2_base_trie_t1024_16384_tl_entry_trie,
sel_10,0.0990661529,TTT,2,trie,trie,complete,32000,0.9133,0.9133,139.2623828629282,0.3093546720440515,l2_base_trie_t1024_16384_tt_entry_trie,
sel_30,0.3002724229,L,0,lng,optimized_lng,complete,120000,0.9047,0.9192,52.768777769569304,1.0,l0_lng_entry_optimized_lng,
sel_30,0.3002724229,T,0,trie,trie,unavailable,,,0.8882,,,l0_trie_entry_trie,no measured Lsearch reaches Recall 0.9
sel_30,0.3002724229,LL,1,lng,optimized_lng,unavailable,,,0.8359,,,l1_t1024_lng_entry_optimized_lng,no measured Lsearch reaches Recall 0.9
sel_30,0.3002724229,LT,1,lng,optimized_lng,unavailable,,,0.8283,,,l1_t1024_trie_entry_optimized_lng,no measured Lsearch reaches Recall 0.9
sel_30,0.3002724229,TL,1,trie,trie,complete,60000,0.9054,0.9189,27.662211206515003,0.5242154996901832,l1_base_trie_t1024_lng_entry_trie,
sel_30,0.3002724229,TT,1,trie,trie,complete,90000,0.9095,0.9095,10.49759106529029,0.19893564924189017,l1_base_trie_t1024_trie_entry_trie,
sel_30,0.3002724229,LLL,2,lng,optimized_lng,unavailable,,,0.8385,,,l2_t1024_16384_ll_entry_optimized_lng,no measured Lsearch reaches Recall 0.9
sel_30,0.3002724229,LLT,2,lng,optimized_lng,unavailable,,,0.8393,,,l2_t1024_16384_lt_entry_optimized_lng,no measured Lsearch reaches Recall 0.9
sel_30,0.3002724229,LTL,2,lng,optimized_lng,unavailable,,,0.8333,,,l2_t1024_16384_tl_entry_optimized_lng,no measured Lsearch reaches Recall 0.9
sel_30,0.3002724229,LTT,2,lng,optimized_lng,unavailable,,,0.8324,,,l2_t1024_16384_tt_entry_optimized_lng,no measured Lsearch reaches Recall 0.9
sel_30,0.3002724229,TLL,2,trie,trie,complete,60000,0.9086,0.9183,24.918578544605502,0.472222014567401,l2_base_trie_t1024_16384_ll_entry_trie,
sel_30,0.3002724229,TLT,2,trie,trie,complete,60000,0.9082,0.9171,25.417191425764646,0.48167102783309546,l2_base_trie_t1024_16384_lt_entry_trie,
sel_30,0.3002724229,TTL,2,trie,trie,complete,60000,0.9023,0.9159,27.04873912302578,0.5125898356248123,l2_base_trie_t1024_16384_tl_entry_trie,
sel_30,0.3002724229,TTT,2,trie,trie,complete,60000,0.9014,0.9137,27.136857958901228,0.5142597404359536,l2_base_trie_t1024_16384_tt_entry_trie,
sel_60,0.6004749068,L,0,lng,optimized_lng,complete,260000,0.9283,0.9283,4.069167712781866,1.0,l0_lng_entry_optimized_lng,
sel_60,0.6004749068,T,0,trie,trie,complete,320000,0.9125,0.9125,2.511471144452286,0.6171952894847216,l0_trie_entry_trie,
sel_60,0.6004749068,LL,1,lng,optimized_lng,complete,5000,0.9228,0.9511,56.521603970077464,13.890212436448524,l1_t1024_lng_entry_optimized_lng,
sel_60,0.6004749068,LT,1,lng,optimized_lng,complete,5000,0.9141,0.9503,56.70477227363456,13.935226138631831,l1_t1024_trie_entry_optimized_lng,
sel_60,0.6004749068,TL,1,trie,trie,complete,1000,0.9011,0.9454,1613.6840406648378,396.5636598354043,l1_base_trie_t1024_lng_entry_trie,
sel_60,0.6004749068,TT,1,trie,trie,complete,2500,0.9094,0.937,839.3240084435996,206.26429473701884,l1_base_trie_t1024_trie_entry_trie,
sel_60,0.6004749068,LLL,2,lng,optimized_lng,complete,5000,0.9222,0.9529,56.36819706321693,13.852512612384094,l2_t1024_16384_ll_entry_optimized_lng,
sel_60,0.6004749068,LLT,2,lng,optimized_lng,complete,5000,0.9219,0.9538,61.40262004979752,15.089724578547766,l2_t1024_16384_lt_entry_optimized_lng,
sel_60,0.6004749068,LTL,2,lng,optimized_lng,complete,5000,0.9146,0.9523,57.003767949061434,14.008704475365823,l2_t1024_16384_tl_entry_optimized_lng,
sel_60,0.6004749068,LTT,2,lng,optimized_lng,complete,5000,0.9142,0.9525,56.41637541712858,13.864352466947057,l2_t1024_16384_tt_entry_optimized_lng,
sel_60,0.6004749068,TLL,2,trie,trie,complete,1000,0.9043,0.9453,1565.035847146079,384.60834195407256,l2_base_trie_t1024_16384_ll_entry_trie,
sel_60,0.6004749068,TLT,2,trie,trie,complete,1000,0.9023,0.9456,1598.4182053439915,392.81207317238864,l2_base_trie_t1024_16384_lt_entry_trie,
sel_60,0.6004749068,TTL,2,trie,trie,complete,2500,0.912,0.9381,849.9895876275515,208.8853661542646,l2_base_trie_t1024_16384_tl_entry_trie,
sel_60,0.6004749068,TTT,2,trie,trie,complete,2500,0.9093,0.938,844.6480984859683,207.57269252697597,l2_base_trie_t1024_16384_tt_entry_trie,
sel_80,0.8002369928,L,0,lng,optimized_lng,complete,320000,0.9257,0.9257,1.802899784012606,1.0,l0_lng_entry_optimized_lng,
sel_80,0.8002369928,T,0,trie,trie,complete,602453,0.9699,0.9699,0.5860771511961834,0.32507472483677746,l0_trie_entry_trie,
sel_80,0.8002369928,LL,1,lng,optimized_lng,complete,10000,0.9231,0.9346,36.65158453962861,20.329241183919482,l1_t1024_lng_entry_optimized_lng,
sel_80,0.8002369928,LT,1,lng,optimized_lng,complete,10000,0.918,0.9309,37.078785002373046,20.566193046986236,l1_t1024_trie_entry_optimized_lng,
sel_80,0.8002369928,TL,1,trie,trie,complete,2500,0.9167,0.9323,648.3465542001511,359.6131964457642,l1_base_trie_t1024_lng_entry_trie,
sel_80,0.8002369928,TT,1,trie,trie,complete,5000,0.9171,0.928,285.4186735167148,158.31089229012807,l1_base_trie_t1024_trie_entry_trie,
sel_80,0.8002369928,LLL,2,lng,optimized_lng,complete,10000,0.9238,0.9357,35.44006818669119,19.65725910056651,l2_t1024_16384_ll_entry_optimized_lng,
sel_80,0.8002369928,LLT,2,lng,optimized_lng,complete,5000,0.9004,0.9362,49.698948618741966,27.566118238768656,l2_t1024_16384_lt_entry_optimized_lng,
sel_80,0.8002369928,LTL,2,lng,optimized_lng,complete,10000,0.9181,0.9341,35.88332179086483,19.903115031164667,l2_t1024_16384_tl_entry_optimized_lng,
sel_80,0.8002369928,LTT,2,lng,optimized_lng,complete,10000,0.9182,0.9313,35.94045385605129,19.93480401670512,l2_t1024_16384_tt_entry_optimized_lng,
sel_80,0.8002369928,TLL,2,trie,trie,complete,2500,0.9158,0.9328,647.9453652468025,359.3906721785219,l2_base_trie_t1024_16384_ll_entry_trie,
sel_80,0.8002369928,TLT,2,trie,trie,complete,2500,0.916,0.933,646.832622356476,358.77347598148765,l2_base_trie_t1024_16384_lt_entry_trie,
sel_80,0.8002369928,TTL,2,trie,trie,complete,5000,0.916,0.9281,305.3658894086895,169.37485495120254,l2_base_trie_t1024_16384_tl_entry_trie,
sel_80,0.8002369928,TTT,2,trie,trie,complete,5000,0.9145,0.9285,313.60840972311513,173.94666775384246,l2_base_trie_t1024_16384_tt_entry_trie,
sel_95,0.9501978063,L,0,lng,optimized_lng,complete,320000,0.9134,0.9134,1.5026815351995637,1.0,l0_lng_entry_optimized_lng,
sel_95,0.9501978063,T,0,trie,trie,complete,602453,0.9666,0.9666,0.48865704826709994,0.32519002650964485,l0_trie_entry_trie,
sel_95,0.9501978063,LL,1,lng,optimized_lng,complete,2500,0.9,0.9289,42.06019234125957,27.990090618684395,l1_t1024_lng_entry_optimized_lng,
sel_95,0.9501978063,LT,1,lng,optimized_lng,complete,5000,0.9066,0.9259,36.816614601837514,24.500610235387022,l1_t1024_trie_entry_optimized_lng,
sel_95,0.9501978063,TL,1,trie,trie,complete,2500,0.9098,0.9211,520.3468632190218,346.27886949440494,l1_base_trie_t1024_lng_entry_trie,
sel_95,0.9501978063,TT,1,trie,trie,complete,5000,0.9103,0.9103,265.13278512711133,176.43977044803466,l1_base_trie_t1024_trie_entry_trie,
sel_95,0.9501978063,LLL,2,lng,optimized_lng,complete,2500,0.9004,0.9306,39.605136786241175,26.356307613097417,l2_t1024_16384_ll_entry_optimized_lng,
sel_95,0.9501978063,LLT,2,lng,optimized_lng,complete,2500,0.9006,0.931,39.75416027287256,26.455479315910413,l2_t1024_16384_lt_entry_optimized_lng,
sel_95,0.9501978063,LTL,2,lng,optimized_lng,complete,5000,0.9057,0.9294,36.99216690865709,24.61743625787239,l2_t1024_16384_tl_entry_optimized_lng,
sel_95,0.9501978063,LTT,2,lng,optimized_lng,complete,5000,0.9049,0.9271,36.67793290505734,24.408320755858842,l2_t1024_16384_tt_entry_optimized_lng,
sel_95,0.9501978063,TLL,2,trie,trie,complete,2500,0.9088,0.9208,451.32361934463296,300.3454882306083,l2_base_trie_t1024_16384_ll_entry_trie,
sel_95,0.9501978063,TLT,2,trie,trie,complete,2500,0.9091,0.9203,564.6272331007069,375.7464372021591,l2_base_trie_t1024_16384_lt_entry_trie,
sel_95,0.9501978063,TTL,2,trie,trie,complete,5000,0.909,0.909,267.67132637834004,178.12911126427858,l2_base_trie_t1024_16384_tl_entry_trie,
sel_95,0.9501978063,TTT,2,trie,trie,complete,5000,0.9076,0.9076,269.48149066381376,179.33373396248277,l2_base_trie_t1024_16384_tt_entry_trie,
sel_99,0.9900060038,L,0,lng,optimized_lng,complete,400000,0.9408,0.9408,0.7869399446781219,1.0,l0_lng_entry_optimized_lng,
sel_99,0.9900060038,T,0,trie,trie,complete,602453,0.9656,0.9656,0.4418473638281656,0.5614753283478223,l0_trie_entry_trie,
sel_99,0.9900060038,LL,1,lng,optimized_lng,complete,2500,0.9063,0.9325,15.399398807470556,19.56870903759917,l1_t1024_lng_entry_optimized_lng,
sel_99,0.9900060038,LT,1,lng,optimized_lng,complete,5000,0.9092,0.9301,14.343210067786012,18.226562477588736,l1_t1024_trie_entry_optimized_lng,
sel_99,0.9900060038,TL,1,trie,trie,complete,5000,0.9224,0.9293,253.22610052063285,321.7858011060916,l1_base_trie_t1024_lng_entry_trie,
sel_99,0.9900060038,TT,1,trie,trie,complete,5000,0.9096,0.927,264.4414797616324,336.0376881996956,l1_base_trie_t1024_trie_entry_trie,
sel_99,0.9900060038,LLL,2,lng,optimized_lng,complete,2500,0.9064,0.9338,14.685495429873823,18.661519890035013,l2_t1024_16384_ll_entry_optimized_lng,
sel_99,0.9900060038,LLT,2,lng,optimized_lng,complete,2500,0.9072,0.9346,16.79084898730192,21.33688739636898,l2_t1024_16384_lt_entry_optimized_lng,
sel_99,0.9900060038,LTL,2,lng,optimized_lng,complete,5000,0.9089,0.9325,14.4088066626322,18.309919022506556,l2_t1024_16384_tl_entry_optimized_lng,
sel_99,0.9900060038,LTT,2,lng,optimized_lng,complete,5000,0.9084,0.9313,14.278738102241476,18.144635049732845,l2_t1024_16384_tt_entry_optimized_lng,
sel_99,0.9900060038,TLL,2,trie,trie,complete,5000,0.9219,0.9306,253.95019528770018,322.70594091086855,l2_base_trie_t1024_16384_ll_entry_trie,
sel_99,0.9900060038,TLT,2,trie,trie,complete,5000,0.9215,0.9306,257.77182038459557,327.5622518946229,l2_base_trie_t1024_16384_lt_entry_trie,
sel_99,0.9900060038,TTL,2,trie,trie,complete,5000,0.9085,0.9302,265.85386279016285,337.8324668712855,l2_base_trie_t1024_16384_tl_entry_trie,
sel_99,0.9900060038,TTT,2,trie,trie,complete,5000,0.908,0.9284,267.6706099008682,340.14108917847875,l2_base_trie_t1024_16384_tt_entry_trie,
