topology_code,configuration,recall_crossings,total_workloads,oracle_wins,full_grid_geomean_fraction_of_oracle,full_grid_worst_fraction_of_oracle,full_grid_geomean_speedup_vs_L0_LNG,full_grid_rank
L,0L[L],9,9,2,0.035314773532133546,0.0025216632316109222,1.0,7
T,0L[T],8,9,0,,,,
LL,1L[L|L],4,9,0,,,,
LT,1L[L|T],4,9,0,,,,
TL,1L[T|L],9,9,2,0.8033090807530278,0.5242154996901832,22.747111206081566,3
TT,1L[T|T],9,9,0,0.5486074095613559,0.19893564924189017,15.534784870195146,6
LLL,2L[L|LL],4,9,0,,,,
LLT,2L[L|LT],4,9,0,,,,
LTL,2L[L|TL],4,9,0,,,,
LTT,2L[L|TT],4,9,0,,,,
TLL,2L[T|LL],9,9,0,0.8034069079484187,0.472222014567401,22.749881355387565,2
TLT,2L[T|LT],9,9,4,0.8683410602061006,0.48167102783309546,24.5886062221518,1
TTL,2L[T|TL],9,9,0,0.6311155004725472,0.30024957947244324,17.871146756704636,4
TTT,2L[T|TT],9,9,1,0.6090890354186412,0.3093546720440515,17.247428611270024,5
