workload,mean_selectivity,upper_trie_wins,upper_comparable_pairs,best_upper_change,best_upper_trie_over_lng,matched_trie_base_wins,base_comparable_pairs,best_upper_plan_for_trie_base,best_trie_base_over_lng_base
sel_0p5,0.0049924907,3,5,L1:TL->TT,1.1818809637201326,1,1,none,6.025761166056858
sel_1,0.0090305484,2,5,L2:TLL->TLT,1.0782611923835608,1,1,none,2.7657594061483213
sel_5,0.0503811667,3,5,L2:TLL->TLT,1.224492522228244,1,1,none,18.432065600873447
sel_10,0.0990661529,2,5,L2:TTL->TTT,1.0303250801803168,0,1,none,0.601172369745716
sel_30,0.3002724229,4,5,L1:TLL->TTL,1.0854848351244106,0,0,,
sel_60,0.6004749068,4,10,L2:LLL->LLT,1.0893131809934329,6,7,L,28.54986283685654
sel_80,0.8002369928,5,10,L2:LLL->LLT,1.4023378385430254,6,7,LL,18.282847590291187
sel_95,0.9501978063,3,10,L2:TLL->TLT,1.2510473835174019,6,7,LT,14.20297219775504
sel_99,0.9900060038,6,10,L2:LLL->LLT,1.1433627872809318,6,7,TT,18.746097027919383
