workload,mean_selectivity,changed_level,lng_code,trie_code,lng_configuration,trie_configuration,lng_status,trie_status,lng_qps,trie_qps,trie_over_lng
sel_0p5,0.0049924907,1,LL,LT,1L[L|L],1L[L|T],unavailable,unavailable,,,
sel_0p5,0.0049924907,1,TL,TT,1L[T|L],1L[T|T],complete,complete,15177.235967317341,17937.686271660878,1.1818809637201326
sel_0p5,0.0049924907,1,LLL,LTL,2L[L|LL],2L[L|TL],unavailable,unavailable,,,
sel_0p5,0.0049924907,2,LLL,LLT,2L[L|LL],2L[L|LT],unavailable,unavailable,,,
sel_0p5,0.0049924907,1,LLT,LTT,2L[L|LT],2L[L|TT],unavailable,unavailable,,,
sel_0p5,0.0049924907,2,LTL,LTT,2L[L|TL],2L[L|TT],unavailable,unavailable,,,
sel_0p5,0.0049924907,1,TLL,TTL,2L[T|LL],2L[T|TL],complete,complete,19158.519506246634,20593.10192864696,1.0748796075778497
sel_0p5,0.0049924907,2,TLL,TLT,2L[T|LL],2L[T|LT],complete,complete,19158.519506246634,21707.889949681114,1.1330671946025506
sel_0p5,0.0049924907,1,TLT,TTT,2L[T|LT],2L[T|TT],complete,complete,21707.889949681114,17565.41580413156,0.8091719575162852
sel_0p5,0.0049924907,2,TTL,TTT,2L[T|TL],2L[T|TT],complete,complete,20593.10192864696,17565.41580413156,0.8529757131778384
sel_1,0.0090305484,1,LL,LT,1L[L|L],1L[L|T],unavailable,unavailable,,,
sel_1,0.0090305484,1,TL,TT,1L[T|L],1L[T|T],complete,complete,12447.146305002385,12144.743481764364,0.9757050479019044
sel_1,0.0090305484,1,LLL,LTL,2L[L|LL],2L[L|TL],unavailable,unavailable,,,
sel_1,0.0090305484,2,LLL,LLT,2L[L|LL],2L[L|LT],unavailable,unavailable,,,
sel_1,0.0090305484,1,LLT,LTT,2L[L|LT],2L[L|TT],unavailable,unavailable,,,
sel_1,0.0090305484,2,LTL,LTT,2L[L|TL],2L[L|TT],unavailable,unavailable,,,
sel_1,0.0090305484,1,TLL,TTL,2L[T|LL],2L[T|TL],complete,complete,13242.156670604001,14062.304446078797,1.061934607471865
sel_1,0.0090305484,2,TLL,TLT,2L[T|LL],2L[T|LT],complete,complete,13242.156670604001,14278.503641375393,1.0782611923835608
sel_1,0.0090305484,1,TLT,TTT,2L[T|LT],2L[T|TT],complete,complete,14278.503641375393,12353.41133277249,0.8651754863846877
sel_1,0.0090305484,2,TTL,TTT,2L[T|TL],2L[T|TT],complete,complete,14062.304446078797,12353.41133277249,0.8784770220372505
sel_5,0.0503811667,1,LL,LT,1L[L|L],1L[L|T],unavailable,unavailable,,,
sel_5,0.0503811667,1,TL,TT,1L[T|L],1L[T|T],complete,complete,9105.216697328484,10937.269291975874,1.201209115120228
sel_5,0.0503811667,1,LLL,LTL,2L[L|LL],2L[L|TL],unavailable,unavailable,,,
sel_5,0.0503811667,2,LLL,LLT,2L[L|LL],2L[L|LT],unavailable,unavailable,,,
sel_5,0.0503811667,1,LLT,LTT,2L[L|LT],2L[L|TT],unavailable,unavailable,,,
sel_5,0.0503811667,2,LTL,LTT,2L[L|TL],2L[L|TT],unavailable,unavailable,,,
sel_5,0.0503811667,1,TLL,TTL,2L[T|LL],2L[T|TL],complete,complete,9569.964093494722,11082.174322602094,1.1580162907962541
sel_5,0.0503811667,2,TLL,TLT,2L[T|LL],2L[T|LT],complete,complete,9569.964093494722,11718.349470477082,1.224492522228244
sel_5,0.0503811667,1,TLT,TTT,2L[T|LT],2L[T|TT],complete,complete,11718.349470477082,10046.257994937692,0.8573099838205017
sel_5,0.0503811667,2,TTL,TTT,2L[T|TL],2L[T|TT],complete,complete,11082.174322602094,10046.257994937692,0.9065240901732028
sel_10,0.0990661529,1,LL,LT,1L[L|L],1L[L|T],unavailable,unavailable,,,
sel_10,0.0990661529,1,TL,TT,1L[T|L],1L[T|T],complete,complete,289.72532590477596,146.18600707540273,0.504567581791071
sel_10,0.0990661529,1,LLL,LTL,2L[L|LL],2L[L|TL],unavailable,unavailable,,,
sel_10,0.0990661529,2,LLL,LLT,2L[L|LL],2L[L|LT],unavailable,unavailable,,,
sel_10,0.0990661529,1,LLT,LTT,2L[L|LT],2L[L|TT],unavailable,unavailable,,,
sel_10,0.0990661529,2,LTL,LTT,2L[L|TL],2L[L|TT],unavailable,unavailable,,,
sel_10,0.0990661529,1,TLL,TTL,2L[T|LL],2L[T|TL],complete,complete,270.56752892028675,135.1635377434042,0.49955564986966855
sel_10,0.0990661529,2,TLL,TLT,2L[T|LL],2L[T|LT],complete,complete,270.56752892028675,275.64383508780634,1.0187616976352516
sel_10,0.0990661529,1,TLT,TTT,2L[T|LT],2L[T|TT],complete,complete,275.64383508780634,139.2623828629282,0.5052258209169314
sel_10,0.0990661529,2,TTL,TTT,2L[T|TL],2L[T|TT],complete,complete,135.1635377434042,139.2623828629282,1.0303250801803168
sel_30,0.3002724229,1,LL,LT,1L[L|L],1L[L|T],unavailable,unavailable,,,
sel_30,0.3002724229,1,TL,TT,1L[T|L],1L[T|T],complete,complete,27.662211206515003,10.49759106529029,0.3794921160466701
sel_30,0.3002724229,1,LLL,LTL,2L[L|LL],2L[L|TL],unavailable,unavailable,,,
sel_30,0.3002724229,2,LLL,LLT,2L[L|LL],2L[L|LT],unavailable,unavailable,,,
sel_30,0.3002724229,1,LLT,LTT,2L[L|LT],2L[L|TT],unavailable,unavailable,,,
sel_30,0.3002724229,2,LTL,LTT,2L[L|TL],2L[L|TT],unavailable,unavailable,,,
sel_30,0.3002724229,1,TLL,TTL,2L[T|LL],2L[T|TL],complete,complete,24.918578544605502,27.04873912302578,1.0854848351244106
sel_30,0.3002724229,2,TLL,TLT,2L[T|LL],2L[T|LT],complete,complete,24.918578544605502,25.417191425764646,1.0200096839499333
sel_30,0.3002724229,1,TLT,TTT,2L[T|LT],2L[T|TT],complete,complete,25.417191425764646,27.136857958901228,1.0676576142631324
sel_30,0.3002724229,2,TTL,TTT,2L[T|TL],2L[T|TT],complete,complete,27.04873912302578,27.136857958901228,1.003257779797966
sel_60,0.6004749068,1,LL,LT,1L[L|L],1L[L|T],complete,complete,56.521603970077464,56.70477227363456,1.0032406777354383
sel_60,0.6004749068,1,TL,TT,1L[T|L],1L[T|T],complete,complete,1613.6840406648378,839.3240084435996,0.5201290880324987
sel_60,0.6004749068,1,LLL,LTL,2L[L|LL],2L[L|TL],complete,complete,56.36819706321693,57.003767949061434,1.0112753453003245
sel_60,0.6004749068,2,LLL,LLT,2L[L|LL],2L[L|LT],complete,complete,56.36819706321693,61.40262004979752,1.0893131809934329
sel_60,0.6004749068,1,LLT,LTT,2L[L|LT],2L[L|TT],complete,complete,61.40262004979752,56.41637541712858,0.9187942692245852
sel_60,0.6004749068,2,LTL,LTT,2L[L|TL],2L[L|TT],complete,complete,57.003767949061434,56.41637541712858,0.9896955490300615
sel_60,0.6004749068,1,TLL,TTL,2L[T|LL],2L[T|TL],complete,complete,1565.035847146079,849.9895876275515,0.5431118968792631
sel_60,0.6004749068,2,TLL,TLT,2L[T|LL],2L[T|LT],complete,complete,1565.035847146079,1598.4182053439915,1.0213300917412127
sel_60,0.6004749068,1,TLT,TTT,2L[T|LT],2L[T|TT],complete,complete,1598.4182053439915,844.6480984859683,0.5284274764026438
sel_60,0.6004749068,2,TTL,TTT,2L[T|TL],2L[T|TT],complete,complete,849.9895876275515,844.6480984859683,0.9937158181472645
sel_80,0.8002369928,1,LL,LT,1L[L|L],1L[L|T],complete,complete,36.65158453962861,37.078785002373046,1.0116557160654962
sel_80,0.8002369928,1,TL,TT,1L[T|L],1L[T|T],complete,complete,648.3465542001511,285.4186735167148,0.4402254807520782
sel_80,0.8002369928,1,LLL,LTL,2L[L|LL],2L[L|TL],complete,complete,35.44006818669119,35.88332179086483,1.012507131810206
sel_80,0.8002369928,2,LLL,LLT,2L[L|LL],2L[L|LT],complete,complete,35.44006818669119,49.698948618741966,1.4023378385430254
sel_80,0.8002369928,1,LLT,LTT,2L[L|LT],2L[L|TT],complete,complete,49.698948618741966,35.94045385605129,0.7231632631056866
sel_80,0.8002369928,2,LTL,LTT,2L[L|TL],2L[L|TT],complete,complete,35.88332179086483,35.94045385605129,1.001592162105823
sel_80,0.8002369928,1,TLL,TTL,2L[T|LL],2L[T|TL],complete,complete,647.9453652468025,305.3658894086895,0.4712833917600068
sel_80,0.8002369928,2,TLL,TLT,2L[T|LL],2L[T|LT],complete,complete,647.9453652468025,646.832622356476,0.9982826593876436
sel_80,0.8002369928,1,TLT,TTT,2L[T|LT],2L[T|TT],complete,complete,646.832622356476,313.60840972311513,0.4848370333898873
sel_80,0.8002369928,2,TTL,TTT,2L[T|TL],2L[T|TT],complete,complete,305.3658894086895,313.60840972311513,1.0269922758248684
sel_95,0.9501978063,1,LL,LT,1L[L|L],1L[L|T],complete,complete,42.06019234125957,36.816614601837514,0.8753315796352579
sel_95,0.9501978063,1,TL,TT,1L[T|L],1L[T|T],complete,complete,520.3468632190218,265.13278512711133,0.509530860793357
sel_95,0.9501978063,1,LLL,LTL,2L[L|LL],2L[L|TL],complete,complete,39.605136786241175,36.99216690865709,0.9340244703184101
sel_95,0.9501978063,2,LLL,LLT,2L[L|LL],2L[L|LT],complete,complete,39.605136786241175,39.75416027287256,1.0037627312698274
sel_95,0.9501978063,1,LLT,LTT,2L[L|LT],2L[L|TT],complete,complete,39.75416027287256,36.67793290505734,0.9226187310535553
sel_95,0.9501978063,2,LTL,LTT,2L[L|TL],2L[L|TT],complete,complete,36.99216690865709,36.67793290505734,0.9915053907391889
sel_95,0.9501978063,1,TLL,TTL,2L[T|LL],2L[T|TL],complete,complete,451.32361934463296,267.67132637834004,0.59308069621312
sel_95,0.9501978063,2,TLL,TLT,2L[T|LL],2L[T|LT],complete,complete,451.32361934463296,564.6272331007069,1.2510473835174019
sel_95,0.9501978063,1,TLT,TTT,2L[T|LT],2L[T|TT],complete,complete,564.6272331007069,269.48149066381376,0.4772732784848673
sel_95,0.9501978063,2,TTL,TTT,2L[T|TL],2L[T|TT],complete,complete,267.67132637834004,269.48149066381376,1.0067626380082084
sel_99,0.9900060038,1,LL,LT,1L[L|L],1L[L|T],complete,complete,15.399398807470556,14.343210067786012,0.9314136380978609
sel_99,0.9900060038,1,TL,TT,1L[T|L],1L[T|T],complete,complete,253.22610052063285,264.4414797616324,1.044289981237877
sel_99,0.9900060038,1,LLL,LTL,2L[L|LL],2L[L|TL],complete,complete,14.685495429873823,14.4088066626322,0.981159044407942
sel_99,0.9900060038,2,LLL,LLT,2L[L|LL],2L[L|LT],complete,complete,14.685495429873823,16.79084898730192,1.1433627872809318
sel_99,0.9900060038,1,LLT,LTT,2L[L|LT],2L[L|TT],complete,complete,16.79084898730192,14.278738102241476,0.8503880961016189
sel_99,0.9900060038,2,LTL,LTT,2L[L|TL],2L[L|TT],complete,complete,14.4088066626322,14.278738102241476,0.990972981771763
sel_99,0.9900060038,1,TLL,TTL,2L[T|LL],2L[T|TL],complete,complete,253.95019528770018,265.85386279016285,1.0468740238178473
sel_99,0.9900060038,2,TLL,TLT,2L[T|LL],2L[T|LT],complete,complete,253.95019528770018,257.77182038459557,1.0150487188740527
sel_99,0.9900060038,1,TLT,TTT,2L[T|LT],2L[T|TT],complete,complete,257.77182038459557,267.6706099008682,1.038401364049428
sel_99,0.9900060038,2,TTL,TTT,2L[T|TL],2L[T|TT],complete,complete,265.85386279016285,267.6706099008682,1.0068336306707693
