variant,source,workload,ef_search,num_queries,threads,num_measured_repeats,recall,filter_violations,lookup_ms_mean,lookup_ms_median,lookup_ms_cv,materialize_ms_mean,materialize_ms_median,materialize_ms_cv,search_ms_mean,search_ms_median,search_ms_cv,total_ms_mean,total_ms_median,total_ms_cv
ACORN-1,probe,25%,64,1000,100,3,0.7287,0,30.06566666666667,28.537,0.1828071179077457,375.685,379.635,0.026755760436785358,107.211,115.618,0.12888017887066186,512.9613333333333,506.039,0.031601033929506146
ACORN-1,probe,25%,256,1000,100,3,0.8375,0,28.299333333333333,29.095,0.09425982642069508,223.98933333333332,223.053,0.06349796795621813,261.1086666666667,255.597,0.0943596530745728,513.3973333333333,503.358,0.0747605905434078
ACORN-1,probe,25%,1024,1000,100,3,0.878,0,58.794000000000004,58.292,0.05284047273062895,243.21733333333336,252.592,0.06872173087665542,701.62,569.191,0.30803843331429825,1003.6306666666668,881.777,0.2262134111670599
ACORN-1,probe,25%,4096,1000,100,3,0.8951,0,91.03766666666667,89.945,0.05337953621079324,232.715,200.439,0.1990965036012536,1791.1293333333333,1685.881,0.09101406034446631,2114.8816666666667,1983.78,0.0987281939495648
ACORN-1,high_ef_probe,25%,8192,1000,100,3,0.8997,0,50.97933333333333,49.886,0.061386939911026527,214.692,215.629,0.009658482685722383,3395.8880000000004,3399.846,0.019486808811563512,3661.559333333333,3665.36,0.01943530812230095
ACORN-1,high_ef_probe,25%,16384,1000,100,3,0.9011,0,71.16733333333333,77.955,0.1409260960404109,205.75300000000001,205.972,0.027405728843147435,8120.495999999999,8247.693,0.03248073066435535,8397.416333333333,8538.196,0.03246580095096161
ACORN-1,selected_formal,25%,16384,1000,100,5,0.9011,0,55.426199999999994,57.018,0.10948907083669576,202.387,202.339,0.03495699259537931,8000.6294,7943.332,0.03300028149466496,8258.4426,8207.948,0.03299949020249774
ACORN-1,high_ef_probe,25%,32768,1000,100,3,0.9014,0,76.403,78.854,0.07369865354005826,207.10766666666666,205.865,0.0234809298702241,24633.56766666667,24407.468,0.021678075771815287,24917.078666666668,24691.078,0.021391263433221803
ACORN-1,probe,50%,64,1000,100,3,0.6475,0,20.388,11.396,0.6609403865616671,277.195,279.953,0.03249453921567139,79.57966666666667,81.549,0.03668026395027107,377.1623333333334,378.656,0.053158965067501666
ACORN-1,probe,50%,256,1000,100,3,0.7665,0,25.728666666666665,18.538,0.4077309484124813,254.92066666666665,249.671,0.04322785457947102,270.93433333333337,271.72,0.010250122287812791,551.584,552.609,0.014036187022084801
ACORN-1,probe,50%,1024,1000,100,3,0.8204,0,48.24166666666667,50.196,0.13887003982762558,260.43666666666667,266.546,0.03407457976899745,711.717,641.451,0.19594515150090572,1020.3953333333334,958.193,0.1336698432602155
ACORN-1,probe,50%,4096,1000,100,3,0.8477,0,72.65366666666667,60.168,0.41676733894372925,260.4783333333333,211.812,0.28152426737003994,1687.0703333333333,1683.381,0.08481537162351005,2020.2026666666668,1949.052,0.11857839035386139
ACORN-1,high_ef_probe,50%,8192,1000,100,3,0.8531,0,92.48833333333334,83.238,0.1447673514048158,244.982,250.646,0.05896724902748784,2776.5733333333337,2729.438,0.026757461617011983,3114.044,3071.393,0.02996756792298389
ACORN-1,selected_formal,50%,8192,1000,100,5,0.8531,0,55.326800000000006,52.208,0.29249159418393333,196.03879999999998,196.052,0.019695341011748475,2869.6608,2864.419,0.01257349698467187,3121.0262000000002,3106.804,0.017203838011013464
ACORN-1,high_ef_probe,50%,16384,1000,100,3,0.855,0,61.465666666666664,55.976,0.19247738043774246,203.90833333333333,200.757,0.02699312950981486,6830.151666666668,6887.904,0.016310007632102764,7095.526000000001,7144.638,0.01758618977576449
ACORN-1,high_ef_probe,50%,32768,1000,100,3,0.8563,0,80.10966666666667,89.475,0.18587397747274506,218.96966666666665,208.204,0.09958442520795725,22812.562666666665,22662.405,0.00947462738543772,23111.642666666667,23003.546,0.009144650937683416
ACORN-1,probe,75%,64,1000,100,3,0.6085,0,58.338,62.932,0.3147513456359053,257.094,257.237,0.01415554435276675,92.72633333333333,92.851,0.004057775193074279,408.15766666666667,407.715,0.04826480561630479
ACORN-1,probe,75%,256,1000,100,3,0.7626,0,65.377,57.413,0.2909494135290104,337.5043333333333,326.473,0.062426916854572384,265.67466666666667,265.102,0.0037588347481819855,668.5563333333333,677.739,0.020708641147790533
ACORN-1,probe,75%,1024,1000,100,3,0.8359,0,58.907000000000004,60.26,0.5494524421874444,253.07066666666665,244.022,0.06440296023095646,714.292,655.246,0.14309307206323574,1026.2693333333334,1003.361,0.06788041431397614
ACORN-1,probe,75%,4096,1000,100,3,0.8716,0,112.31066666666668,102.621,0.3693751720870253,291.424,299.758,0.10896713159450964,1742.6596666666665,1740.521,0.03305386835390333,2146.3946666666666,2142.9,0.060438482398397116
ACORN-1,selected_formal,75%,4096,1000,100,5,0.8716,0,80.938,71.624,0.23767935440602986,255.38000000000002,242.658,0.11968080461619746,1813.3928,1792.638,0.0433156148648699,2149.7108,2109.504,0.0559555766110214
ACORN-1,high_ef_probe,75%,8192,1000,100,3,0.8821,0,95.988,82.072,0.2476619947735557,209.76433333333333,209.012,0.01426152176469807,3428.5723333333335,3451.499,0.03223106552327479,3734.3250000000003,3734.476,0.0349688898468638
ACORN-1,high_ef_probe,75%,16384,1000,100,3,0.8861,0,93.824,87.742,0.13277315545661442,209.77566666666667,210.284,0.022478847043494316,8318.308333333332,8271.327,0.009978427810145293,8621.907333333334,8575.101,0.008590713481679274
ACORN-1,high_ef_probe,75%,32768,1000,100,3,0.8875,0,118.315,119.221,0.15045732963373493,209.25200000000004,209.104,0.022851551287660858,29540.67466666667,29465.953,0.01617294488519954,29868.24166666667,29771.131,0.015628197265557055
ACORN-gamma12,formal,25%,16,1000,100,5,0.5042,0,26.992,25.242,0.13749343573456596,261.5528,268.565,0.043694134783080256,45.1836,39.683,0.3599816031459902,333.72860000000003,334.934,0.05449454378878148
ACORN-gamma12,formal,25%,32,1000,100,5,0.6317,0,32.165,28.659,0.23037073302718125,345.3442,343.886,0.05691426935834843,51.3408,48.83,0.426359720840117,428.8504,429.168,0.09125002456630846
ACORN-gamma12,formal,25%,64,1000,100,5,0.713,0,25.1152,24.946,0.09393139937061597,183.411,183.786,0.008900648767562983,69.46340000000001,67.913,0.236215637309607,277.9898,276.646,0.05626683051366815
ACORN-gamma12,formal,25%,128,1000,100,5,0.7725,0,30.142400000000002,31.881,0.1617930176612233,197.1308,201.301,0.04818596208324927,81.9076,81.951,0.020054154508851747,309.1806,307.436,0.024584923156254004
ACORN-gamma12,formal,25%,256,1000,100,5,0.8058,0,38.824,42.608,0.23964590506439734,230.36399999999998,224.0,0.16089609441037658,152.375,151.916,0.07122551861863609,421.5628,410.917,0.11327153436617338
ACORN-gamma12,formal,25%,512,1000,100,5,0.8272,0,37.8562,35.008,0.22683951437325137,346.1498,372.94,0.17780919445946625,270.71320000000003,232.029,0.22369268902323092,654.7196,653.28,0.12587104276128308
ACORN-gamma12,formal,25%,1024,1000,100,5,0.8437,0,31.061,31.025,0.20946820180896286,199.8702,196.957,0.06997910427221968,415.9312,399.464,0.14918771336434622,646.8622,639.325,0.09160982688927086
ACORN-gamma12,formal,25%,2048,1000,100,5,0.8502,0,40.650999999999996,41.64,0.35291761308150577,203.8826,203.198,0.06233442969475415,695.671,637.029,0.2083332275167494,940.2041999999999,882.347,0.1575977343371827
ACORN-gamma12,high_ef_probe,25%,4096,1000,100,3,0.8559,0,55.958,49.573,0.5566177207546031,263.145,292.672,0.18013377228581695,1179.1736666666666,1117.567,0.08514140759048654,1498.277,1514.963,0.094643899742489
ACORN-gamma12,high_ef_probe,25%,8192,1000,100,3,0.8573,0,50.39000000000001,53.468,0.1885513974638059,224.092,205.442,0.12243883879229527,2332.4223333333334,2328.158,0.019048707743107546,2606.9043333333334,2647.754,0.023107224102222344
ACORN-gamma12,high_ef_probe,25%,16384,1000,100,3,0.8582,0,72.49266666666666,72.215,0.23048834684500882,206.22833333333332,205.686,0.00524050489198217,6198.286,6220.115,0.01938592814551838,6477.0070000000005,6477.969,0.01987023045885173
ACORN-gamma12,high_ef_probe,25%,32768,1000,100,3,0.8582,0,55.796666666666674,57.139,0.05705340538437853,206.62266666666665,202.189,0.03751890666739938,21901.790333333334,21646.67,0.016873295713692497,22164.210000000003,21905.998,0.01712103512801358
ACORN-gamma12,formal,50%,16,1000,100,5,0.5221,0,14.9722,9.99,0.67324378534882,196.5468,196.88,0.058739358413496874,22.368000000000002,21.8,0.06863028187488357,233.8866,242.092,0.06841478602044722
ACORN-gamma12,formal,50%,32,1000,100,5,0.6454,0,18.7848,9.966,0.8771227217635458,212.8982,215.503,0.11850166000879726,35.492200000000004,34.922,0.049675477669028814,267.1752,260.391,0.14225252689854676
ACORN-gamma12,formal,50%,64,1000,100,5,0.7221,0,21.213,12.869,0.8108727805534045,221.34099999999998,190.944,0.21189748703768183,66.33,65.716,0.07411887401244249,308.8836,274.55,0.16163083544660492
ACORN-gamma12,formal,50%,128,1000,100,5,0.766,0,20.7852,13.976,0.7453615943805378,332.7496,338.373,0.06950571629865614,105.05080000000001,101.139,0.09716992554576373,458.5852,465.194,0.05193688440146298
ACORN-gamma12,formal,50%,256,1000,100,5,0.7923,0,23.4878,10.82,1.108130452792466,282.83779999999996,285.878,0.05619077217823962,182.3188,179.79,0.27529912508009385,488.64459999999997,494.382,0.11609887327184189
ACORN-gamma12,formal,50%,512,1000,100,5,0.8047,0,48.379,32.739,0.5722933359669924,345.3732,354.182,0.04918459702700953,296.85659999999996,264.063,0.17706543769162295,690.609,699.586,0.08100835352478401
ACORN-gamma12,formal,50%,1024,1000,100,5,0.8124,0,31.248199999999997,41.486,0.496060375681303,262.3036,274.709,0.1433598746425535,465.30100000000004,399.738,0.24162898529525043,758.853,729.144,0.08900967304277263
ACORN-gamma12,formal,50%,2048,1000,100,5,0.8149,0,36.5478,29.596,0.6509481201993552,243.1936,243.36,0.1452502360853381,761.1827999999999,700.747,0.13167893508167589,1040.9238,947.877,0.13354974361916477
ACORN-gamma12,high_ef_probe,50%,4096,1000,100,3,0.8161,0,62.56166666666667,49.718,0.6287752323377593,248.41466666666668,273.106,0.14192373312143847,1320.7943333333333,1250.831,0.13175747545402142,1631.771,1573.655,0.14665264365490685
ACORN-gamma12,high_ef_probe,50%,8192,1000,100,3,0.8164,0,60.05733333333333,52.561,0.3164071292221626,213.99133333333336,216.871,0.04827340860527447,2472.454333333333,2479.354,0.017213984548452497,2746.503,2782.38,0.0226968142127601
ACORN-gamma12,high_ef_probe,50%,16384,1000,100,3,0.8165,0,59.51866666666666,58.781,0.10039670312002727,205.303,203.559,0.018283154040345948,6278.301666666666,6254.723,0.021608229124388513,6543.123333333333,6509.153,0.020989817871311076
ACORN-gamma12,high_ef_probe,50%,32768,1000,100,3,0.8165,0,96.17033333333332,92.717,0.16239245433024643,202.91799999999998,205.688,0.019721326707522427,21930.501,22149.122,0.029173466633969792,22229.588666666667,22425.385,0.029047996670899516
ACORN-gamma12,formal,75%,16,1000,100,5,0.5766,0,45.342,43.066,0.20966932273764075,284.9982,296.076,0.08860048626614937,28.227999999999998,26.315,0.1306907173229567,358.5682,357.614,0.0866908464964024
ACORN-gamma12,formal,75%,32,1000,100,5,0.7044,0,29.531,29.639,0.07884690554113227,293.413,255.095,0.18260077803391705,57.08140000000001,43.944,0.38711513086026156,380.0254,369.491,0.10122224593259634
ACORN-gamma12,formal,75%,64,1000,100,5,0.7727,0,38.049400000000006,35.206,0.1772312822949101,291.8958,253.656,0.17097705720724227,70.4742,69.199,0.05274168495969709,400.4196,376.809,0.11696172969611696
ACORN-gamma12,formal,75%,128,1000,100,5,0.8131,0,38.4196,36.497,0.0957465399488943,252.54700000000003,252.217,0.008633066079666579,119.8518,120.741,0.03257884544337981,410.81859999999995,411.391,0.021377626486924668
ACORN-gamma12,formal,75%,256,1000,100,5,0.8398,0,46.17,51.651,0.21466815820387883,253.1494,254.467,0.014398871295127678,232.3934,213.667,0.19008947802969445,531.7128,508.222,0.0959149467850682
ACORN-gamma12,formal,75%,512,1000,100,5,0.8557,0,59.676199999999994,57.486,0.23631131745725642,253.3798,253.118,0.018933878657866526,380.1156,369.862,0.13035431765645566,693.1716,670.157,0.06857018946928076
ACORN-gamma12,formal,75%,1024,1000,100,5,0.8662,0,42.087599999999995,52.46,0.4473902168401566,224.27620000000002,211.827,0.14275526777233727,537.749,503.822,0.18842108273342667,804.1126,774.375,0.092032199014894
ACORN-gamma12,formal,75%,2048,1000,100,5,0.871,0,66.31,60.716,0.3631957938607948,237.18379999999996,220.618,0.1678864047691266,934.3086,843.998,0.21266557702653596,1237.8022,1148.216,0.19609587052166433
ACORN-gamma12,high_ef_probe,75%,4096,1000,100,3,0.8731,0,89.00966666666666,103.558,0.4057355482955454,229.419,216.336,0.1157048536737675,1609.1013333333333,1546.644,0.10144575847263963,1927.5296666666666,1916.634,0.10186488340133598
ACORN-gamma12,high_ef_probe,75%,8192,1000,100,3,0.8746,0,81.04833333333333,68.523,0.22543814388958777,212.79100000000003,212.456,0.02917731388305316,2959.8193333333334,2988.898,0.022440176588668082,3253.6586666666667,3269.092,0.026345262208329966
ACORN-gamma12,high_ef_probe,75%,16384,1000,100,3,0.875,0,81.20066666666666,79.547,0.051723224896283226,213.221,213.994,0.028836168170549348,7689.2626666666665,7553.535,0.03765467325780575,7983.685,7844.616,0.0360007565539823
ACORN-gamma12,high_ef_probe,75%,32768,1000,100,3,0.875,0,89.51066666666667,93.698,0.07672237813373343,211.244,212.871,0.014113018293931558,27746.136,27825.99,0.005068412807854313,28046.890666666663,28118.689,0.004862589365950479
ACORN-gamma2,gamma_sweep,25%,1024,1000,100,3,0.8135,0,33.28966666666667,29.158,0.24379520748379466,216.018,216.334,0.040815637690080606,394.8143333333333,378.453,0.08969320682531254,644.1216666666667,609.6,0.0781158229541279
ACORN-gamma2,gamma_sweep,25%,4096,1000,100,3,0.832,0,66.89466666666667,56.074,0.5036342236766458,258.65066666666667,259.484,0.0326100285916597,1197.2893333333334,1084.18,0.1635583603751417,1522.8346666666666,1399.738,0.15534736556578288
ACORN-gamma2,gamma_sweep,25%,16384,1000,100,3,0.8362,0,60.466,58.063,0.09744178869340347,209.56000000000003,209.351,0.005973801305291524,6040.994,5983.828,0.02013786746207875,6311.02,6260.546,0.01913093605619366
ACORN-gamma2,gamma_sweep,50%,1024,1000,100,3,0.7496,0,40.073,52.469,0.507877125475034,246.7266666666667,248.993,0.05386661505837211,555.8796666666666,509.412,0.13995729670606388,842.6786666666667,823.632,0.09732955495538219
ACORN-gamma2,gamma_sweep,50%,4096,1000,100,3,0.7577,0,60.47233333333333,65.782,0.13364811528300855,252.02700000000002,262.16,0.14751453414334006,1233.5433333333333,1147.99,0.11442320812168215,1546.0423333333335,1431.347,0.11198322744114593
ACORN-gamma2,gamma_sweep,50%,16384,1000,100,3,0.7595,0,65.006,69.946,0.13102467306921017,201.408,203.418,0.01931451849988687,5844.477,5784.112,0.021205398703190423,6110.891333333333,6033.102,0.020847898933722197
ACORN-gamma2,gamma_sweep,75%,1024,1000,100,3,0.8533,0,64.84066666666666,68.346,0.08161029965074058,271.8066666666667,251.752,0.23047475338192977,575.214,532.552,0.13537090904763527,911.861,933.537,0.09463444929078574
ACORN-gamma2,gamma_sweep,75%,4096,1000,100,3,0.8629,0,81.71,72.098,0.4671161106849221,290.9796666666667,273.401,0.08657769731152008,1448.095,1430.908,0.024884677364219416,1820.7849999999999,1836.824,0.038257821410358855
ACORN-gamma2,gamma_sweep,75%,16384,1000,100,3,0.8662,0,103.16633333333334,104.989,0.03955455508904499,206.63766666666666,206.356,0.005092472532802269,7471.414333333334,7454.779,0.010827947852400712,7781.218333333333,7760.336,0.010520042492737131
ACORN-gamma4,gamma_sweep,25%,1024,1000,100,3,0.8379,0,26.70866666666667,26.767,0.08024706924928177,255.864,241.738,0.08556796616510226,401.955,379.102,0.11135040514655518,684.5276666666667,695.195,0.06198531008501485
ACORN-gamma4,gamma_sweep,25%,4096,1000,100,3,0.8505,0,48.78666666666666,35.156,0.42335862190064005,206.641,204.155,0.02796859115413418,1208.133,1061.12,0.19477369335921507,1463.5603333333336,1308.976,0.17236535494301816
ACORN-gamma4,gamma_sweep,25%,16384,1000,100,3,0.8534,0,56.99633333333333,54.556,0.06891374554184963,204.76066666666668,201.702,0.024414513270202477,6212.254666666667,6129.638,0.02676222161644187,6474.011666666666,6384.964,0.024843146469808234
ACORN-gamma4,gamma_sweep,50%,1024,1000,100,3,0.7624,0,38.19133333333333,47.108,0.4901299941168066,252.2253333333333,240.57,0.23145155092056335,473.2706666666666,451.199,0.12562724741164014,763.6873333333333,789.985,0.10957086388849699
ACORN-gamma4,gamma_sweep,50%,4096,1000,100,3,0.7686,0,64.49266666666666,57.378,0.2111117594688512,261.2146666666667,259.658,0.02214741976048226,1346.628,1338.536,0.055154720087503245,1672.3353333333332,1660.041,0.0520570587844356
ACORN-gamma4,gamma_sweep,50%,16384,1000,100,3,0.77,0,64.24266666666666,56.34,0.2566342062769895,210.16600000000003,199.317,0.07563935452729845,6063.238,6008.3,0.03666458045614872,6337.647333333333,6263.178,0.040003897074027676
ACORN-gamma4,gamma_sweep,75%,1024,1000,100,3,0.861,0,56.24166666666667,43.866,0.629231311174055,247.082,262.58,0.11771874263062908,729.5056666666666,721.044,0.16546293161295864,1032.8296666666668,1004.057,0.16790958691345495
ACORN-gamma4,gamma_sweep,75%,4096,1000,100,3,0.8691,0,82.879,93.215,0.5361883116960976,212.27266666666665,217.523,0.05497013675422573,1628.2396666666666,1543.143,0.07767000527018117,1923.3913333333333,1859.553,0.07961181871301883
ACORN-gamma4,gamma_sweep,75%,16384,1000,100,3,0.8719,0,88.962,89.191,0.03366380706096535,210.90600000000003,207.247,0.02872969017817513,7666.520666666666,7733.147,0.015259280957300236,7966.389,8025.579,0.015233884089059253
ACORN-gamma8,gamma_sweep,25%,1024,1000,100,3,0.8332,0,35.83833333333333,35.088,0.1941618312897911,196.39166666666665,187.118,0.07113653447410287,473.94366666666673,425.635,0.1717079472756272,706.1736666666666,658.859,0.1149275113244962
ACORN-gamma8,gamma_sweep,25%,4096,1000,100,3,0.8438,0,46.82466666666667,40.148,0.40738511450049036,211.53166666666667,210.71,0.03579248887776443,1196.4856666666667,1092.07,0.14898924441488628,1454.8419999999999,1340.786,0.13077195338260866
ACORN-gamma8,gamma_sweep,25%,16384,1000,100,3,0.847,0,55.352,55.726,0.031182998413852192,208.84900000000002,205.995,0.02535850754216661,6297.757333333334,6479.469,0.053835491123356984,6561.958333333333,6741.19,0.050635757535468236
ACORN-gamma8,gamma_sweep,50%,1024,1000,100,3,0.7984,0,36.26933333333333,47.769,0.47755952443964694,218.12533333333332,217.056,0.11326002241760083,527.8713333333334,457.819,0.20733138968430848,782.266,740.043,0.12765947260117463
ACORN-gamma8,gamma_sweep,50%,4096,1000,100,3,0.8035,0,53.81933333333333,49.892,0.39200250557656274,255.96299999999997,276.674,0.14500254511551905,1349.5373333333334,1279.204,0.11230507602918197,1659.3193333333331,1535.926,0.11498205877499458
ACORN-gamma8,gamma_sweep,50%,16384,1000,100,3,0.8037,0,67.78966666666666,69.975,0.05385461544882716,217.67633333333333,203.103,0.10942131990340048,5931.504666666667,5832.657,0.025088862952375657,6216.970666666667,6105.736,0.028124728048213782
ACORN-gamma8,gamma_sweep,75%,1024,1000,100,3,0.8621,0,69.991,78.716,0.24184863131048673,246.59,252.262,0.041717222322251245,615.7433333333333,590.176,0.12614264817925605,932.324,907.261,0.09575656814051067
ACORN-gamma8,gamma_sweep,75%,4096,1000,100,3,0.8704,0,79.82033333333334,80.074,0.3818158819890703,221.6643333333333,205.926,0.1440069126336164,1547.7699999999998,1431.973,0.11454614568766813,1849.255,1759.327,0.1005290044652123
ACORN-gamma8,gamma_sweep,75%,16384,1000,100,3,0.8723,0,80.87133333333334,76.539,0.08396013309516122,212.274,213.957,0.013292838223897067,8040.686000000001,7919.287,0.03141723499426798,8333.831333333334,8223.703,0.029666155400540684
