workload,method,budget,recall,batch_ms_mean,batch_ms_median,cv,min_ms,max_ms,num_repeats,source
sel_50,Curator,64,0.7039,2512.4001892,2538.070906,0.07208305291602224,2250.102917,2700.674737,5,/Users/bytedance/sunyahui/work_sync/results_snapshot/curator_results_raw/Amazon/results/Curator/query_minlen1_avgsel50pct_search_ef64_search_ef10240/results/search_time_details.csv
sel_50,Curator,128,0.7567,2673.082744,2531.357729,0.12640847672945663,2480.738588,3275.295321,5,/Users/bytedance/sunyahui/work_sync/results_snapshot/curator_results_raw/Amazon/results/Curator/query_minlen1_avgsel50pct_search_ef64_search_ef10240/results/search_time_details.csv
sel_50,Curator,256,0.8108,2480.749651,2471.191035,0.031888481043966944,2382.931872,2582.306092,5,/Users/bytedance/sunyahui/work_sync/results_snapshot/curator_results_raw/Amazon/results/Curator/query_minlen1_avgsel50pct_search_ef64_search_ef10240/results/search_time_details.csv
sel_50,Curator,512,0.8657,2572.5776842,2414.248528,0.14321260080561443,2299.893145,3217.079302,5,/Users/bytedance/sunyahui/work_sync/results_snapshot/curator_results_raw/Amazon/results/Curator/query_minlen1_avgsel50pct_search_ef64_search_ef10240/results/search_time_details.csv
sel_50,Curator,1024,0.9037,2428.234979,2432.418302,0.019685729687734656,2353.448053,2483.563031,5,/Users/bytedance/sunyahui/work_sync/results_snapshot/curator_results_raw/Amazon/results/Curator/query_minlen1_avgsel50pct_search_ef64_search_ef10240/results/search_time_details.csv
sel_50,Curator,2048,0.9357,2571.688961,2444.653456,0.1339437360425808,2308.175919,3170.461225,5,/Users/bytedance/sunyahui/work_sync/results_snapshot/curator_results_raw/Amazon/results/Curator/query_minlen1_avgsel50pct_search_ef64_search_ef10240/results/search_time_details.csv
sel_50,Curator,4096,0.9571,2012.3463012,2006.397782,0.12349689628007622,1711.291436,2353.83956,5,/Users/bytedance/sunyahui/work_sync/results_snapshot/curator_results_raw/Amazon/results/Curator/query_minlen1_avgsel50pct_search_ef64_search_ef10240/results/search_time_details.csv
sel_50,Curator,8192,0.9718,1867.7756844,1762.008203,0.17434606031068628,1606.552376,2436.646697,5,/Users/bytedance/sunyahui/work_sync/results_snapshot/curator_results_raw/Amazon/results/Curator/query_minlen1_avgsel50pct_search_ef64_search_ef10240/results/search_time_details.csv
sel_50,Curator,10240,0.9742,1596.0924366,1590.117413,0.03025457370683403,1546.703396,1674.019697,5,/Users/bytedance/sunyahui/work_sync/results_snapshot/curator_results_raw/Amazon/results/Curator/query_minlen1_avgsel50pct_search_ef64_search_ef10240/results/search_time_details.csv
sel_75,Curator,64,0.6497,2740.7634826,2939.128109,0.1589093080836174,2084.516528,3141.524233,5,/Users/bytedance/sunyahui/work_sync/results_snapshot/curator_results_raw/Amazon/results/Curator/query_minlen1_avgsel75pct_search_ef64_search_ef10240/results/search_time_details.csv
sel_75,Curator,128,0.7012,3030.5730518,2990.498392,0.09628289326877369,2733.37323,3515.532117,5,/Users/bytedance/sunyahui/work_sync/results_snapshot/curator_results_raw/Amazon/results/Curator/query_minlen1_avgsel75pct_search_ef64_search_ef10240/results/search_time_details.csv
sel_75,Curator,256,0.7652,2891.5562886000002,2864.333569,0.05431967361924817,2727.182369,3132.457342,5,/Users/bytedance/sunyahui/work_sync/results_snapshot/curator_results_raw/Amazon/results/Curator/query_minlen1_avgsel75pct_search_ef64_search_ef10240/results/search_time_details.csv
sel_75,Curator,512,0.8268,3023.1200848,2836.590317,0.13745741754748383,2745.672505,3736.831611,5,/Users/bytedance/sunyahui/work_sync/results_snapshot/curator_results_raw/Amazon/results/Curator/query_minlen1_avgsel75pct_search_ef64_search_ef10240/results/search_time_details.csv
sel_75,Curator,1024,0.8771,2700.0377078,2733.003743,0.03381225410824709,2547.113006,2769.228324,5,/Users/bytedance/sunyahui/work_sync/results_snapshot/curator_results_raw/Amazon/results/Curator/query_minlen1_avgsel75pct_search_ef64_search_ef10240/results/search_time_details.csv
sel_75,Curator,2048,0.9167,2702.2037452,2681.180911,0.12434197157305364,2286.327539,3223.058873,5,/Users/bytedance/sunyahui/work_sync/results_snapshot/curator_results_raw/Amazon/results/Curator/query_minlen1_avgsel75pct_search_ef64_search_ef10240/results/search_time_details.csv
sel_75,Curator,4096,0.9411,2286.6952278,2245.95149,0.039430768771154284,2190.779899,2414.772333,5,/Users/bytedance/sunyahui/work_sync/results_snapshot/curator_results_raw/Amazon/results/Curator/query_minlen1_avgsel75pct_search_ef64_search_ef10240/results/search_time_details.csv
sel_75,Curator,8192,0.9588,2142.0723192,1997.231135,0.17076980259783872,1907.018726,2784.477113,5,/Users/bytedance/sunyahui/work_sync/results_snapshot/curator_results_raw/Amazon/results/Curator/query_minlen1_avgsel75pct_search_ef64_search_ef10240/results/search_time_details.csv
sel_75,Curator,10240,0.9629,1944.342558,1942.861971,0.01177507856322364,1917.213584,1971.155847,5,/Users/bytedance/sunyahui/work_sync/results_snapshot/curator_results_raw/Amazon/results/Curator/query_minlen1_avgsel75pct_search_ef64_search_ef10240/results/search_time_details.csv
sel_25,Curator,64,0.67,2446.629075,2463.111723,0.03096850328323968,2340.162164,2525.457997,5,/Users/bytedance/sunyahui/work_sync/results_snapshot/curator_results_raw/Amazon/results/Curator/query_minlen2_avgsel25pct_search_ef64_search_ef10240/results/search_time_details.csv
sel_25,Curator,128,0.7406,2684.091711,2701.335384,0.025286548705797447,2611.091558,2747.881336,5,/Users/bytedance/sunyahui/work_sync/results_snapshot/curator_results_raw/Amazon/results/Curator/query_minlen2_avgsel25pct_search_ef64_search_ef10240/results/search_time_details.csv
sel_25,Curator,256,0.8132,3095.7574502,2910.589042,0.14252344630521188,2828.09531,3879.59871,5,/Users/bytedance/sunyahui/work_sync/results_snapshot/curator_results_raw/Amazon/results/Curator/query_minlen2_avgsel25pct_search_ef64_search_ef10240/results/search_time_details.csv
sel_25,Curator,512,0.8704,2862.8066052,2880.129208,0.015365680609563582,2795.603334,2898.349155,5,/Users/bytedance/sunyahui/work_sync/results_snapshot/curator_results_raw/Amazon/results/Curator/query_minlen2_avgsel25pct_search_ef64_search_ef10240/results/search_time_details.csv
sel_25,Curator,1024,0.9147,2983.2740846,2862.190798,0.11958053190751494,2729.70978,3613.014921,5,/Users/bytedance/sunyahui/work_sync/results_snapshot/curator_results_raw/Amazon/results/Curator/query_minlen2_avgsel25pct_search_ef64_search_ef10240/results/search_time_details.csv
sel_25,Curator,2048,0.9415,2810.244401,2803.604698,0.005356710884848084,2795.123651,2830.865536,5,/Users/bytedance/sunyahui/work_sync/results_snapshot/curator_results_raw/Amazon/results/Curator/query_minlen2_avgsel25pct_search_ef64_search_ef10240/results/search_time_details.csv
sel_25,Curator,4096,0.961,2923.5807494,2807.379204,0.11725184750720372,2686.621348,3529.63834,5,/Users/bytedance/sunyahui/work_sync/results_snapshot/curator_results_raw/Amazon/results/Curator/query_minlen2_avgsel25pct_search_ef64_search_ef10240/results/search_time_details.csv
sel_25,Curator,8192,0.9723,2103.0217514,1999.261905,0.07855380073889529,1963.510005,2322.697523,5,/Users/bytedance/sunyahui/work_sync/results_snapshot/curator_results_raw/Amazon/results/Curator/query_minlen2_avgsel25pct_search_ef64_search_ef10240/results/search_time_details.csv
sel_25,Curator,10240,0.9744,1953.601857,1838.553629,0.1648959732708451,1775.986591,2527.113536,5,/Users/bytedance/sunyahui/work_sync/results_snapshot/curator_results_raw/Amazon/results/Curator/query_minlen2_avgsel25pct_search_ef64_search_ef10240/results/search_time_details.csv
