workload,method,variant,budget,recall,total_ms_mean,total_ms_median,total_ms_cv,total_ms_min,total_ms_max,core_ms_median,num_measured_repeats,filter_violations,timing_scope,source_stage,source
sel_0p5,ACORN,ACORN-1,16,0.4655,510.05633333333327,494.469,0.046789552117694734,491.925,543.775,60.06,3,0,lookup + materialize + ANN search,screen,work_sync/results_snapshot/acorn_low_selectivity_screen/acorn_low_selectivity_screen/ACORN-1/query_minlen5_avgsel05pct/ef16.csv
sel_0p5,ACORN,ACORN-1,32,0.5697,243.375,239.213,0.03916936930897261,234.351,256.561,31.147,3,0,lookup + materialize + ANN search,screen,work_sync/results_snapshot/acorn_low_selectivity_screen/acorn_low_selectivity_screen/ACORN-1/query_minlen5_avgsel05pct/ef32.csv
sel_0p5,ACORN,ACORN-1,64,0.6238,270.7456666666667,254.578,0.09012637814317323,252.427,305.232,51.244,3,0,lookup + materialize + ANN search,screen,work_sync/results_snapshot/acorn_low_selectivity_screen/acorn_low_selectivity_screen/ACORN-1/query_minlen5_avgsel05pct/ef64.csv
sel_0p5,ACORN,ACORN-1,128,0.661,399.5933333333333,369.234,0.10893905987803165,368.392,461.154,103.438,3,0,lookup + materialize + ANN search,screen,work_sync/results_snapshot/acorn_low_selectivity_screen/acorn_low_selectivity_screen/ACORN-1/query_minlen5_avgsel05pct/ef128.csv
sel_0p5,ACORN,ACORN-1,256,0.6868,325.7196666666667,315.109,0.04672448582532277,314.808,347.242,114.618,3,0,lookup + materialize + ANN search,screen,work_sync/results_snapshot/acorn_low_selectivity_screen/acorn_low_selectivity_screen/ACORN-1/query_minlen5_avgsel05pct/ef256.csv
sel_0p5,ACORN,ACORN-1,512,0.7016,559.1496666666667,486.235,0.19943264009049355,474.507,716.707,198.453,3,0,lookup + materialize + ANN search,screen,work_sync/results_snapshot/acorn_low_selectivity_screen/acorn_low_selectivity_screen/ACORN-1/query_minlen5_avgsel05pct/ef512.csv
sel_0p5,ACORN,ACORN-1,1024,0.7203,795.31,796.779,0.06910979416524173,727.271,861.88,349.66,3,0,lookup + materialize + ANN search,screen,work_sync/results_snapshot/acorn_low_selectivity_screen/acorn_low_selectivity_screen/ACORN-1/query_minlen5_avgsel05pct/ef1024.csv
sel_0p5,ACORN,ACORN-1,2048,0.7345,879.6493333333333,882.732,0.09469839225743724,776.12,980.096,659.858,3,0,lookup + materialize + ANN search,screen,work_sync/results_snapshot/acorn_low_selectivity_screen/acorn_low_selectivity_screen/ACORN-1/query_minlen5_avgsel05pct/ef2048.csv
sel_0p5,ACORN,ACORN-1,4096,0.7391,1263.2372,1188.03,0.12683814190081039,1065.064,1521.298,876.904,5,0,lookup + materialize + ANN search,formal,work_sync/results_snapshot/acorn_low_selectivity_formal/acorn_low_selectivity_formal/ACORN-1/query_minlen5_avgsel05pct_ef4096.csv
sel_0p5,ACORN,ACORN-1,8192,0.7391,1434.3636666666669,1345.474,0.09635165794218427,1328.063,1629.554,1130.667,3,0,lookup + materialize + ANN search,screen,work_sync/results_snapshot/acorn_low_selectivity_screen/acorn_low_selectivity_screen/ACORN-1/query_minlen5_avgsel05pct/ef8192.csv
sel_0p5,ACORN,ACORN-1,16384,0.7391,1442.2833333333335,1413.247,0.04094934016361374,1388.979,1524.624,1182.654,3,0,lookup + materialize + ANN search,screen,work_sync/results_snapshot/acorn_low_selectivity_screen/acorn_low_selectivity_screen/ACORN-1/query_minlen5_avgsel05pct/ef16384.csv
sel_0p5,ACORN,ACORN-1,32768,0.7391,1397.8086666666668,1375.015,0.039505270552882665,1344.519,1473.892,1160.439,3,0,lookup + materialize + ANN search,screen,work_sync/results_snapshot/acorn_low_selectivity_screen/acorn_low_selectivity_screen/ACORN-1/query_minlen5_avgsel05pct/ef32768.csv
sel_0p5,ACORN,ACORN-gamma12,16,0.3355,210.50433333333334,209.331,0.00794661515745317,209.312,212.87,11.305,3,0,lookup + materialize + ANN search,screen,work_sync/results_snapshot/acorn_low_selectivity_screen/acorn_low_selectivity_screen/ACORN-gamma12/query_minlen5_avgsel05pct/ef16.csv
sel_0p5,ACORN,ACORN-gamma12,32,0.437,219.42766666666668,219.893,0.004105173611316387,218.168,220.222,18.547,3,0,lookup + materialize + ANN search,screen,work_sync/results_snapshot/acorn_low_selectivity_screen/acorn_low_selectivity_screen/ACORN-gamma12/query_minlen5_avgsel05pct/ef32.csv
sel_0p5,ACORN,ACORN-gamma12,64,0.4995,321.2056666666667,326.317,0.05607763986087869,297.038,340.262,65.127,3,0,lookup + materialize + ANN search,screen,work_sync/results_snapshot/acorn_low_selectivity_screen/acorn_low_selectivity_screen/ACORN-gamma12/query_minlen5_avgsel05pct/ef64.csv
sel_0p5,ACORN,ACORN-gamma12,128,0.5363,317.846,312.835,0.024378005390075962,311.912,328.791,34.873,3,0,lookup + materialize + ANN search,screen,work_sync/results_snapshot/acorn_low_selectivity_screen/acorn_low_selectivity_screen/ACORN-gamma12/query_minlen5_avgsel05pct/ef128.csv
sel_0p5,ACORN,ACORN-gamma12,256,0.5626,281.83133333333336,267.221,0.08044899479900468,264.418,313.855,61.673,3,0,lookup + materialize + ANN search,screen,work_sync/results_snapshot/acorn_low_selectivity_screen/acorn_low_selectivity_screen/ACORN-gamma12/query_minlen5_avgsel05pct/ef256.csv
sel_0p5,ACORN,ACORN-gamma12,512,0.5787,369.92333333333335,372.244,0.012541963698582332,363.448,374.078,82.654,3,0,lookup + materialize + ANN search,screen,work_sync/results_snapshot/acorn_low_selectivity_screen/acorn_low_selectivity_screen/ACORN-gamma12/query_minlen5_avgsel05pct/ef512.csv
sel_0p5,ACORN,ACORN-gamma12,1024,0.5931,532.5426666666666,580.353,0.1521393753203769,418.459,598.816,147.542,3,0,lookup + materialize + ANN search,screen,work_sync/results_snapshot/acorn_low_selectivity_screen/acorn_low_selectivity_screen/ACORN-gamma12/query_minlen5_avgsel05pct/ef1024.csv
sel_0p5,ACORN,ACORN-gamma12,2048,0.5985,800.5563333333333,739.722,0.1718323298743717,670.945,991.002,302.239,3,0,lookup + materialize + ANN search,screen,work_sync/results_snapshot/acorn_low_selectivity_screen/acorn_low_selectivity_screen/ACORN-gamma12/query_minlen5_avgsel05pct/ef2048.csv
sel_0p5,ACORN,ACORN-gamma12,4096,0.5995,814.0883333333333,827.409,0.09032730924933578,718.109,896.747,531.585,3,0,lookup + materialize + ANN search,screen,work_sync/results_snapshot/acorn_low_selectivity_screen/acorn_low_selectivity_screen/ACORN-gamma12/query_minlen5_avgsel05pct/ef4096.csv
sel_0p5,ACORN,ACORN-gamma12,8192,0.5996,1071.0823333333333,1110.004,0.07376924914145819,960.911,1142.332,823.566,3,0,lookup + materialize + ANN search,screen,work_sync/results_snapshot/acorn_low_selectivity_screen/acorn_low_selectivity_screen/ACORN-gamma12/query_minlen5_avgsel05pct/ef8192.csv
sel_0p5,ACORN,ACORN-gamma12,16384,0.5996,1150.7873333333334,1163.756,0.060472515274505416,1059.815,1228.791,878.17,3,0,lookup + materialize + ANN search,screen,work_sync/results_snapshot/acorn_low_selectivity_screen/acorn_low_selectivity_screen/ACORN-gamma12/query_minlen5_avgsel05pct/ef16384.csv
sel_0p5,ACORN,ACORN-gamma12,32768,0.5996,1117.2946666666667,1152.258,0.044276923950802786,1047.333,1152.293,868.346,3,0,lookup + materialize + ANN search,screen,work_sync/results_snapshot/acorn_low_selectivity_screen/acorn_low_selectivity_screen/ACORN-gamma12/query_minlen5_avgsel05pct/ef32768.csv
sel_0p5,ACORN,ACORN-gamma2,16,0.2476,208.98666666666668,208.086,0.009185796846395833,207.219,211.655,8.547,3,0,lookup + materialize + ANN search,screen,work_sync/results_snapshot/acorn_low_selectivity_screen/acorn_low_selectivity_screen/ACORN-gamma2/query_minlen5_avgsel05pct/ef16.csv
sel_0p5,ACORN,ACORN-gamma2,32,0.3199,297.58233333333334,299.159,0.015431669572197378,291.338,302.25,12.798,3,0,lookup + materialize + ANN search,screen,work_sync/results_snapshot/acorn_low_selectivity_screen/acorn_low_selectivity_screen/ACORN-gamma2/query_minlen5_avgsel05pct/ef32.csv
sel_0p5,ACORN,ACORN-gamma2,64,0.3606,256.2716666666667,224.218,0.18305064128681575,221.996,322.601,21.505,3,0,lookup + materialize + ANN search,screen,work_sync/results_snapshot/acorn_low_selectivity_screen/acorn_low_selectivity_screen/ACORN-gamma2/query_minlen5_avgsel05pct/ef64.csv
sel_0p5,ACORN,ACORN-gamma2,128,0.3808,233.33900000000003,233.719,0.002453079189317294,232.53,233.768,30.504,3,0,lookup + materialize + ANN search,screen,work_sync/results_snapshot/acorn_low_selectivity_screen/acorn_low_selectivity_screen/ACORN-gamma2/query_minlen5_avgsel05pct/ef128.csv
sel_0p5,ACORN,ACORN-gamma2,256,0.3917,309.017,331.264,0.13382188884001767,251.054,344.733,47.809,3,0,lookup + materialize + ANN search,screen,work_sync/results_snapshot/acorn_low_selectivity_screen/acorn_low_selectivity_screen/ACORN-gamma2/query_minlen5_avgsel05pct/ef256.csv
sel_0p5,ACORN,ACORN-gamma2,512,0.3985,283.827,277.924,0.03922734553593259,274.137,299.42,74.534,3,0,lookup + materialize + ANN search,screen,work_sync/results_snapshot/acorn_low_selectivity_screen/acorn_low_selectivity_screen/ACORN-gamma2/query_minlen5_avgsel05pct/ef512.csv
sel_0p5,ACORN,ACORN-gamma2,1024,0.4046,337.17366666666663,331.374,0.040474517863762535,324.132,356.015,121.743,3,0,lookup + materialize + ANN search,screen,work_sync/results_snapshot/acorn_low_selectivity_screen/acorn_low_selectivity_screen/ACORN-gamma2/query_minlen5_avgsel05pct/ef1024.csv
sel_0p5,ACORN,ACORN-gamma2,2048,0.4088,656.4013333333334,680.766,0.08720089582753383,577.367,711.071,298.282,3,0,lookup + materialize + ANN search,screen,work_sync/results_snapshot/acorn_low_selectivity_screen/acorn_low_selectivity_screen/ACORN-gamma2/query_minlen5_avgsel05pct/ef2048.csv
sel_0p5,ACORN,ACORN-gamma2,4096,0.4101,628.9763333333334,619.413,0.08527090711694564,568.595,698.921,363.711,3,0,lookup + materialize + ANN search,screen,work_sync/results_snapshot/acorn_low_selectivity_screen/acorn_low_selectivity_screen/ACORN-gamma2/query_minlen5_avgsel05pct/ef4096.csv
sel_0p5,ACORN,ACORN-gamma2,8192,0.4102,927.9073333333332,978.313,0.09157881009019708,808.227,997.182,764.893,3,0,lookup + materialize + ANN search,screen,work_sync/results_snapshot/acorn_low_selectivity_screen/acorn_low_selectivity_screen/ACORN-gamma2/query_minlen5_avgsel05pct/ef8192.csv
sel_0p5,ACORN,ACORN-gamma2,16384,0.4102,1033.39,1010.85,0.09062321344393319,931.637,1157.683,718.91,3,0,lookup + materialize + ANN search,screen,work_sync/results_snapshot/acorn_low_selectivity_screen/acorn_low_selectivity_screen/ACORN-gamma2/query_minlen5_avgsel05pct/ef16384.csv
sel_0p5,ACORN,ACORN-gamma2,32768,0.4102,954.4583333333334,947.505,0.07923737316342933,865.505,1050.365,714.721,3,0,lookup + materialize + ANN search,screen,work_sync/results_snapshot/acorn_low_selectivity_screen/acorn_low_selectivity_screen/ACORN-gamma2/query_minlen5_avgsel05pct/ef32768.csv
sel_0p5,ACORN,ACORN-gamma4,16,0.2165,206.59333333333333,207.045,0.005628971305051318,204.998,207.737,8.768,3,0,lookup + materialize + ANN search,screen,work_sync/results_snapshot/acorn_low_selectivity_screen/acorn_low_selectivity_screen/ACORN-gamma4/query_minlen5_avgsel05pct/ef16.csv
sel_0p5,ACORN,ACORN-gamma4,32,0.2758,328.86566666666664,315.067,0.07024153988425949,310.121,361.409,37.982,3,0,lookup + materialize + ANN search,screen,work_sync/results_snapshot/acorn_low_selectivity_screen/acorn_low_selectivity_screen/ACORN-gamma4/query_minlen5_avgsel05pct/ef32.csv
sel_0p5,ACORN,ACORN-gamma4,64,0.3126,223.92866666666666,222.855,0.007505668900879336,222.629,226.302,20.47,3,0,lookup + materialize + ANN search,screen,work_sync/results_snapshot/acorn_low_selectivity_screen/acorn_low_selectivity_screen/ACORN-gamma4/query_minlen5_avgsel05pct/ef64.csv
sel_0p5,ACORN,ACORN-gamma4,128,0.3351,314.2273333333333,307.532,0.030926279134713106,307.181,327.969,29.259,3,0,lookup + materialize + ANN search,screen,work_sync/results_snapshot/acorn_low_selectivity_screen/acorn_low_selectivity_screen/ACORN-gamma4/query_minlen5_avgsel05pct/ef128.csv
sel_0p5,ACORN,ACORN-gamma4,256,0.3465,336.313,339.605,0.020591317530359494,326.679,342.655,50.238,3,0,lookup + materialize + ANN search,screen,work_sync/results_snapshot/acorn_low_selectivity_screen/acorn_low_selectivity_screen/ACORN-gamma4/query_minlen5_avgsel05pct/ef256.csv
sel_0p5,ACORN,ACORN-gamma4,512,0.3545,354.74033333333335,354.317,0.10953761148759948,307.363,402.541,94.35,3,0,lookup + materialize + ANN search,screen,work_sync/results_snapshot/acorn_low_selectivity_screen/acorn_low_selectivity_screen/ACORN-gamma4/query_minlen5_avgsel05pct/ef512.csv
sel_0p5,ACORN,ACORN-gamma4,1024,0.3595,415.6396666666667,445.966,0.14547990847319586,331.233,469.72,133.064,3,0,lookup + materialize + ANN search,screen,work_sync/results_snapshot/acorn_low_selectivity_screen/acorn_low_selectivity_screen/ACORN-gamma4/query_minlen5_avgsel05pct/ef1024.csv
sel_0p5,ACORN,ACORN-gamma4,2048,0.363,588.2563333333334,605.331,0.057505586926834405,541.017,618.421,287.041,3,0,lookup + materialize + ANN search,screen,work_sync/results_snapshot/acorn_low_selectivity_screen/acorn_low_selectivity_screen/ACORN-gamma4/query_minlen5_avgsel05pct/ef2048.csv
sel_0p5,ACORN,ACORN-gamma4,4096,0.3635,749.6143333333333,776.553,0.07265217442342811,673.657,798.633,454.19,3,0,lookup + materialize + ANN search,screen,work_sync/results_snapshot/acorn_low_selectivity_screen/acorn_low_selectivity_screen/ACORN-gamma4/query_minlen5_avgsel05pct/ef4096.csv
sel_0p5,ACORN,ACORN-gamma4,8192,0.3635,966.0166666666668,925.948,0.0853974876713585,891.161,1080.941,687.271,3,0,lookup + materialize + ANN search,screen,work_sync/results_snapshot/acorn_low_selectivity_screen/acorn_low_selectivity_screen/ACORN-gamma4/query_minlen5_avgsel05pct/ef8192.csv
sel_0p5,ACORN,ACORN-gamma4,16384,0.3635,1100.091,1142.715,0.1314768020527273,905.525,1252.033,726.016,3,0,lookup + materialize + ANN search,screen,work_sync/results_snapshot/acorn_low_selectivity_screen/acorn_low_selectivity_screen/ACORN-gamma4/query_minlen5_avgsel05pct/ef16384.csv
sel_0p5,ACORN,ACORN-gamma4,32768,0.3635,914.997,895.156,0.05636997619861966,864.129,985.706,656.194,3,0,lookup + materialize + ANN search,screen,work_sync/results_snapshot/acorn_low_selectivity_screen/acorn_low_selectivity_screen/ACORN-gamma4/query_minlen5_avgsel05pct/ef32768.csv
sel_0p5,ACORN,ACORN-gamma8,16,0.3044,212.92100000000002,211.966,0.007786682997533171,211.544,215.253,12.876,3,0,lookup + materialize + ANN search,screen,work_sync/results_snapshot/acorn_low_selectivity_screen/acorn_low_selectivity_screen/ACORN-gamma8/query_minlen5_avgsel05pct/ef16.csv
sel_0p5,ACORN,ACORN-gamma8,32,0.3879,217.49733333333333,216.934,0.005964282619812131,216.267,219.291,17.518,3,0,lookup + materialize + ANN search,screen,work_sync/results_snapshot/acorn_low_selectivity_screen/acorn_low_selectivity_screen/ACORN-gamma8/query_minlen5_avgsel05pct/ef32.csv
sel_0p5,ACORN,ACORN-gamma8,64,0.444,225.3226666666667,225.138,0.00440122743419001,224.211,226.619,24.54,3,0,lookup + materialize + ANN search,screen,work_sync/results_snapshot/acorn_low_selectivity_screen/acorn_low_selectivity_screen/ACORN-gamma8/query_minlen5_avgsel05pct/ef64.csv
sel_0p5,ACORN,ACORN-gamma8,128,0.4836,258.7896666666667,242.963,0.08819056956046471,242.342,291.064,41.668,3,0,lookup + materialize + ANN search,screen,work_sync/results_snapshot/acorn_low_selectivity_screen/acorn_low_selectivity_screen/ACORN-gamma8/query_minlen5_avgsel05pct/ef128.csv
sel_0p5,ACORN,ACORN-gamma8,256,0.5035,269.71999999999997,253.648,0.08543114384534833,253.206,302.306,52.255,3,0,lookup + materialize + ANN search,screen,work_sync/results_snapshot/acorn_low_selectivity_screen/acorn_low_selectivity_screen/ACORN-gamma8/query_minlen5_avgsel05pct/ef256.csv
sel_0p5,ACORN,ACORN-gamma8,512,0.5165,493.9823333333334,492.14,0.044206661549479456,468.206,521.601,107.759,3,0,lookup + materialize + ANN search,screen,work_sync/results_snapshot/acorn_low_selectivity_screen/acorn_low_selectivity_screen/ACORN-gamma8/query_minlen5_avgsel05pct/ef512.csv
sel_0p5,ACORN,ACORN-gamma8,1024,0.5294,337.79733333333337,335.088,0.01611160059329588,332.913,345.391,130.865,3,0,lookup + materialize + ANN search,screen,work_sync/results_snapshot/acorn_low_selectivity_screen/acorn_low_selectivity_screen/ACORN-gamma8/query_minlen5_avgsel05pct/ef1024.csv
sel_0p5,ACORN,ACORN-gamma8,2048,0.5334,492.7169999999999,499.916,0.07181065128343177,446.234,532.001,273.831,3,0,lookup + materialize + ANN search,screen,work_sync/results_snapshot/acorn_low_selectivity_screen/acorn_low_selectivity_screen/ACORN-gamma8/query_minlen5_avgsel05pct/ef2048.csv
sel_0p5,ACORN,ACORN-gamma8,4096,0.5349,731.2853333333333,722.424,0.07702461701634354,667.158,804.274,495.45,3,0,lookup + materialize + ANN search,screen,work_sync/results_snapshot/acorn_low_selectivity_screen/acorn_low_selectivity_screen/ACORN-gamma8/query_minlen5_avgsel05pct/ef4096.csv
sel_0p5,ACORN,ACORN-gamma8,8192,0.5353,1100.9206666666666,1073.03,0.0877632619112802,999.022,1230.71,818.073,3,0,lookup + materialize + ANN search,screen,work_sync/results_snapshot/acorn_low_selectivity_screen/acorn_low_selectivity_screen/ACORN-gamma8/query_minlen5_avgsel05pct/ef8192.csv
sel_0p5,ACORN,ACORN-gamma8,16384,0.5353,1026.0523333333333,992.266,0.05373059732131894,982.094,1103.797,778.69,3,0,lookup + materialize + ANN search,screen,work_sync/results_snapshot/acorn_low_selectivity_screen/acorn_low_selectivity_screen/ACORN-gamma8/query_minlen5_avgsel05pct/ef16384.csv
sel_0p5,ACORN,ACORN-gamma8,32768,0.5353,958.8740000000001,950.2,0.04803857904375213,907.298,1019.124,708.1,3,0,lookup + materialize + ANN search,screen,work_sync/results_snapshot/acorn_low_selectivity_screen/acorn_low_selectivity_screen/ACORN-gamma8/query_minlen5_avgsel05pct/ef32768.csv
sel_0p5,Curator,official_v2_adapter,8,0.5377,2207.318985,2271.023233,0.10898776902759066,1806.215924,2441.572597,,5,0,batch total,formal,work_sync/results_snapshot/curator_low_selectivity/Amazon/results/Curator/query_minlen5_avgsel05pct_search_ef8_search_ef10240/results/search_time_details.csv
sel_0p5,Curator,official_v2_adapter,16,0.6407,2386.5584944,2377.440613,0.013522511713965157,2347.968312,2428.492729,,5,0,batch total,formal,work_sync/results_snapshot/curator_low_selectivity/Amazon/results/Curator/query_minlen5_avgsel05pct_search_ef8_search_ef10240/results/search_time_details.csv
sel_0p5,Curator,official_v2_adapter,32,0.7017,2451.9025222,2468.022533,0.04267831006820338,2276.378723,2595.405613,,5,0,batch total,formal,work_sync/results_snapshot/curator_low_selectivity/Amazon/results/Curator/query_minlen5_avgsel05pct_search_ef8_search_ef10240/results/search_time_details.csv
sel_0p5,Curator,official_v2_adapter,64,0.7653,2395.0477098,2416.162708,0.018765332038390047,2307.227515,2426.763511,,5,0,batch total,formal,work_sync/results_snapshot/curator_low_selectivity/Amazon/results/Curator/query_minlen5_avgsel05pct_search_ef8_search_ef10240/results/search_time_details.csv
sel_0p5,Curator,official_v2_adapter,128,0.8375,2611.4704724,2474.287018,0.10635279083107366,2429.258304,3163.873352,,5,0,batch total,formal,work_sync/results_snapshot/curator_low_selectivity/Amazon/results/Curator/query_minlen5_avgsel05pct_search_ef8_search_ef10240/results/search_time_details.csv
sel_0p5,Curator,official_v2_adapter,256,0.895,2532.6607771999998,2571.507858,0.03632442394795397,2352.045348,2602.637634,,5,0,batch total,formal,work_sync/results_snapshot/curator_low_selectivity/Amazon/results/Curator/query_minlen5_avgsel05pct_search_ef8_search_ef10240/results/search_time_details.csv
sel_0p5,Curator,official_v2_adapter,512,0.943,2706.3654026,2624.251276,0.08820381303218472,2472.462253,3164.715581,,5,0,batch total,formal,work_sync/results_snapshot/curator_low_selectivity/Amazon/results/Curator/query_minlen5_avgsel05pct_search_ef8_search_ef10240/results/search_time_details.csv
sel_0p5,Curator,official_v2_adapter,1024,0.9637,2731.72608,2749.511475,0.022959308171115595,2661.716677,2825.189198,,5,0,batch total,formal,work_sync/results_snapshot/curator_low_selectivity/Amazon/results/Curator/query_minlen5_avgsel05pct_search_ef8_search_ef10240/results/search_time_details.csv
sel_0p5,Curator,official_v2_adapter,2048,0.9703,2930.0617216,2887.321538,0.07331962768630051,2658.364967,3316.962183,,5,0,batch total,formal,work_sync/results_snapshot/curator_low_selectivity/Amazon/results/Curator/query_minlen5_avgsel05pct_search_ef8_search_ef10240/results/search_time_details.csv
sel_0p5,Curator,official_v2_adapter,4096,0.9709,2860.3458522,2869.354547,0.044957019714033306,2669.418618,3060.014609,,5,0,batch total,formal,work_sync/results_snapshot/curator_low_selectivity/Amazon/results/Curator/query_minlen5_avgsel05pct_search_ef8_search_ef10240/results/search_time_details.csv
sel_0p5,Curator,official_v2_adapter,8192,0.9709,3049.6635024,2971.056654,0.08279195520391473,2815.861464,3538.312929,,5,0,batch total,formal,work_sync/results_snapshot/curator_low_selectivity/Amazon/results/Curator/query_minlen5_avgsel05pct_search_ef8_search_ef10240/results/search_time_details.csv
sel_0p5,Curator,official_v2_adapter,10240,0.9709,2817.2918665999996,2822.111392,0.02358785601656091,2705.696362,2890.405293,,5,0,batch total,formal,work_sync/results_snapshot/curator_low_selectivity/Amazon/results/Curator/query_minlen5_avgsel05pct_search_ef8_search_ef10240/results/search_time_details.csv
sel_0p5,FAVOR,official,16,0.9002000000000001,4699.0296,264.667,1.8902934017314736,239.377,22464.1,,5,0,batch total,formal,work_sync/results_snapshot/favor_low_selectivity/Amazon/results/favor/query_minlen5_avgsel05pct_16_16_20000/results/search_time_details.csv
sel_0p5,FAVOR,official,32,0.9071,415.19719999999995,264.127,0.7544147396968318,250.735,1041.56,,5,0,batch total,formal,work_sync/results_snapshot/favor_low_selectivity/Amazon/results/favor/query_minlen5_avgsel05pct_16_16_20000/results/search_time_details.csv
sel_0p5,FAVOR,official,50,0.9113,264.18919999999997,259.053,0.04944058470705004,251.726,289.326,,5,0,batch total,formal,work_sync/results_snapshot/favor_low_selectivity/Amazon/results/favor/query_minlen5_avgsel05pct_16_16_20000/results/search_time_details.csv
sel_0p5,FAVOR,official,100,0.9162000000000001,6388.4654,308.635,1.893745624268483,257.792,30583.9,,5,0,batch total,formal,work_sync/results_snapshot/favor_low_selectivity/Amazon/results/favor/query_minlen5_avgsel05pct_16_16_20000/results/search_time_details.csv
sel_0p5,FAVOR,official,200,0.9224,1266.2014,258.117,1.5804468105637997,251.656,5268.41,,5,0,batch total,formal,work_sync/results_snapshot/favor_low_selectivity/Amazon/results/favor/query_minlen5_avgsel05pct_16_16_20000/results/search_time_details.csv
sel_0p5,FAVOR,official,500,0.9353999999999999,40649.881199999996,8580.91,1.434633683993007,282.425,153421.0,,5,0,batch total,formal,work_sync/results_snapshot/favor_low_selectivity/Amazon/results/favor/query_minlen5_avgsel05pct_16_16_20000/results/search_time_details.csv
sel_0p5,FAVOR,official,1000,0.9433,999.6647999999999,315.0,1.372488526327102,306.513,3743.71,,5,0,batch total,formal,work_sync/results_snapshot/favor_low_selectivity/Amazon/results/favor/query_minlen5_avgsel05pct_16_16_20000/results/search_time_details.csv
sel_0p5,FAVOR,official,2000,0.9541000000000001,4468.4021999999995,352.653,1.842906895682637,346.595,20938.1,,5,0,batch total,formal,work_sync/results_snapshot/favor_low_selectivity/Amazon/results/favor/query_minlen5_avgsel05pct_16_16_20000/results/search_time_details.csv
sel_0p5,FAVOR,official,5000,0.9665000000000001,3594.6562,457.024,1.7487283913355767,435.721,16166.8,,5,0,batch total,formal,work_sync/results_snapshot/favor_low_selectivity/Amazon/results/favor/query_minlen5_avgsel05pct_16_16_20000/results/search_time_details.csv
sel_0p5,FAVOR,official,10000,0.9732,554.7794,541.165,0.05147635759167884,538.852,611.83,,5,0,batch total,formal,work_sync/results_snapshot/favor_low_selectivity/Amazon/results/favor/query_minlen5_avgsel05pct_16_16_20000/results/search_time_details.csv
sel_0p5,FAVOR,official,20000,0.9789999999999999,676.3696,672.32,0.014800214037630448,665.848,694.798,,5,0,batch total,formal,work_sync/results_snapshot/favor_low_selectivity/Amazon/results/favor/query_minlen5_avgsel05pct_16_16_20000/results/search_time_details.csv
sel_0p5,NaviX,project_route,16,0.5189,2731.198,2738.45,0.01284832160223047,2666.24,2765.81,,5,0,batch total,formal,work_sync/results_snapshot/navix_low_selectivity/Amazon/results/NaviX/query_minlen5_avgsel05pct_16_16_20000/results/search_time_details.csv
sel_0p5,NaviX,project_route,32,0.5748,2693.168,2681.47,0.01793244878347277,2647.37,2782.02,,5,0,batch total,formal,work_sync/results_snapshot/navix_low_selectivity/Amazon/results/NaviX/query_minlen5_avgsel05pct_16_16_20000/results/search_time_details.csv
sel_0p5,NaviX,project_route,50,0.5983,2705.434,2709.69,0.022653422763563,2602.82,2779.06,,5,0,batch total,formal,work_sync/results_snapshot/navix_low_selectivity/Amazon/results/NaviX/query_minlen5_avgsel05pct_16_16_20000/results/search_time_details.csv
sel_0p5,NaviX,project_route,100,0.6578,2670.308,2722.63,0.04278668905852657,2459.32,2785.26,,5,0,batch total,formal,work_sync/results_snapshot/navix_low_selectivity/Amazon/results/NaviX/query_minlen5_avgsel05pct_16_16_20000/results/search_time_details.csv
sel_0p5,NaviX,project_route,200,0.7183,2698.808,2700.65,0.04649479951194125,2510.69,2863.92,,5,0,batch total,formal,work_sync/results_snapshot/navix_low_selectivity/Amazon/results/NaviX/query_minlen5_avgsel05pct_16_16_20000/results/search_time_details.csv
sel_0p5,NaviX,project_route,500,0.7575,2735.1459999999997,2763.97,0.024843605542025006,2638.5,2806.51,,5,0,batch total,formal,work_sync/results_snapshot/navix_low_selectivity/Amazon/results/NaviX/query_minlen5_avgsel05pct_16_16_20000/results/search_time_details.csv
sel_0p5,NaviX,project_route,1000,0.7638,2746.424,2756.25,0.014495210141197899,2689.36,2794.4,,5,0,batch total,formal,work_sync/results_snapshot/navix_low_selectivity/Amazon/results/NaviX/query_minlen5_avgsel05pct_16_16_20000/results/search_time_details.csv
sel_0p5,NaviX,project_route,2000,0.7642,2743.4900000000002,2740.44,0.02744399303745629,2657.56,2856.82,,5,0,batch total,formal,work_sync/results_snapshot/navix_low_selectivity/Amazon/results/NaviX/query_minlen5_avgsel05pct_16_16_20000/results/search_time_details.csv
sel_0p5,NaviX,project_route,5000,0.7649,2852.002,2834.08,0.028371452897088072,2725.66,2963.74,,5,0,batch total,formal,work_sync/results_snapshot/navix_low_selectivity/Amazon/results/NaviX/query_minlen5_avgsel05pct_16_16_20000/results/search_time_details.csv
sel_0p5,NaviX,project_route,10000,0.7649,2784.498,2781.49,0.012247772684869686,2725.64,2819.56,,5,0,batch total,formal,work_sync/results_snapshot/navix_low_selectivity/Amazon/results/NaviX/query_minlen5_avgsel05pct_16_16_20000/results/search_time_details.csv
sel_0p5,NaviX,project_route,20000,0.7649,2860.196,2847.87,0.015625263201702887,2815.09,2938.45,,5,0,batch total,formal,work_sync/results_snapshot/navix_low_selectivity/Amazon/results/NaviX/query_minlen5_avgsel05pct_16_16_20000/results/search_time_details.csv
sel_1,ACORN,ACORN-1,16,0.5081,221.57233333333332,221.808,0.004567274483598373,220.232,222.677,20.222,3,0,lookup + materialize + ANN search,screen,work_sync/results_snapshot/acorn_low_selectivity_screen/acorn_low_selectivity_screen/ACORN-1/query_minlen5_avgsel1pct/ef16.csv
sel_1,ACORN,ACORN-1,32,0.6067,315.3426666666667,316.149,0.028780539885961194,303.846,326.033,29.362,3,0,lookup + materialize + ANN search,screen,work_sync/results_snapshot/acorn_low_selectivity_screen/acorn_low_selectivity_screen/ACORN-1/query_minlen5_avgsel1pct/ef32.csv
sel_1,ACORN,ACORN-1,64,0.6757,338.3516666666667,336.234,0.0256231200661382,328.952,349.869,46.612,3,0,lookup + materialize + ANN search,screen,work_sync/results_snapshot/acorn_low_selectivity_screen/acorn_low_selectivity_screen/ACORN-1/query_minlen5_avgsel1pct/ef64.csv
sel_1,ACORN,ACORN-1,128,0.7172,366.92900000000003,367.346,0.024834186014036575,355.566,377.875,75.055,3,0,lookup + materialize + ANN search,screen,work_sync/results_snapshot/acorn_low_selectivity_screen/acorn_low_selectivity_screen/ACORN-1/query_minlen5_avgsel1pct/ef128.csv
sel_1,ACORN,ACORN-1,256,0.7425,543.2913333333333,570.279,0.1818373031524439,411.083,648.512,155.589,3,0,lookup + materialize + ANN search,screen,work_sync/results_snapshot/acorn_low_selectivity_screen/acorn_low_selectivity_screen/ACORN-1/query_minlen5_avgsel1pct/ef256.csv
sel_1,ACORN,ACORN-1,512,0.7656,448.02366666666666,468.946,0.06658784812943769,405.834,469.291,255.447,3,0,lookup + materialize + ANN search,screen,work_sync/results_snapshot/acorn_low_selectivity_screen/acorn_low_selectivity_screen/ACORN-1/query_minlen5_avgsel1pct/ef512.csv
sel_1,ACORN,ACORN-1,1024,0.7781,770.9153333333334,804.824,0.11744443071872673,647.032,860.89,440.288,3,0,lookup + materialize + ANN search,screen,work_sync/results_snapshot/acorn_low_selectivity_screen/acorn_low_selectivity_screen/ACORN-1/query_minlen5_avgsel1pct/ef1024.csv
sel_1,ACORN,ACORN-1,2048,0.7883,970.4576666666667,927.673,0.08223412376743575,901.405,1082.295,633.888,3,0,lookup + materialize + ANN search,screen,work_sync/results_snapshot/acorn_low_selectivity_screen/acorn_low_selectivity_screen/ACORN-1/query_minlen5_avgsel1pct/ef2048.csv
sel_1,ACORN,ACORN-1,4096,0.7893,1345.2666666666667,1373.653,0.04895175542339099,1254.258,1407.889,1041.544,3,0,lookup + materialize + ANN search,screen,work_sync/results_snapshot/acorn_low_selectivity_screen/acorn_low_selectivity_screen/ACORN-1/query_minlen5_avgsel1pct/ef4096.csv
sel_1,ACORN,ACORN-1,8192,0.7907,1959.1205999999997,1790.202,0.1592468871299973,1671.802,2504.235,1556.979,5,0,lookup + materialize + ANN search,formal,work_sync/results_snapshot/acorn_low_selectivity_formal/acorn_low_selectivity_formal/ACORN-1/query_minlen5_avgsel1pct_ef8192.csv
sel_1,ACORN,ACORN-1,16384,0.7907,2780.1290000000004,2833.203,0.034478863957581846,2645.565,2861.619,2564.508,3,0,lookup + materialize + ANN search,screen,work_sync/results_snapshot/acorn_low_selectivity_screen/acorn_low_selectivity_screen/ACORN-1/query_minlen5_avgsel1pct/ef16384.csv
sel_1,ACORN,ACORN-1,32768,0.7907,5606.3859999999995,5189.957,0.10677458236999793,5176.276,6452.925,4949.871,3,0,lookup + materialize + ANN search,screen,work_sync/results_snapshot/acorn_low_selectivity_screen/acorn_low_selectivity_screen/ACORN-1/query_minlen5_avgsel1pct/ef32768.csv
sel_1,ACORN,ACORN-gamma12,16,0.3666,292.7776666666667,290.957,0.014546415548803438,288.716,298.66,11.395,3,0,lookup + materialize + ANN search,screen,work_sync/results_snapshot/acorn_low_selectivity_screen/acorn_low_selectivity_screen/ACORN-gamma12/query_minlen5_avgsel1pct/ef16.csv
sel_1,ACORN,ACORN-gamma12,32,0.4924,259.96433333333334,222.52,0.204749089380407,222.134,335.239,19.347,3,0,lookup + materialize + ANN search,screen,work_sync/results_snapshot/acorn_low_selectivity_screen/acorn_low_selectivity_screen/ACORN-gamma12/query_minlen5_avgsel1pct/ef32.csv
sel_1,ACORN,ACORN-gamma12,64,0.5613,233.25433333333334,233.101,0.0028559482677034957,232.526,234.136,28.575,3,0,lookup + materialize + ANN search,screen,work_sync/results_snapshot/acorn_low_selectivity_screen/acorn_low_selectivity_screen/ACORN-gamma12/query_minlen5_avgsel1pct/ef64.csv
sel_1,ACORN,ACORN-gamma12,128,0.6074,259.877,250.886,0.05593607062468212,248.362,280.383,42.925,3,0,lookup + materialize + ANN search,screen,work_sync/results_snapshot/acorn_low_selectivity_screen/acorn_low_selectivity_screen/ACORN-gamma12/query_minlen5_avgsel1pct/ef128.csv
sel_1,ACORN,ACORN-gamma12,256,0.6276,275.278,277.284,0.01572248805725631,269.267,279.283,66.505,3,0,lookup + materialize + ANN search,screen,work_sync/results_snapshot/acorn_low_selectivity_screen/acorn_low_selectivity_screen/ACORN-gamma12/query_minlen5_avgsel1pct/ef256.csv
sel_1,ACORN,ACORN-gamma12,512,0.6428,327.172,300.509,0.12051556771212528,298.091,382.916,95.865,3,0,lookup + materialize + ANN search,screen,work_sync/results_snapshot/acorn_low_selectivity_screen/acorn_low_selectivity_screen/ACORN-gamma12/query_minlen5_avgsel1pct/ef512.csv
sel_1,ACORN,ACORN-gamma12,1024,0.6578,421.19800000000004,408.233,0.1047510260337546,374.823,480.538,168.463,3,0,lookup + materialize + ANN search,screen,work_sync/results_snapshot/acorn_low_selectivity_screen/acorn_low_selectivity_screen/ACORN-gamma12/query_minlen5_avgsel1pct/ef1024.csv
sel_1,ACORN,ACORN-gamma12,2048,0.666,663.457,674.045,0.07138421278920347,600.888,715.438,351.859,3,0,lookup + materialize + ANN search,screen,work_sync/results_snapshot/acorn_low_selectivity_screen/acorn_low_selectivity_screen/ACORN-gamma12/query_minlen5_avgsel1pct/ef2048.csv
sel_1,ACORN,ACORN-gamma12,4096,0.6683,919.223,874.488,0.08635464296823997,852.424,1030.757,642.77,3,0,lookup + materialize + ANN search,screen,work_sync/results_snapshot/acorn_low_selectivity_screen/acorn_low_selectivity_screen/ACORN-gamma12/query_minlen5_avgsel1pct/ef4096.csv
sel_1,ACORN,ACORN-gamma12,8192,0.6684,1334.0013333333334,1229.507,0.12252176502618523,1207.694,1564.803,971.461,3,0,lookup + materialize + ANN search,screen,work_sync/results_snapshot/acorn_low_selectivity_screen/acorn_low_selectivity_screen/ACORN-gamma12/query_minlen5_avgsel1pct/ef8192.csv
sel_1,ACORN,ACORN-gamma12,16384,0.6684,2134.512666666667,2002.338,0.09848034089839858,1969.996,2431.204,1747.97,3,0,lookup + materialize + ANN search,screen,work_sync/results_snapshot/acorn_low_selectivity_screen/acorn_low_selectivity_screen/ACORN-gamma12/query_minlen5_avgsel1pct/ef16384.csv
sel_1,ACORN,ACORN-gamma12,32768,0.6684,4306.171,4310.76,0.03901126547236118,4098.171,4509.582,4036.549,3,0,lookup + materialize + ANN search,screen,work_sync/results_snapshot/acorn_low_selectivity_screen/acorn_low_selectivity_screen/ACORN-gamma12/query_minlen5_avgsel1pct/ef32768.csv
sel_1,ACORN,ACORN-gamma2,16,0.2695,267.20300000000003,278.598,0.1578847375600836,210.788,312.223,9.119,3,0,lookup + materialize + ANN search,screen,work_sync/results_snapshot/acorn_low_selectivity_screen/acorn_low_selectivity_screen/ACORN-gamma2/query_minlen5_avgsel1pct/ef16.csv
sel_1,ACORN,ACORN-gamma2,32,0.3459,305.69433333333336,308.653,0.028906931447855652,293.7,314.73,16.994,3,0,lookup + materialize + ANN search,screen,work_sync/results_snapshot/acorn_low_selectivity_screen/acorn_low_selectivity_screen/ACORN-gamma2/query_minlen5_avgsel1pct/ef32.csv
sel_1,ACORN,ACORN-gamma2,64,0.3954,227.86866666666666,227.9,0.00020384327233050295,227.803,227.903,22.406,3,0,lookup + materialize + ANN search,screen,work_sync/results_snapshot/acorn_low_selectivity_screen/acorn_low_selectivity_screen/ACORN-gamma2/query_minlen5_avgsel1pct/ef64.csv
sel_1,ACORN,ACORN-gamma2,128,0.4277,236.56566666666666,235.232,0.00972642214234965,234.662,239.803,31.589,3,0,lookup + materialize + ANN search,screen,work_sync/results_snapshot/acorn_low_selectivity_screen/acorn_low_selectivity_screen/ACORN-gamma2/query_minlen5_avgsel1pct/ef128.csv
sel_1,ACORN,ACORN-gamma2,256,0.4457,385.8856666666666,346.688,0.1843435861969118,325.247,485.722,70.693,3,0,lookup + materialize + ANN search,screen,work_sync/results_snapshot/acorn_low_selectivity_screen/acorn_low_selectivity_screen/ACORN-gamma2/query_minlen5_avgsel1pct/ef256.csv
sel_1,ACORN,ACORN-gamma2,512,0.4573,383.39799999999997,377.504,0.02519904812105892,375.67,397.02,84.897,3,0,lookup + materialize + ANN search,screen,work_sync/results_snapshot/acorn_low_selectivity_screen/acorn_low_selectivity_screen/ACORN-gamma2/query_minlen5_avgsel1pct/ef512.csv
sel_1,ACORN,ACORN-gamma2,1024,0.4663,474.85133333333334,476.778,0.05458806843325426,442.185,505.591,195.299,3,0,lookup + materialize + ANN search,screen,work_sync/results_snapshot/acorn_low_selectivity_screen/acorn_low_selectivity_screen/ACORN-gamma2/query_minlen5_avgsel1pct/ef1024.csv
sel_1,ACORN,ACORN-gamma2,2048,0.4701,544.4826666666667,534.475,0.1124671100497819,474.99,623.983,268.167,3,0,lookup + materialize + ANN search,screen,work_sync/results_snapshot/acorn_low_selectivity_screen/acorn_low_selectivity_screen/ACORN-gamma2/query_minlen5_avgsel1pct/ef2048.csv
sel_1,ACORN,ACORN-gamma2,4096,0.4733,800.1840000000001,782.392,0.09539637791629652,716.868,901.292,561.527,3,0,lookup + materialize + ANN search,screen,work_sync/results_snapshot/acorn_low_selectivity_screen/acorn_low_selectivity_screen/ACORN-gamma2/query_minlen5_avgsel1pct/ef4096.csv
sel_1,ACORN,ACORN-gamma2,8192,0.4733,1207.7366666666667,1141.316,0.10353338854831698,1099.017,1382.877,884.3,3,0,lookup + materialize + ANN search,screen,work_sync/results_snapshot/acorn_low_selectivity_screen/acorn_low_selectivity_screen/ACORN-gamma2/query_minlen5_avgsel1pct/ef8192.csv
sel_1,ACORN,ACORN-gamma2,16384,0.4733,2257.4276666666665,2259.683,0.14177615026165727,1864.326,2648.274,2026.566,3,0,lookup + materialize + ANN search,screen,work_sync/results_snapshot/acorn_low_selectivity_screen/acorn_low_selectivity_screen/ACORN-gamma2/query_minlen5_avgsel1pct/ef16384.csv
sel_1,ACORN,ACORN-gamma2,32768,0.4733,4116.293,4127.396,0.006054010240717661,4081.775,4139.708,3897.901,3,0,lookup + materialize + ANN search,screen,work_sync/results_snapshot/acorn_low_selectivity_screen/acorn_low_selectivity_screen/ACORN-gamma2/query_minlen5_avgsel1pct/ef32768.csv
sel_1,ACORN,ACORN-gamma4,16,0.2473,291.56266666666664,288.95,0.017176598743869825,287.168,298.57,9.246,3,0,lookup + materialize + ANN search,screen,work_sync/results_snapshot/acorn_low_selectivity_screen/acorn_low_selectivity_screen/ACORN-gamma4/query_minlen5_avgsel1pct/ef16.csv
sel_1,ACORN,ACORN-gamma4,32,0.3287,304.23566666666665,306.907,0.01788069807262084,296.652,309.148,15.145,3,0,lookup + materialize + ANN search,screen,work_sync/results_snapshot/acorn_low_selectivity_screen/acorn_low_selectivity_screen/ACORN-gamma4/query_minlen5_avgsel1pct/ef32.csv
sel_1,ACORN,ACORN-gamma4,64,0.3771,307.192,302.988,0.027130546798437547,299.758,318.83,22.873,3,0,lookup + materialize + ANN search,screen,work_sync/results_snapshot/acorn_low_selectivity_screen/acorn_low_selectivity_screen/ACORN-gamma4/query_minlen5_avgsel1pct/ef64.csv
sel_1,ACORN,ACORN-gamma4,128,0.4082,338.9986666666667,347.124,0.05229432596555788,314.396,355.476,34.119,3,0,lookup + materialize + ANN search,screen,work_sync/results_snapshot/acorn_low_selectivity_screen/acorn_low_selectivity_screen/ACORN-gamma4/query_minlen5_avgsel1pct/ef128.csv
sel_1,ACORN,ACORN-gamma4,256,0.4198,269.4433333333333,264.389,0.052346387871736726,255.26,288.681,57.609,3,0,lookup + materialize + ANN search,screen,work_sync/results_snapshot/acorn_low_selectivity_screen/acorn_low_selectivity_screen/ACORN-gamma4/query_minlen5_avgsel1pct/ef256.csv
sel_1,ACORN,ACORN-gamma4,512,0.4323,290.18699999999995,288.073,0.012183484903374163,287.32,295.168,83.081,3,0,lookup + materialize + ANN search,screen,work_sync/results_snapshot/acorn_low_selectivity_screen/acorn_low_selectivity_screen/ACORN-gamma4/query_minlen5_avgsel1pct/ef512.csv
sel_1,ACORN,ACORN-gamma4,1024,0.4365,344.9693333333333,341.869,0.01803376954051925,339.389,353.65,135.328,3,0,lookup + materialize + ANN search,screen,work_sync/results_snapshot/acorn_low_selectivity_screen/acorn_low_selectivity_screen/ACORN-gamma4/query_minlen5_avgsel1pct/ef1024.csv
sel_1,ACORN,ACORN-gamma4,2048,0.4393,592.0416666666666,551.974,0.17812173123394828,487.668,736.483,299.341,3,0,lookup + materialize + ANN search,screen,work_sync/results_snapshot/acorn_low_selectivity_screen/acorn_low_selectivity_screen/ACORN-gamma4/query_minlen5_avgsel1pct/ef2048.csv
sel_1,ACORN,ACORN-gamma4,4096,0.4414,986.4526666666667,1043.32,0.09837174285587001,849.855,1066.183,660.304,3,0,lookup + materialize + ANN search,screen,work_sync/results_snapshot/acorn_low_selectivity_screen/acorn_low_selectivity_screen/ACORN-gamma4/query_minlen5_avgsel1pct/ef4096.csv
sel_1,ACORN,ACORN-gamma4,8192,0.4424,1412.9489999999998,1302.323,0.11987517677280679,1284.266,1652.258,1056.928,3,0,lookup + materialize + ANN search,screen,work_sync/results_snapshot/acorn_low_selectivity_screen/acorn_low_selectivity_screen/ACORN-gamma4/query_minlen5_avgsel1pct/ef8192.csv
sel_1,ACORN,ACORN-gamma4,16384,0.4424,2135.4519999999998,2061.888,0.1327845559987366,1830.845,2513.623,1782.547,3,0,lookup + materialize + ANN search,screen,work_sync/results_snapshot/acorn_low_selectivity_screen/acorn_low_selectivity_screen/ACORN-gamma4/query_minlen5_avgsel1pct/ef16384.csv
sel_1,ACORN,ACORN-gamma4,32768,0.4424,4188.357666666667,4154.88,0.022998075423543738,4090.742,4319.451,3853.103,3,0,lookup + materialize + ANN search,screen,work_sync/results_snapshot/acorn_low_selectivity_screen/acorn_low_selectivity_screen/ACORN-gamma4/query_minlen5_avgsel1pct/ef32768.csv
sel_1,ACORN,ACORN-gamma8,16,0.3201,214.26133333333334,213.336,0.006333322872796772,213.268,216.18,11.345,3,0,lookup + materialize + ANN search,screen,work_sync/results_snapshot/acorn_low_selectivity_screen/acorn_low_selectivity_screen/ACORN-gamma8/query_minlen5_avgsel1pct/ef16.csv
sel_1,ACORN,ACORN-gamma8,32,0.4301,222.3083333333333,222.202,0.001970326678997218,221.833,222.89,17.686,3,0,lookup + materialize + ANN search,screen,work_sync/results_snapshot/acorn_low_selectivity_screen/acorn_low_selectivity_screen/ACORN-gamma8/query_minlen5_avgsel1pct/ef32.csv
sel_1,ACORN,ACORN-gamma8,64,0.4952,234.80533333333332,233.855,0.007518885871781321,233.281,237.28,28.312,3,0,lookup + materialize + ANN search,screen,work_sync/results_snapshot/acorn_low_selectivity_screen/acorn_low_selectivity_screen/ACORN-gamma8/query_minlen5_avgsel1pct/ef64.csv
sel_1,ACORN,ACORN-gamma8,128,0.5517,255.48533333333333,246.58,0.061586090788155815,242.278,277.598,41.62,3,0,lookup + materialize + ANN search,screen,work_sync/results_snapshot/acorn_low_selectivity_screen/acorn_low_selectivity_screen/ACORN-gamma8/query_minlen5_avgsel1pct/ef128.csv
sel_1,ACORN,ACORN-gamma8,256,0.5757,274.33,266.151,0.04239362077802353,266.062,290.777,55.481,3,0,lookup + materialize + ANN search,screen,work_sync/results_snapshot/acorn_low_selectivity_screen/acorn_low_selectivity_screen/ACORN-gamma8/query_minlen5_avgsel1pct/ef256.csv
sel_1,ACORN,ACORN-gamma8,512,0.5952,309.22266666666667,305.947,0.015523882682971692,305.711,316.01,101.113,3,0,lookup + materialize + ANN search,screen,work_sync/results_snapshot/acorn_low_selectivity_screen/acorn_low_selectivity_screen/ACORN-gamma8/query_minlen5_avgsel1pct/ef512.csv
sel_1,ACORN,ACORN-gamma8,1024,0.6093,395.06600000000003,404.851,0.05784415540841045,363.499,416.848,180.711,3,0,lookup + materialize + ANN search,screen,work_sync/results_snapshot/acorn_low_selectivity_screen/acorn_low_selectivity_screen/ACORN-gamma8/query_minlen5_avgsel1pct/ef1024.csv
sel_1,ACORN,ACORN-gamma8,2048,0.6148,589.5133333333333,578.786,0.1099942888558894,516.006,673.748,335.77,3,0,lookup + materialize + ANN search,screen,work_sync/results_snapshot/acorn_low_selectivity_screen/acorn_low_selectivity_screen/ACORN-gamma8/query_minlen5_avgsel1pct/ef2048.csv
sel_1,ACORN,ACORN-gamma8,4096,0.6165,807.381,806.262,0.00616284935921224,801.924,813.957,590.146,3,0,lookup + materialize + ANN search,screen,work_sync/results_snapshot/acorn_low_selectivity_screen/acorn_low_selectivity_screen/ACORN-gamma8/query_minlen5_avgsel1pct/ef4096.csv
sel_1,ACORN,ACORN-gamma8,8192,0.6173,1370.0576666666666,1221.813,0.20013638942450346,1133.866,1754.494,912.504,3,0,lookup + materialize + ANN search,screen,work_sync/results_snapshot/acorn_low_selectivity_screen/acorn_low_selectivity_screen/ACORN-gamma8/query_minlen5_avgsel1pct/ef8192.csv
sel_1,ACORN,ACORN-gamma8,16384,0.6173,1974.6543333333332,1901.62,0.08457233695359019,1816.663,2205.68,1679.566,3,0,lookup + materialize + ANN search,screen,work_sync/results_snapshot/acorn_low_selectivity_screen/acorn_low_selectivity_screen/ACORN-gamma8/query_minlen5_avgsel1pct/ef16384.csv
sel_1,ACORN,ACORN-gamma8,32768,0.6173,4464.453333333334,4344.528,0.038826346878064445,4339.26,4709.572,4124.029,3,0,lookup + materialize + ANN search,screen,work_sync/results_snapshot/acorn_low_selectivity_screen/acorn_low_selectivity_screen/ACORN-gamma8/query_minlen5_avgsel1pct/ef32768.csv
sel_1,Curator,official_v2_adapter,8,0.5463,2752.4596664,2842.864946,0.26203365923513794,1851.214601,3939.842821,,5,0,batch total,formal,work_sync/results_snapshot/curator_low_selectivity/Amazon/results/Curator/query_minlen5_avgsel1pct_search_ef8_search_ef10240/results/search_time_details.csv
sel_1,Curator,official_v2_adapter,16,0.6565,2891.5095886,2841.942927,0.030770392194403966,2807.473674,3034.903673,,5,0,batch total,formal,work_sync/results_snapshot/curator_low_selectivity/Amazon/results/Curator/query_minlen5_avgsel1pct_search_ef8_search_ef10240/results/search_time_details.csv
sel_1,Curator,official_v2_adapter,32,0.7176,2859.3065016,2918.961504,0.16976758147040222,2003.940501,3517.396703,,5,0,batch total,formal,work_sync/results_snapshot/curator_low_selectivity/Amazon/results/Curator/query_minlen5_avgsel1pct_search_ef8_search_ef10240/results/search_time_details.csv
sel_1,Curator,official_v2_adapter,64,0.7816,2952.2737716,2955.381951,0.013870667992514574,2902.530842,3004.506739,,5,0,batch total,formal,work_sync/results_snapshot/curator_low_selectivity/Amazon/results/Curator/query_minlen5_avgsel1pct_search_ef8_search_ef10240/results/search_time_details.csv
sel_1,Curator,official_v2_adapter,128,0.8608,3152.3314258,3005.508709,0.10630804790723676,2957.648279,3821.466739,,5,0,batch total,formal,work_sync/results_snapshot/curator_low_selectivity/Amazon/results/Curator/query_minlen5_avgsel1pct_search_ef8_search_ef10240/results/search_time_details.csv
sel_1,Curator,official_v2_adapter,256,0.9173,2976.7994719999997,2943.856884,0.030303661154790273,2867.628951,3117.09069,,5,0,batch total,formal,work_sync/results_snapshot/curator_low_selectivity/Amazon/results/Curator/query_minlen5_avgsel1pct_search_ef8_search_ef10240/results/search_time_details.csv
sel_1,Curator,official_v2_adapter,512,0.9582,2916.0794984,2886.602743,0.03323493909151162,2811.842069,3045.43979,,5,0,batch total,formal,work_sync/results_snapshot/curator_low_selectivity/Amazon/results/Curator/query_minlen5_avgsel1pct_search_ef8_search_ef10240/results/search_time_details.csv
sel_1,Curator,official_v2_adapter,1024,0.9757,3087.3304676,3139.046098,0.030211950920884308,2931.461878,3183.915027,,5,0,batch total,formal,work_sync/results_snapshot/curator_low_selectivity/Amazon/results/Curator/query_minlen5_avgsel1pct_search_ef8_search_ef10240/results/search_time_details.csv
sel_1,Curator,official_v2_adapter,2048,0.9805,3107.5133895999998,3094.235446,0.02723611312349173,2985.030315,3224.784467,,5,0,batch total,formal,work_sync/results_snapshot/curator_low_selectivity/Amazon/results/Curator/query_minlen5_avgsel1pct_search_ef8_search_ef10240/results/search_time_details.csv
sel_1,Curator,official_v2_adapter,4096,0.983,2930.2281596000003,2918.653134,0.055027783267161345,2765.672452,3229.757459,,5,0,batch total,formal,work_sync/results_snapshot/curator_low_selectivity/Amazon/results/Curator/query_minlen5_avgsel1pct_search_ef8_search_ef10240/results/search_time_details.csv
sel_1,Curator,official_v2_adapter,8192,0.9832,3067.4506518000003,3097.471007,0.04348018935751449,2919.872316,3273.621418,,5,0,batch total,formal,work_sync/results_snapshot/curator_low_selectivity/Amazon/results/Curator/query_minlen5_avgsel1pct_search_ef8_search_ef10240/results/search_time_details.csv
sel_1,Curator,official_v2_adapter,10240,0.9832,3165.2761874,3161.893326,0.0019269690166983026,3157.81582,3174.033802,,5,0,batch total,formal,work_sync/results_snapshot/curator_low_selectivity/Amazon/results/Curator/query_minlen5_avgsel1pct_search_ef8_search_ef10240/results/search_time_details.csv
sel_1,FAVOR,official,16,0.8257999999999999,16979.584199999998,268.407,1.9304959035897682,234.873,82528.9,,5,0,batch total,formal,work_sync/results_snapshot/favor_low_selectivity/Amazon/results/favor/query_minlen5_avgsel1pct_16_16_20000/results/search_time_details.csv
sel_1,FAVOR,official,32,0.8352999999999999,246.8104,247.344,0.03410679677374941,237.162,259.875,,5,0,batch total,formal,work_sync/results_snapshot/favor_low_selectivity/Amazon/results/favor/query_minlen5_avgsel1pct_16_16_20000/results/search_time_details.csv
sel_1,FAVOR,official,50,0.8425,3935.3884000000007,246.448,1.8723735363252878,238.51,18672.4,,5,0,batch total,formal,work_sync/results_snapshot/favor_low_selectivity/Amazon/results/favor/query_minlen5_avgsel1pct_16_16_20000/results/search_time_details.csv
sel_1,FAVOR,official,100,0.8550000000000001,2433.0972,280.077,1.772967746988425,271.361,11060.7,,5,0,batch total,formal,work_sync/results_snapshot/favor_low_selectivity/Amazon/results/favor/query_minlen5_avgsel1pct_16_16_20000/results/search_time_details.csv
sel_1,FAVOR,official,200,0.8716000000000002,294.7842,292.338,0.033613139493334485,284.712,313.568,,5,0,batch total,formal,work_sync/results_snapshot/favor_low_selectivity/Amazon/results/favor/query_minlen5_avgsel1pct_16_16_20000/results/search_time_details.csv
sel_1,FAVOR,official,500,0.8924999999999998,19038.4556,22189.5,0.9438432576040419,337.868,48795.3,,5,0,batch total,formal,work_sync/results_snapshot/favor_low_selectivity/Amazon/results/favor/query_minlen5_avgsel1pct_16_16_20000/results/search_time_details.csv
sel_1,FAVOR,official,1000,0.9094,438.351,403.783,0.1622893960465355,397.158,580.433,,5,0,batch total,formal,work_sync/results_snapshot/favor_low_selectivity/Amazon/results/favor/query_minlen5_avgsel1pct_16_16_20000/results/search_time_details.csv
sel_1,FAVOR,official,2000,0.9318,687.691,490.384,0.572524602590017,486.876,1475.1,,5,0,batch total,formal,work_sync/results_snapshot/favor_low_selectivity/Amazon/results/favor/query_minlen5_avgsel1pct_16_16_20000/results/search_time_details.csv
sel_1,FAVOR,official,5000,0.9570000000000001,699.9622,692.9,0.027834450947372243,682.99,736.602,,5,0,batch total,formal,work_sync/results_snapshot/favor_low_selectivity/Amazon/results/favor/query_minlen5_avgsel1pct_16_16_20000/results/search_time_details.csv
sel_1,FAVOR,official,10000,0.9711000000000001,905.7268,903.343,0.015791686753990505,885.275,929.259,,5,0,batch total,formal,work_sync/results_snapshot/favor_low_selectivity/Amazon/results/favor/query_minlen5_avgsel1pct_16_16_20000/results/search_time_details.csv
sel_1,FAVOR,official,20000,0.9791000000000001,1213.83,1199.27,0.03276417707656848,1164.78,1277.1,,5,0,batch total,formal,work_sync/results_snapshot/favor_low_selectivity/Amazon/results/favor/query_minlen5_avgsel1pct_16_16_20000/results/search_time_details.csv
sel_1,NaviX,project_route,16,0.5387,2747.732,2779.31,0.0390174642571873,2542.2,2857.91,,5,0,batch total,formal,work_sync/results_snapshot/navix_low_selectivity/Amazon/results/NaviX/query_minlen5_avgsel1pct_16_16_20000/results/search_time_details.csv
sel_1,NaviX,project_route,32,0.5886,2735.752,2780.92,0.04134102484412985,2514.83,2828.33,,5,0,batch total,formal,work_sync/results_snapshot/navix_low_selectivity/Amazon/results/NaviX/query_minlen5_avgsel1pct_16_16_20000/results/search_time_details.csv
sel_1,NaviX,project_route,50,0.6245,2764.606,2748.15,0.014413620033238959,2712.08,2818.3,,5,0,batch total,formal,work_sync/results_snapshot/navix_low_selectivity/Amazon/results/NaviX/query_minlen5_avgsel1pct_16_16_20000/results/search_time_details.csv
sel_1,NaviX,project_route,100,0.6976,2784.352,2798.2,0.015597709338085337,2701.73,2826.69,,5,0,batch total,formal,work_sync/results_snapshot/navix_low_selectivity/Amazon/results/NaviX/query_minlen5_avgsel1pct_16_16_20000/results/search_time_details.csv
sel_1,NaviX,project_route,200,0.7502,2691.6400000000003,2785.0,0.09505929212255985,2185.18,2873.32,,5,0,batch total,formal,work_sync/results_snapshot/navix_low_selectivity/Amazon/results/NaviX/query_minlen5_avgsel1pct_16_16_20000/results/search_time_details.csv
sel_1,NaviX,project_route,500,0.7776,2785.498,2801.17,0.01394289344206487,2709.04,2812.71,,5,0,batch total,formal,work_sync/results_snapshot/navix_low_selectivity/Amazon/results/NaviX/query_minlen5_avgsel1pct_16_16_20000/results/search_time_details.csv
sel_1,NaviX,project_route,1000,0.7855,2805.388,2800.22,0.014544900632992613,2741.32,2857.32,,5,0,batch total,formal,work_sync/results_snapshot/navix_low_selectivity/Amazon/results/NaviX/query_minlen5_avgsel1pct_16_16_20000/results/search_time_details.csv
sel_1,NaviX,project_route,2000,0.7896,2844.884,2836.41,0.017658460869293485,2766.52,2917.29,,5,0,batch total,formal,work_sync/results_snapshot/navix_low_selectivity/Amazon/results/NaviX/query_minlen5_avgsel1pct_16_16_20000/results/search_time_details.csv
sel_1,NaviX,project_route,5000,0.7899,2898.15,2917.89,0.012474135232941122,2849.14,2934.84,,5,0,batch total,formal,work_sync/results_snapshot/navix_low_selectivity/Amazon/results/NaviX/query_minlen5_avgsel1pct_16_16_20000/results/search_time_details.csv
sel_1,NaviX,project_route,10000,0.7899,2885.362,2886.67,0.00693550207270904,2856.71,2910.82,,5,0,batch total,formal,work_sync/results_snapshot/navix_low_selectivity/Amazon/results/NaviX/query_minlen5_avgsel1pct_16_16_20000/results/search_time_details.csv
sel_1,NaviX,project_route,20000,0.7899,2886.5860000000002,2861.12,0.025101341672210887,2787.39,2975.06,,5,0,batch total,formal,work_sync/results_snapshot/navix_low_selectivity/Amazon/results/NaviX/query_minlen5_avgsel1pct_16_16_20000/results/search_time_details.csv
sel_10,ACORN,ACORN-1,16,0.5516,268.305,263.34,0.05880599305081676,251.948,289.627,27.929,3,0,lookup + materialize + ANN search,screen,work_sync/results_snapshot/acorn_low_selectivity_screen/acorn_low_selectivity_screen/ACORN-1/query_minlen3_avgsel10pct/ef16.csv
sel_10,ACORN,ACORN-1,32,0.6807,403.654,415.068,0.07769770008995235,360.829,435.065,45.12,3,0,lookup + materialize + ANN search,screen,work_sync/results_snapshot/acorn_low_selectivity_screen/acorn_low_selectivity_screen/ACORN-1/query_minlen3_avgsel10pct/ef32.csv
sel_10,ACORN,ACORN-1,64,0.7706,489.60566666666665,494.469,0.02686490605223099,471.625,502.723,124.809,3,0,lookup + materialize + ANN search,screen,work_sync/results_snapshot/acorn_low_selectivity_screen/acorn_low_selectivity_screen/ACORN-1/query_minlen3_avgsel10pct/ef64.csv
sel_10,ACORN,ACORN-1,128,0.8202,526.0636666666666,530.805,0.023196150923099804,509.323,538.063,163.811,3,0,lookup + materialize + ANN search,screen,work_sync/results_snapshot/acorn_low_selectivity_screen/acorn_low_selectivity_screen/ACORN-1/query_minlen3_avgsel10pct/ef128.csv
sel_10,ACORN,ACORN-1,256,0.8544,632.143,647.219,0.07620978845732515,567.065,682.145,284.275,3,0,lookup + materialize + ANN search,screen,work_sync/results_snapshot/acorn_low_selectivity_screen/acorn_low_selectivity_screen/ACORN-1/query_minlen3_avgsel10pct/ef256.csv
sel_10,ACORN,ACORN-1,512,0.8737,826.9456666666666,829.481,0.09340513506886519,731.103,920.253,352.36,3,0,lookup + materialize + ANN search,screen,work_sync/results_snapshot/acorn_low_selectivity_screen/acorn_low_selectivity_screen/ACORN-1/query_minlen3_avgsel10pct/ef512.csv
sel_10,ACORN,ACORN-1,1024,0.8854,943.4326666666666,940.173,0.037656871618232134,901.643,988.482,544.069,3,0,lookup + materialize + ANN search,screen,work_sync/results_snapshot/acorn_low_selectivity_screen/acorn_low_selectivity_screen/ACORN-1/query_minlen3_avgsel10pct/ef1024.csv
sel_10,ACORN,ACORN-1,2048,0.8914,1396.1456666666666,1391.154,0.0068687295784113055,1387.721,1409.562,1029.626,3,0,lookup + materialize + ANN search,screen,work_sync/results_snapshot/acorn_low_selectivity_screen/acorn_low_selectivity_screen/ACORN-1/query_minlen3_avgsel10pct/ef2048.csv
sel_10,ACORN,ACORN-1,4096,0.8946,2035.9276666666665,1967.042,0.06209587108794797,1927.489,2213.252,1721.823,3,0,lookup + materialize + ANN search,screen,work_sync/results_snapshot/acorn_low_selectivity_screen/acorn_low_selectivity_screen/ACORN-1/query_minlen3_avgsel10pct/ef4096.csv
sel_10,ACORN,ACORN-1,8192,0.8959,3656.548666666667,3667.147,0.005360556620482038,3629.067,3673.432,3414.435,3,0,lookup + materialize + ANN search,screen,work_sync/results_snapshot/acorn_low_selectivity_screen/acorn_low_selectivity_screen/ACORN-1/query_minlen3_avgsel10pct/ef8192.csv
sel_10,ACORN,ACORN-1,16384,0.8968,7916.6946,7873.439,0.02083283925583862,7737.917,8208.831,7642.445,5,0,lookup + materialize + ANN search,formal,work_sync/results_snapshot/acorn_low_selectivity_formal/acorn_low_selectivity_formal/ACORN-1/query_minlen3_avgsel10pct_ef16384.csv
sel_10,ACORN,ACORN-1,32768,0.8968,21120.06133333333,21153.105,0.006706353780455787,20932.445,21274.634,20861.708,3,0,lookup + materialize + ANN search,screen,work_sync/results_snapshot/acorn_low_selectivity_screen/acorn_low_selectivity_screen/ACORN-1/query_minlen3_avgsel10pct/ef32768.csv
sel_10,ACORN,ACORN-gamma12,16,0.4746,247.6496666666667,238.322,0.05360901989076444,238.202,266.425,16.446,3,0,lookup + materialize + ANN search,screen,work_sync/results_snapshot/acorn_low_selectivity_screen/acorn_low_selectivity_screen/ACORN-gamma12/query_minlen3_avgsel10pct/ef16.csv
sel_10,ACORN,ACORN-gamma12,32,0.6181,272.77233333333334,255.281,0.09421983580884669,253.926,309.11,32.176,3,0,lookup + materialize + ANN search,screen,work_sync/results_snapshot/acorn_low_selectivity_screen/acorn_low_selectivity_screen/ACORN-gamma12/query_minlen3_avgsel10pct/ef32.csv
sel_10,ACORN,ACORN-gamma12,64,0.7105,464.47599999999994,467.55,0.01708441673749677,453.592,472.286,45.098,3,0,lookup + materialize + ANN search,screen,work_sync/results_snapshot/acorn_low_selectivity_screen/acorn_low_selectivity_screen/ACORN-gamma12/query_minlen3_avgsel10pct/ef64.csv
sel_10,ACORN,ACORN-gamma12,128,0.7678,398.26,375.839,0.09017879360599718,370.002,448.939,69.961,3,0,lookup + materialize + ANN search,screen,work_sync/results_snapshot/acorn_low_selectivity_screen/acorn_low_selectivity_screen/ACORN-gamma12/query_minlen3_avgsel10pct/ef128.csv
sel_10,ACORN,ACORN-gamma12,256,0.7978,505.58,543.8,0.10984542587097006,427.05,545.89,124.735,3,0,lookup + materialize + ANN search,screen,work_sync/results_snapshot/acorn_low_selectivity_screen/acorn_low_selectivity_screen/ACORN-gamma12/query_minlen3_avgsel10pct/ef256.csv
sel_10,ACORN,ACORN-gamma12,512,0.8229,558.6246666666666,556.4,0.05088240652717472,524.978,594.496,239.91,3,0,lookup + materialize + ANN search,screen,work_sync/results_snapshot/acorn_low_selectivity_screen/acorn_low_selectivity_screen/ACORN-gamma12/query_minlen3_avgsel10pct/ef512.csv
sel_10,ACORN,ACORN-gamma12,1024,0.83,725.246,760.479,0.0988185127238444,625.329,789.93,337.181,3,0,lookup + materialize + ANN search,screen,work_sync/results_snapshot/acorn_low_selectivity_screen/acorn_low_selectivity_screen/ACORN-gamma12/query_minlen3_avgsel10pct/ef1024.csv
sel_10,ACORN,ACORN-gamma12,2048,0.8412,917.4773333333333,917.901,0.07413287579567004,833.965,1000.566,589.917,3,0,lookup + materialize + ANN search,screen,work_sync/results_snapshot/acorn_low_selectivity_screen/acorn_low_selectivity_screen/ACORN-gamma12/query_minlen3_avgsel10pct/ef2048.csv
sel_10,ACORN,ACORN-gamma12,4096,0.8439,1362.4246666666666,1243.152,0.12909445842377756,1233.032,1611.09,958.188,3,0,lookup + materialize + ANN search,screen,work_sync/results_snapshot/acorn_low_selectivity_screen/acorn_low_selectivity_screen/ACORN-gamma12/query_minlen3_avgsel10pct/ef4096.csv
sel_10,ACORN,ACORN-gamma12,8192,0.8458,2355.7906666666663,2298.214,0.0516009455081287,2244.296,2524.862,2055.102,3,0,lookup + materialize + ANN search,screen,work_sync/results_snapshot/acorn_low_selectivity_screen/acorn_low_selectivity_screen/ACORN-gamma12/query_minlen3_avgsel10pct/ef8192.csv
sel_10,ACORN,ACORN-gamma12,16384,0.8464,5736.111666666667,5690.414,0.030292577715851567,5549.859,5968.062,5443.243,3,0,lookup + materialize + ANN search,screen,work_sync/results_snapshot/acorn_low_selectivity_screen/acorn_low_selectivity_screen/ACORN-gamma12/query_minlen3_avgsel10pct/ef16384.csv
sel_10,ACORN,ACORN-gamma12,32768,0.8464,16177.027333333333,16161.916,0.01198063138214226,15947.575,16421.591,15917.295,3,0,lookup + materialize + ANN search,screen,work_sync/results_snapshot/acorn_low_selectivity_screen/acorn_low_selectivity_screen/ACORN-gamma12/query_minlen3_avgsel10pct/ef32768.csv
sel_10,ACORN,ACORN-gamma2,16,0.4486,311.6433333333334,308.306,0.019505447065825115,306.451,320.173,18.844,3,0,lookup + materialize + ANN search,screen,work_sync/results_snapshot/acorn_low_selectivity_screen/acorn_low_selectivity_screen/ACORN-gamma2/query_minlen3_avgsel10pct/ef16.csv
sel_10,ACORN,ACORN-gamma2,32,0.5858,295.08233333333334,286.406,0.12708695549655713,254.11,344.731,30.505,3,0,lookup + materialize + ANN search,screen,work_sync/results_snapshot/acorn_low_selectivity_screen/acorn_low_selectivity_screen/ACORN-gamma2/query_minlen3_avgsel10pct/ef32.csv
sel_10,ACORN,ACORN-gamma2,64,0.6748,285.5063333333333,273.637,0.06548382994485288,270.98,311.902,45.0,3,0,lookup + materialize + ANN search,screen,work_sync/results_snapshot/acorn_low_selectivity_screen/acorn_low_selectivity_screen/ACORN-gamma2/query_minlen3_avgsel10pct/ef64.csv
sel_10,ACORN,ACORN-gamma2,128,0.7368,486.76966666666664,475.413,0.06476139210376905,455.113,529.783,102.897,3,0,lookup + materialize + ANN search,screen,work_sync/results_snapshot/acorn_low_selectivity_screen/acorn_low_selectivity_screen/ACORN-gamma2/query_minlen3_avgsel10pct/ef128.csv
sel_10,ACORN,ACORN-gamma2,256,0.7658,442.56033333333335,470.786,0.11977725102039335,368.303,488.592,136.404,3,0,lookup + materialize + ANN search,screen,work_sync/results_snapshot/acorn_low_selectivity_screen/acorn_low_selectivity_screen/ACORN-gamma2/query_minlen3_avgsel10pct/ef256.csv
sel_10,ACORN,ACORN-gamma2,512,0.7908,573.8986666666666,616.951,0.10734598972418884,486.777,617.968,221.414,3,0,lookup + materialize + ANN search,screen,work_sync/results_snapshot/acorn_low_selectivity_screen/acorn_low_selectivity_screen/ACORN-gamma2/query_minlen3_avgsel10pct/ef512.csv
sel_10,ACORN,ACORN-gamma2,1024,0.8031,651.8336666666667,585.458,0.1529875062177564,577.26,792.783,290.82,3,0,lookup + materialize + ANN search,screen,work_sync/results_snapshot/acorn_low_selectivity_screen/acorn_low_selectivity_screen/ACORN-gamma2/query_minlen3_avgsel10pct/ef1024.csv
sel_10,ACORN,ACORN-gamma2,2048,0.8128,877.8633333333333,866.956,0.08077712868846616,796.984,969.65,554.018,3,0,lookup + materialize + ANN search,screen,work_sync/results_snapshot/acorn_low_selectivity_screen/acorn_low_selectivity_screen/ACORN-gamma2/query_minlen3_avgsel10pct/ef2048.csv
sel_10,ACORN,ACORN-gamma2,4096,0.818,1344.9543333333334,1295.215,0.12308019195051925,1171.712,1567.936,957.926,3,0,lookup + materialize + ANN search,screen,work_sync/results_snapshot/acorn_low_selectivity_screen/acorn_low_selectivity_screen/ACORN-gamma2/query_minlen3_avgsel10pct/ef4096.csv
sel_10,ACORN,ACORN-gamma2,8192,0.8194,2284.4243333333334,2197.637,0.06949549178323285,2148.495,2507.141,1950.555,3,0,lookup + materialize + ANN search,screen,work_sync/results_snapshot/acorn_low_selectivity_screen/acorn_low_selectivity_screen/ACORN-gamma2/query_minlen3_avgsel10pct/ef8192.csv
sel_10,ACORN,ACORN-gamma2,16384,0.8195,5338.264,5292.333,0.022987705968974613,5216.295,5506.164,5048.532,3,0,lookup + materialize + ANN search,screen,work_sync/results_snapshot/acorn_low_selectivity_screen/acorn_low_selectivity_screen/ACORN-gamma2/query_minlen3_avgsel10pct/ef16384.csv
sel_10,ACORN,ACORN-gamma2,32768,0.8195,16486.467,16570.617,0.01875245517440398,16072.827,16815.957,16270.73,3,0,lookup + materialize + ANN search,screen,work_sync/results_snapshot/acorn_low_selectivity_screen/acorn_low_selectivity_screen/ACORN-gamma2/query_minlen3_avgsel10pct/ef32768.csv
sel_10,ACORN,ACORN-gamma4,16,0.4709,309.4893333333334,309.113,0.013423057339460021,304.6,314.755,16.925,3,0,lookup + materialize + ANN search,screen,work_sync/results_snapshot/acorn_low_selectivity_screen/acorn_low_selectivity_screen/ACORN-gamma4/query_minlen3_avgsel10pct/ef16.csv
sel_10,ACORN,ACORN-gamma4,32,0.5994,326.11133333333333,324.893,0.022980155506013587,317.603,335.838,26.719,3,0,lookup + materialize + ANN search,screen,work_sync/results_snapshot/acorn_low_selectivity_screen/acorn_low_selectivity_screen/ACORN-gamma4/query_minlen3_avgsel10pct/ef32.csv
sel_10,ACORN,ACORN-gamma4,64,0.6848,340.6673333333333,339.139,0.014977983598053699,335.324,347.539,43.549,3,0,lookup + materialize + ANN search,screen,work_sync/results_snapshot/acorn_low_selectivity_screen/acorn_low_selectivity_screen/ACORN-gamma4/query_minlen3_avgsel10pct/ef64.csv
sel_10,ACORN,ACORN-gamma4,128,0.7482,442.786,452.346,0.047635370240247804,413.536,462.476,95.123,3,0,lookup + materialize + ANN search,screen,work_sync/results_snapshot/acorn_low_selectivity_screen/acorn_low_selectivity_screen/ACORN-gamma4/query_minlen3_avgsel10pct/ef128.csv
sel_10,ACORN,ACORN-gamma4,256,0.7828,413.89366666666666,415.692,0.013728181014257377,406.212,419.777,115.811,3,0,lookup + materialize + ANN search,screen,work_sync/results_snapshot/acorn_low_selectivity_screen/acorn_low_selectivity_screen/ACORN-gamma4/query_minlen3_avgsel10pct/ef256.csv
sel_10,ACORN,ACORN-gamma4,512,0.8045,537.5953333333333,485.301,0.14876724893680182,476.89,650.595,178.943,3,0,lookup + materialize + ANN search,screen,work_sync/results_snapshot/acorn_low_selectivity_screen/acorn_low_selectivity_screen/ACORN-gamma4/query_minlen3_avgsel10pct/ef512.csv
sel_10,ACORN,ACORN-gamma4,1024,0.8148,649.6223333333334,689.071,0.14596480110585083,518.904,740.892,340.807,3,0,lookup + materialize + ANN search,screen,work_sync/results_snapshot/acorn_low_selectivity_screen/acorn_low_selectivity_screen/ACORN-gamma4/query_minlen3_avgsel10pct/ef1024.csv
sel_10,ACORN,ACORN-gamma4,2048,0.8211,962.1216666666666,947.29,0.0781444188704683,878.356,1060.719,554.91,3,0,lookup + materialize + ANN search,screen,work_sync/results_snapshot/acorn_low_selectivity_screen/acorn_low_selectivity_screen/ACORN-gamma4/query_minlen3_avgsel10pct/ef2048.csv
sel_10,ACORN,ACORN-gamma4,4096,0.8245,1272.6823333333334,1299.562,0.0504420364925177,1184.143,1334.342,1004.744,3,0,lookup + materialize + ANN search,screen,work_sync/results_snapshot/acorn_low_selectivity_screen/acorn_low_selectivity_screen/ACORN-gamma4/query_minlen3_avgsel10pct/ef4096.csv
sel_10,ACORN,ACORN-gamma4,8192,0.825,2397.1746666666663,2341.778,0.09042985816367216,2163.748,2685.998,2073.78,3,0,lookup + materialize + ANN search,screen,work_sync/results_snapshot/acorn_low_selectivity_screen/acorn_low_selectivity_screen/ACORN-gamma4/query_minlen3_avgsel10pct/ef8192.csv
sel_10,ACORN,ACORN-gamma4,16384,0.8251,5584.649666666667,5638.843,0.017033918420787584,5450.916,5664.19,5371.799,3,0,lookup + materialize + ANN search,screen,work_sync/results_snapshot/acorn_low_selectivity_screen/acorn_low_selectivity_screen/ACORN-gamma4/query_minlen3_avgsel10pct/ef16384.csv
sel_10,ACORN,ACORN-gamma4,32768,0.8251,16402.684666666668,16298.202,0.01776217813478873,16109.763,16800.089,16048.391,3,0,lookup + materialize + ANN search,screen,work_sync/results_snapshot/acorn_low_selectivity_screen/acorn_low_selectivity_screen/ACORN-gamma4/query_minlen3_avgsel10pct/ef32768.csv
sel_10,ACORN,ACORN-gamma8,16,0.4756,303.8016666666667,305.362,0.008853992026930255,300.017,306.026,16.576,3,0,lookup + materialize + ANN search,screen,work_sync/results_snapshot/acorn_low_selectivity_screen/acorn_low_selectivity_screen/ACORN-gamma8/query_minlen3_avgsel10pct/ef16.csv
sel_10,ACORN,ACORN-gamma8,32,0.6026,326.01466666666664,325.508,0.015921370534929122,319.926,332.61,28.05,3,0,lookup + materialize + ANN search,screen,work_sync/results_snapshot/acorn_low_selectivity_screen/acorn_low_selectivity_screen/ACORN-gamma8/query_minlen3_avgsel10pct/ef32.csv
sel_10,ACORN,ACORN-gamma8,64,0.695,463.435,476.359,0.04480593190927929,434.137,479.809,42.834,3,0,lookup + materialize + ANN search,screen,work_sync/results_snapshot/acorn_low_selectivity_screen/acorn_low_selectivity_screen/ACORN-gamma8/query_minlen3_avgsel10pct/ef64.csv
sel_10,ACORN,ACORN-gamma8,128,0.7579,402.75800000000004,402.98,0.015703965752231187,394.903,410.391,97.911,3,0,lookup + materialize + ANN search,screen,work_sync/results_snapshot/acorn_low_selectivity_screen/acorn_low_selectivity_screen/ACORN-gamma8/query_minlen3_avgsel10pct/ef128.csv
sel_10,ACORN,ACORN-gamma8,256,0.7867,464.521,464.357,0.003410332528820441,462.668,466.538,153.68,3,0,lookup + materialize + ANN search,screen,work_sync/results_snapshot/acorn_low_selectivity_screen/acorn_low_selectivity_screen/ACORN-gamma8/query_minlen3_avgsel10pct/ef256.csv
sel_10,ACORN,ACORN-gamma8,512,0.809,565.9879999999999,572.007,0.03900190391425556,536.45,589.507,233.783,3,0,lookup + materialize + ANN search,screen,work_sync/results_snapshot/acorn_low_selectivity_screen/acorn_low_selectivity_screen/ACORN-gamma8/query_minlen3_avgsel10pct/ef512.csv
sel_10,ACORN,ACORN-gamma8,1024,0.8201,705.7553333333334,716.113,0.12267265474559141,594.922,806.231,341.124,3,0,lookup + materialize + ANN search,screen,work_sync/results_snapshot/acorn_low_selectivity_screen/acorn_low_selectivity_screen/ACORN-gamma8/query_minlen3_avgsel10pct/ef1024.csv
sel_10,ACORN,ACORN-gamma8,2048,0.8278,984.8316666666666,1020.609,0.07232402604723327,885.396,1048.49,667.817,3,0,lookup + materialize + ANN search,screen,work_sync/results_snapshot/acorn_low_selectivity_screen/acorn_low_selectivity_screen/ACORN-gamma8/query_minlen3_avgsel10pct/ef2048.csv
sel_10,ACORN,ACORN-gamma8,4096,0.8316,1397.5910000000001,1342.07,0.08853888070913477,1281.63,1569.073,1031.601,3,0,lookup + materialize + ANN search,screen,work_sync/results_snapshot/acorn_low_selectivity_screen/acorn_low_selectivity_screen/ACORN-gamma8/query_minlen3_avgsel10pct/ef4096.csv
sel_10,ACORN,ACORN-gamma8,8192,0.8333,2451.491,2417.627,0.03050640387877543,2381.651,2555.195,2168.633,3,0,lookup + materialize + ANN search,screen,work_sync/results_snapshot/acorn_low_selectivity_screen/acorn_low_selectivity_screen/ACORN-gamma8/query_minlen3_avgsel10pct/ef8192.csv
sel_10,ACORN,ACORN-gamma8,16384,0.8339,5584.616666666666,5580.088,0.008462325648167662,5529.134,5644.628,5322.412,3,0,lookup + materialize + ANN search,screen,work_sync/results_snapshot/acorn_low_selectivity_screen/acorn_low_selectivity_screen/ACORN-gamma8/query_minlen3_avgsel10pct/ef16384.csv
sel_10,ACORN,ACORN-gamma8,32768,0.8341,16368.751333333334,16142.013,0.038323128966892384,15739.353,17224.888,15887.181,3,0,lookup + materialize + ANN search,screen,work_sync/results_snapshot/acorn_low_selectivity_screen/acorn_low_selectivity_screen/ACORN-gamma8/query_minlen3_avgsel10pct/ef32768.csv
sel_10,Curator,official_v2_adapter,8,0.4959,2296.247141,2295.603325,0.013513635655342077,2241.936534,2329.041818,,5,0,batch total,formal,work_sync/results_snapshot/curator_low_selectivity/Amazon/results/Curator/query_minlen3_avgsel10pct_search_ef8_search_ef10240/results/search_time_details.csv
sel_10,Curator,official_v2_adapter,16,0.5856,2446.0361806,2301.642876,0.1291844464269253,2258.867171,3076.179238,,5,0,batch total,formal,work_sync/results_snapshot/curator_low_selectivity/Amazon/results/Curator/query_minlen3_avgsel10pct_search_ef8_search_ef10240/results/search_time_details.csv
sel_10,Curator,official_v2_adapter,32,0.6354,2317.7312819999997,2313.487664,0.011170615452732282,2286.752886,2355.740808,,5,0,batch total,formal,work_sync/results_snapshot/curator_low_selectivity/Amazon/results/Curator/query_minlen3_avgsel10pct_search_ef8_search_ef10240/results/search_time_details.csv
sel_10,Curator,official_v2_adapter,64,0.6971,2335.3433124,2322.694904,0.013339047225922312,2296.757851,2386.646846,,5,0,batch total,formal,work_sync/results_snapshot/curator_low_selectivity/Amazon/results/Curator/query_minlen3_avgsel10pct_search_ef8_search_ef10240/results/search_time_details.csv
sel_10,Curator,official_v2_adapter,128,0.7603,2316.683384,2331.400895,0.016254295334714525,2262.429687,2357.877402,,5,0,batch total,formal,work_sync/results_snapshot/curator_low_selectivity/Amazon/results/Curator/query_minlen3_avgsel10pct_search_ef8_search_ef10240/results/search_time_details.csv
sel_10,Curator,official_v2_adapter,256,0.8315,2366.269366,2359.862012,0.016354879416847146,2313.1027,2417.095208,,5,0,batch total,formal,work_sync/results_snapshot/curator_low_selectivity/Amazon/results/Curator/query_minlen3_avgsel10pct_search_ef8_search_ef10240/results/search_time_details.csv
sel_10,Curator,official_v2_adapter,512,0.8838,2552.2669202,2369.478427,0.1580654443712596,2305.545363,3356.540679,,5,0,batch total,formal,work_sync/results_snapshot/curator_low_selectivity/Amazon/results/Curator/query_minlen3_avgsel10pct_search_ef8_search_ef10240/results/search_time_details.csv
sel_10,Curator,official_v2_adapter,1024,0.929,2329.4824214,2350.428447,0.01422387362624157,2288.350284,2364.591528,,5,0,batch total,formal,work_sync/results_snapshot/curator_low_selectivity/Amazon/results/Curator/query_minlen3_avgsel10pct_search_ef8_search_ef10240/results/search_time_details.csv
sel_10,Curator,official_v2_adapter,2048,0.9561,2509.5935194,2369.248905,0.1284663469680177,2326.231151,3153.229232,,5,0,batch total,formal,work_sync/results_snapshot/curator_low_selectivity/Amazon/results/Curator/query_minlen3_avgsel10pct_search_ef8_search_ef10240/results/search_time_details.csv
sel_10,Curator,official_v2_adapter,4096,0.9731,2224.4237302,2213.024559,0.02016770166540286,2175.294894,2309.083289,,5,0,batch total,formal,work_sync/results_snapshot/curator_low_selectivity/Amazon/results/Curator/query_minlen3_avgsel10pct_search_ef8_search_ef10240/results/search_time_details.csv
sel_10,Curator,official_v2_adapter,8192,0.9805,1653.6411738,1492.093921,0.18332787437740772,1421.441079,2245.372439,,5,0,batch total,formal,work_sync/results_snapshot/curator_low_selectivity/Amazon/results/Curator/query_minlen3_avgsel10pct_search_ef8_search_ef10240/results/search_time_details.csv
sel_10,Curator,official_v2_adapter,10240,0.9816,1437.580129,1420.208082,0.048037979733441864,1356.270587,1524.897693,,5,0,batch total,formal,work_sync/results_snapshot/curator_low_selectivity/Amazon/results/Curator/query_minlen3_avgsel10pct_search_ef8_search_ef10240/results/search_time_details.csv
sel_10,FAVOR,official,16,0.2525,98.94095999999999,88.7072,0.1823597509555767,79.557,121.156,,5,0,batch total,formal,work_sync/results_snapshot/favor_low_selectivity/Amazon/results/favor/query_minlen3_avgsel10pct_16_16_20000/results/search_time_details.csv
sel_10,FAVOR,official,32,0.3431,128.6432,126.316,0.09622249779545552,113.282,149.017,,5,0,batch total,formal,work_sync/results_snapshot/favor_low_selectivity/Amazon/results/favor/query_minlen3_avgsel10pct_16_16_20000/results/search_time_details.csv
sel_10,FAVOR,official,50,0.4105,153.076,142.161,0.14151861299859708,136.327,194.978,,5,0,batch total,formal,work_sync/results_snapshot/favor_low_selectivity/Amazon/results/favor/query_minlen3_avgsel10pct_16_16_20000/results/search_time_details.csv
sel_10,FAVOR,official,100,0.5128,197.1564,194.209,0.05343807375397102,188.246,216.896,,5,0,batch total,formal,work_sync/results_snapshot/favor_low_selectivity/Amazon/results/favor/query_minlen3_avgsel10pct_16_16_20000/results/search_time_details.csv
sel_10,FAVOR,official,200,0.603,287.5946,277.773,0.07394406672164353,274.174,329.987,,5,0,batch total,formal,work_sync/results_snapshot/favor_low_selectivity/Amazon/results/favor/query_minlen3_avgsel10pct_16_16_20000/results/search_time_details.csv
sel_10,FAVOR,official,500,0.702,497.3764,483.754,0.06262767760701815,476.408,559.416,,5,0,batch total,formal,work_sync/results_snapshot/favor_low_selectivity/Amazon/results/favor/query_minlen3_avgsel10pct_16_16_20000/results/search_time_details.csv
sel_10,FAVOR,official,1000,0.769,770.0004,736.491,0.09123567952410713,731.621,910.434,,5,0,batch total,formal,work_sync/results_snapshot/favor_low_selectivity/Amazon/results/favor/query_minlen3_avgsel10pct_16_16_20000/results/search_time_details.csv
sel_10,FAVOR,official,2000,0.8295,1136.132,1104.59,0.05630632487466429,1101.35,1263.94,,5,0,batch total,formal,work_sync/results_snapshot/favor_low_selectivity/Amazon/results/favor/query_minlen3_avgsel10pct_16_16_20000/results/search_time_details.csv
sel_10,FAVOR,official,5000,0.8901,1839.506,1839.02,0.005615980273874045,1823.02,1852.34,,5,0,batch total,formal,work_sync/results_snapshot/favor_low_selectivity/Amazon/results/favor/query_minlen3_avgsel10pct_16_16_20000/results/search_time_details.csv
sel_10,FAVOR,official,10000,0.9204000000000001,2635.204,2641.12,0.005229700382638189,2617.51,2650.48,,5,0,batch total,formal,work_sync/results_snapshot/favor_low_selectivity/Amazon/results/favor/query_minlen3_avgsel10pct_16_16_20000/results/search_time_details.csv
sel_10,FAVOR,official,20000,0.9400999999999999,3737.154,3736.46,0.0034838394516251807,3718.88,3756.61,,5,0,batch total,formal,work_sync/results_snapshot/favor_low_selectivity/Amazon/results/favor/query_minlen3_avgsel10pct_16_16_20000/results/search_time_details.csv
sel_10,NaviX,project_route,16,0.6236,2712.926,2859.62,0.0952592204736797,2234.23,2945.47,,5,0,batch total,formal,work_sync/results_snapshot/navix_low_selectivity/Amazon/results/NaviX/query_minlen3_avgsel10pct_16_16_20000/results/search_time_details.csv
sel_10,NaviX,project_route,32,0.6907,2780.8959999999997,2909.72,0.09482291474935683,2258.51,2967.14,,5,0,batch total,formal,work_sync/results_snapshot/navix_low_selectivity/Amazon/results/NaviX/query_minlen3_avgsel10pct_16_16_20000/results/search_time_details.csv
sel_10,NaviX,project_route,50,0.7209,2694.1279999999997,2834.45,0.08452298213928265,2378.29,2909.09,,5,0,batch total,formal,work_sync/results_snapshot/navix_low_selectivity/Amazon/results/NaviX/query_minlen3_avgsel10pct_16_16_20000/results/search_time_details.csv
sel_10,NaviX,project_route,100,0.7862,2777.804,2875.57,0.07002512521381557,2389.43,2889.8,,5,0,batch total,formal,work_sync/results_snapshot/navix_low_selectivity/Amazon/results/NaviX/query_minlen3_avgsel10pct_16_16_20000/results/search_time_details.csv
sel_10,NaviX,project_route,200,0.8522000000000001,2755.468,2860.82,0.07308762555970538,2366.36,2910.15,,5,0,batch total,formal,work_sync/results_snapshot/navix_low_selectivity/Amazon/results/NaviX/query_minlen3_avgsel10pct_16_16_20000/results/search_time_details.csv
sel_10,NaviX,project_route,500,0.8847000000000002,2786.852,2802.6,0.033590657242396495,2644.08,2896.6,,5,0,batch total,formal,work_sync/results_snapshot/navix_low_selectivity/Amazon/results/NaviX/query_minlen3_avgsel10pct_16_16_20000/results/search_time_details.csv
sel_10,NaviX,project_route,1000,0.8972,2798.0739999999996,2882.95,0.06504409561870574,2440.62,2929.37,,5,0,batch total,formal,work_sync/results_snapshot/navix_low_selectivity/Amazon/results/NaviX/query_minlen3_avgsel10pct_16_16_20000/results/search_time_details.csv
sel_10,NaviX,project_route,2000,0.9036,2842.102,2848.3,0.038688168595894724,2653.36,2963.15,,5,0,batch total,formal,work_sync/results_snapshot/navix_low_selectivity/Amazon/results/NaviX/query_minlen3_avgsel10pct_16_16_20000/results/search_time_details.csv
sel_10,NaviX,project_route,5000,0.9071,3248.4199999999996,3268.43,0.03571066760182238,3045.37,3382.72,,5,0,batch total,formal,work_sync/results_snapshot/navix_low_selectivity/Amazon/results/NaviX/query_minlen3_avgsel10pct_16_16_20000/results/search_time_details.csv
sel_10,NaviX,project_route,10000,0.9074,3916.958,3964.51,0.038517414694776625,3647.37,4081.6,,5,0,batch total,formal,work_sync/results_snapshot/navix_low_selectivity/Amazon/results/NaviX/query_minlen3_avgsel10pct_16_16_20000/results/search_time_details.csv
sel_10,NaviX,project_route,20000,0.9076000000000001,4678.132,4712.63,0.022007700692764386,4487.91,4779.43,,5,0,batch total,formal,work_sync/results_snapshot/navix_low_selectivity/Amazon/results/NaviX/query_minlen3_avgsel10pct_16_16_20000/results/search_time_details.csv
