workload,query_dir,mean_selectivity,method,lsearch,recall,batch_ms_all,batch_ms_warm,batch_ms_warm_median,batch_ms_warm_cv,batch_ms_min,batch_ms_max,recall_min,recall_max,summary_path
sel_25,query_minlen2_avgsel25pct,0.2491539473,single_1k,16000,0.8996,5485.34,4889.998333333333,4883.004999999999,0.010437299887837719,4836.17,9057.38,0.8996,0.8996,/home/sunyahui/worktrees/FilterVectorCode_multilevel_special/runs/current_binary_high_sel25_amazon_x1/single_1k/sel_25/search_time_summary.csv
sel_25,query_minlen2_avgsel25pct,0.2491539473,single_1k,18000,0.9037,5797.7,5703.178333333333,5697.605,0.003922092549877352,5677.67,6364.83,0.9037,0.9037,/home/sunyahui/worktrees/FilterVectorCode_multilevel_special/runs/current_binary_high_sel25_amazon_x1/single_1k/sel_25/search_time_summary.csv
sel_25,query_minlen2_avgsel25pct,0.2491539473,single_1k,20000,0.9057,6467.78,6463.183333333333,6476.110000000001,0.008030089187191324,6399.79,6523.57,0.9057,0.9057,/home/sunyahui/worktrees/FilterVectorCode_multilevel_special/runs/current_binary_high_sel25_amazon_x1/single_1k/sel_25/search_time_summary.csv
sel_25,query_minlen2_avgsel25pct,0.2491539473,multi_1k_4k,12000,0.8952,4112.66,3983.9566666666665,3991.8149999999996,0.01718255160647966,3898.17,4884.87,0.8952,0.8952,/home/sunyahui/worktrees/FilterVectorCode_multilevel_special/runs/current_binary_high_sel25_amazon_x1/multi_1k_4k/sel_25/search_time_summary.csv
sel_25,query_minlen2_avgsel25pct,0.2491539473,multi_1k_4k,14000,0.9021,4772.9,4768.030000000001,4770.32,0.004284672779493183,4739.76,4802.15,0.9021,0.9021,/home/sunyahui/worktrees/FilterVectorCode_multilevel_special/runs/current_binary_high_sel25_amazon_x1/multi_1k_4k/sel_25/search_time_summary.csv
sel_25,query_minlen2_avgsel25pct,0.2491539473,multi_1k_4k,16000,0.9073,5595.32,5578.535,5559.879999999999,0.015106339211019754,5491.75,5728.14,0.9073,0.9073,/home/sunyahui/worktrees/FilterVectorCode_multilevel_special/runs/current_binary_high_sel25_amazon_x1/multi_1k_4k/sel_25/search_time_summary.csv
sel_25,query_minlen2_avgsel25pct,0.2491539473,multi_1k_10k,12000,0.8944,3920.62,3779.74,3771.835,0.023986755501874533,3690.88,4765.88,0.8944,0.8944,/home/sunyahui/worktrees/FilterVectorCode_multilevel_special/runs/current_binary_high_sel25_amazon_x1/multi_1k_10k/sel_25/search_time_summary.csv
sel_25,query_minlen2_avgsel25pct,0.2491539473,multi_1k_10k,14000,0.9015,4628.48,4545.3,4549.485000000001,0.01050198566578254,4471.32,5127.55,0.9015,0.9015,/home/sunyahui/worktrees/FilterVectorCode_multilevel_special/runs/current_binary_high_sel25_amazon_x1/multi_1k_10k/sel_25/search_time_summary.csv
sel_25,query_minlen2_avgsel25pct,0.2491539473,multi_1k_10k,16000,0.9065,5402.09,5363.123333333333,5359.645,0.010239569349162602,5290.83,5635.91,0.9065,0.9065,/home/sunyahui/worktrees/FilterVectorCode_multilevel_special/runs/current_binary_high_sel25_amazon_x1/multi_1k_10k/sel_25/search_time_summary.csv
sel_25,query_minlen2_avgsel25pct,0.2491539473,multi_1k_25k,12000,0.8941,3953.21,3788.668333333333,3772.675,0.0115449685854854,3748.48,4940.51,0.8941,0.8941,/home/sunyahui/worktrees/FilterVectorCode_multilevel_special/runs/current_binary_high_sel25_amazon_x1/multi_1k_25k/sel_25/search_time_summary.csv
sel_25,query_minlen2_avgsel25pct,0.2491539473,multi_1k_25k,14000,0.9012,4615.39,4595.268333333333,4586.005,0.00981215332353996,4542.25,4736.13,0.9012,0.9012,/home/sunyahui/worktrees/FilterVectorCode_multilevel_special/runs/current_binary_high_sel25_amazon_x1/multi_1k_25k/sel_25/search_time_summary.csv
sel_25,query_minlen2_avgsel25pct,0.2491539473,multi_1k_25k,16000,0.9062,5335.95,5331.86,5327.91,0.006868284992060272,5290.37,5391.84,0.9062,0.9062,/home/sunyahui/worktrees/FilterVectorCode_multilevel_special/runs/current_binary_high_sel25_amazon_x1/multi_1k_25k/sel_25/search_time_summary.csv
sel_25,query_minlen2_avgsel25pct,0.2491539473,multi_1k_50k,12000,0.8941,5372.99,5467.758333333333,5860.889999999999,0.20484268534070416,3811.49,6462.13,0.8941,0.8941,/home/sunyahui/worktrees/FilterVectorCode_multilevel_special/runs/current_binary_high_sel25_amazon_x1/multi_1k_50k/sel_25/search_time_summary.csv
sel_25,query_minlen2_avgsel25pct,0.2491539473,multi_1k_50k,14000,0.9012,6783.35,7102.45,7525.215,0.179200264272643,4565.11,8023.75,0.9012,0.9012,/home/sunyahui/worktrees/FilterVectorCode_multilevel_special/runs/current_binary_high_sel25_amazon_x1/multi_1k_50k/sel_25/search_time_summary.csv
sel_25,query_minlen2_avgsel25pct,0.2491539473,multi_1k_50k,16000,0.9063,8091.68,8527.933333333334,9507.05,0.22413712371459266,5474.14,9984.42,0.9063,0.9063,/home/sunyahui/worktrees/FilterVectorCode_multilevel_special/runs/current_binary_high_sel25_amazon_x1/multi_1k_50k/sel_25/search_time_summary.csv
