workload,method,budget,recall,batch_ms_all_mean,batch_ms_warm_mean,batch_ms_warm_median,warm_cv,min_ms,max_ms,num_repeats,source
sel_50,NaviX,50,0.8295999999999999,2622.852,2654.74,2646.9700000000003,0.06772222214746976,2475.1,2849.92,5,/Users/bytedance/sunyahui/work_sync/results_snapshot/navix/Amazon/results/NaviX/query_minlen1_avgsel50pct_50_50_20000/results/search_time_details.csv
sel_50,NaviX,100,0.8695,2650.112,2614.27,2612.825,0.06548226402807103,2428.37,2803.06,5,/Users/bytedance/sunyahui/work_sync/results_snapshot/navix/Amazon/results/NaviX/query_minlen1_avgsel50pct_50_50_20000/results/search_time_details.csv
sel_50,NaviX,200,0.8899000000000001,2736.404,2679.8900000000003,2690.37,0.05847299746481984,2485.8,2962.46,5,/Users/bytedance/sunyahui/work_sync/results_snapshot/navix/Amazon/results/NaviX/query_minlen1_avgsel50pct_50_50_20000/results/search_time_details.csv
sel_50,NaviX,500,0.9054,2688.284,2636.935,2645.79,0.06810580951280226,2430.86,2893.68,5,/Users/bytedance/sunyahui/work_sync/results_snapshot/navix/Amazon/results/NaviX/query_minlen1_avgsel50pct_50_50_20000/results/search_time_details.csv
sel_50,NaviX,1000,0.9109999999999999,2716.102,2685.46,2654.2,0.06214096907175359,2506.71,2926.73,5,/Users/bytedance/sunyahui/work_sync/results_snapshot/navix/Amazon/results/NaviX/query_minlen1_avgsel50pct_50_50_20000/results/search_time_details.csv
sel_50,NaviX,2000,0.9204000000000001,2809.254,2786.7200000000003,2775.27,0.056117087058498626,2621.36,2974.98,5,/Users/bytedance/sunyahui/work_sync/results_snapshot/navix/Amazon/results/NaviX/query_minlen1_avgsel50pct_50_50_20000/results/search_time_details.csv
sel_50,NaviX,5000,0.9218,2995.52,2977.7925,2975.215,0.04419763294398729,2834.79,3125.95,5,/Users/bytedance/sunyahui/work_sync/results_snapshot/navix/Amazon/results/NaviX/query_minlen1_avgsel50pct_50_50_20000/results/search_time_details.csv
sel_50,NaviX,10000,0.922,3290.6220000000003,3322.7125,3299.23,0.04102056489140228,3162.26,3512.07,5,/Users/bytedance/sunyahui/work_sync/results_snapshot/navix/Amazon/results/NaviX/query_minlen1_avgsel50pct_50_50_20000/results/search_time_details.csv
sel_50,NaviX,20000,0.922,3796.4300000000003,3796.5325000000003,3773.2650000000003,0.018902938688993492,3725.64,3913.96,5,/Users/bytedance/sunyahui/work_sync/results_snapshot/navix/Amazon/results/NaviX/query_minlen1_avgsel50pct_50_50_20000/results/search_time_details.csv
sel_75,NaviX,50,0.8467,2160.678,2105.605,2111.19,0.029895957142927896,2028.93,2380.97,5,/Users/bytedance/sunyahui/work_sync/results_snapshot/navix/Amazon/results/NaviX/query_minlen1_avgsel75pct_50_50_20000/results/search_time_details.csv
sel_75,NaviX,100,0.8867,2112.216,2099.465,2100.27,0.01885070622936369,2046.62,2163.22,5,/Users/bytedance/sunyahui/work_sync/results_snapshot/navix/Amazon/results/NaviX/query_minlen1_avgsel75pct_50_50_20000/results/search_time_details.csv
sel_75,NaviX,200,0.9179,2103.274,2079.9975,2065.955,0.016792399346186107,2048.91,2196.38,5,/Users/bytedance/sunyahui/work_sync/results_snapshot/navix/Amazon/results/NaviX/query_minlen1_avgsel75pct_50_50_20000/results/search_time_details.csv
sel_75,NaviX,500,0.9379,2107.98,2106.73,2109.935,0.004509464279512388,2091.11,2115.94,5,/Users/bytedance/sunyahui/work_sync/results_snapshot/navix/Amazon/results/NaviX/query_minlen1_avgsel75pct_50_50_20000/results/search_time_details.csv
sel_75,NaviX,1000,0.9521,2211.504,2208.035,2192.955,0.015570776343590166,2179.42,2266.81,5,/Users/bytedance/sunyahui/work_sync/results_snapshot/navix/Amazon/results/NaviX/query_minlen1_avgsel75pct_50_50_20000/results/search_time_details.csv
sel_75,NaviX,2000,0.9606,2346.536,2354.4975,2343.29,0.012974254098794196,2314.69,2405.78,5,/Users/bytedance/sunyahui/work_sync/results_snapshot/navix/Amazon/results/NaviX/query_minlen1_avgsel75pct_50_50_20000/results/search_time_details.csv
sel_75,NaviX,5000,0.9619,2600.624,2592.425,2595.34,0.020850228898680732,2521.34,2657.68,5,/Users/bytedance/sunyahui/work_sync/results_snapshot/navix/Amazon/results/NaviX/query_minlen1_avgsel75pct_50_50_20000/results/search_time_details.csv
sel_75,NaviX,10000,0.9621999999999999,3094.182,3099.395,3094.1,0.016161111071213152,3035.92,3173.46,5,/Users/bytedance/sunyahui/work_sync/results_snapshot/navix/Amazon/results/NaviX/query_minlen1_avgsel75pct_50_50_20000/results/search_time_details.csv
sel_75,NaviX,20000,0.9625,3954.278,3940.0275,3953.82,0.016068580469657943,3840.24,4012.23,5,/Users/bytedance/sunyahui/work_sync/results_snapshot/navix/Amazon/results/NaviX/query_minlen1_avgsel75pct_50_50_20000/results/search_time_details.csv
sel_25,NaviX,50,0.7789,2377.6639999999998,2292.485,2219.23,0.06384428499932716,2186.62,2718.38,5,/Users/bytedance/sunyahui/work_sync/results_snapshot/navix/Amazon/results/NaviX/query_minlen2_avgsel25pct_50_50_20000/results/search_time_details.csv
sel_25,NaviX,100,0.8344000000000001,2363.85,2378.1525,2254.415,0.10599231447684829,2196.23,2807.55,5,/Users/bytedance/sunyahui/work_sync/results_snapshot/navix/Amazon/results/NaviX/query_minlen2_avgsel25pct_50_50_20000/results/search_time_details.csv
sel_25,NaviX,200,0.8634999999999999,2346.066,2366.6275,2248.865,0.09733072029947486,2204.82,2763.96,5,/Users/bytedance/sunyahui/work_sync/results_snapshot/navix/Amazon/results/NaviX/query_minlen2_avgsel25pct_50_50_20000/results/search_time_details.csv
sel_25,NaviX,500,0.8972999999999999,2414.08,2380.3625,2376.27,0.06358283176074145,2215.96,2552.95,5,/Users/bytedance/sunyahui/work_sync/results_snapshot/navix/Amazon/results/NaviX/query_minlen2_avgsel25pct_50_50_20000/results/search_time_details.csv
sel_25,NaviX,1000,0.9071999999999999,2497.2439999999997,2463.09,2449.245,0.06496420627779033,2290.65,2663.22,5,/Users/bytedance/sunyahui/work_sync/results_snapshot/navix/Amazon/results/NaviX/query_minlen2_avgsel25pct_50_50_20000/results/search_time_details.csv
sel_25,NaviX,2000,0.9153,2544.496,2495.37,2413.74,0.059434436272522116,2402.03,2751.97,5,/Users/bytedance/sunyahui/work_sync/results_snapshot/navix/Amazon/results/NaviX/query_minlen2_avgsel25pct_50_50_20000/results/search_time_details.csv
sel_25,NaviX,5000,0.9173,2925.7920000000004,2865.7975,2826.495,0.040732584804942046,2759.11,3165.77,5,/Users/bytedance/sunyahui/work_sync/results_snapshot/navix/Amazon/results/NaviX/query_minlen2_avgsel25pct_50_50_20000/results/search_time_details.csv
sel_25,NaviX,10000,0.9183,3670.2599999999998,3624.7075,3564.1,0.04564987053998433,3469.06,3901.57,5,/Users/bytedance/sunyahui/work_sync/results_snapshot/navix/Amazon/results/NaviX/query_minlen2_avgsel25pct_50_50_20000/results/search_time_details.csv
sel_25,NaviX,20000,0.9190000000000002,4331.232,4320.5625,4315.125,0.0075502189322615015,4280.58,4373.91,5,/Users/bytedance/sunyahui/work_sync/results_snapshot/navix/Amazon/results/NaviX/query_minlen2_avgsel25pct_50_50_20000/results/search_time_details.csv
sel_50,FAVOR,50,0.8323,165.9698,161.57425,160.9035,0.014171561476829103,159.2,183.552,5,/Users/bytedance/sunyahui/work_sync/results_snapshot/favor/Amazon/results/favor/query_minlen1_avgsel50pct_50_50_20000/results/search_time_details.csv
sel_50,FAVOR,100,0.8644000000000001,201.189,200.16575,200.9295,0.008636836072605904,197.212,205.282,5,/Users/bytedance/sunyahui/work_sync/results_snapshot/favor/Amazon/results/favor/query_minlen1_avgsel50pct_50_50_20000/results/search_time_details.csv
sel_50,FAVOR,200,0.8991,3915.6338000000005,4826.76325,269.121,1.6360779787101523,264.111,18504.7,5,/Users/bytedance/sunyahui/work_sync/results_snapshot/favor/Amazon/results/favor/query_minlen1_avgsel50pct_50_50_20000/results/search_time_details.csv
sel_50,FAVOR,500,0.9335000000000001,3684.103,4497.31225,844.4425,1.4626792464355993,424.864,15875.5,5,/Users/bytedance/sunyahui/work_sync/results_snapshot/favor/Amazon/results/favor/query_minlen1_avgsel50pct_50_50_20000/results/search_time_details.csv
sel_50,FAVOR,1000,0.9526999999999999,622.3846,623.25275,621.4625,0.024853663117501135,607.509,642.577,5,/Users/bytedance/sunyahui/work_sync/results_snapshot/favor/Amazon/results/favor/query_minlen1_avgsel50pct_50_50_20000/results/search_time_details.csv
sel_50,FAVOR,2000,0.9679,903.235,891.89,890.8875,0.009580671189108965,881.081,948.615,5,/Users/bytedance/sunyahui/work_sync/results_snapshot/favor/Amazon/results/favor/query_minlen1_avgsel50pct_50_50_20000/results/search_time_details.csv
sel_50,FAVOR,5000,0.9806000000000001,1758.998,1462.4299999999998,1461.3249999999998,0.005048306029338279,1453.45,2945.27,5,/Users/bytedance/sunyahui/work_sync/results_snapshot/favor/Amazon/results/favor/query_minlen1_avgsel50pct_50_50_20000/results/search_time_details.csv
sel_50,FAVOR,10000,0.9884999999999999,2106.5480000000002,2098.735,2097.42,0.005882707133475283,2084.84,2137.8,5,/Users/bytedance/sunyahui/work_sync/results_snapshot/favor/Amazon/results/favor/query_minlen1_avgsel50pct_50_50_20000/results/search_time_details.csv
sel_50,FAVOR,20000,0.9917,2955.87,2950.635,2951.7250000000004,0.0025926672414135253,2938.85,2976.81,5,/Users/bytedance/sunyahui/work_sync/results_snapshot/favor/Amazon/results/favor/query_minlen1_avgsel50pct_50_50_20000/results/search_time_details.csv
sel_75,FAVOR,50,0.8042999999999999,142.6706,137.46550000000002,130.883,0.08670375392087162,130.004,163.491,5,/Users/bytedance/sunyahui/work_sync/results_snapshot/favor/Amazon/results/favor/query_minlen1_avgsel75pct_50_50_20000/results/search_time_details.csv
sel_75,FAVOR,100,0.8438000000000001,183.6412,179.202,179.5315,0.009671912357818708,176.746,201.398,5,/Users/bytedance/sunyahui/work_sync/results_snapshot/favor/Amazon/results/favor/query_minlen1_avgsel75pct_50_50_20000/results/search_time_details.csv
sel_75,FAVOR,200,0.892,268.36260000000004,264.6245,265.8405,0.010098716901397893,260.045,283.315,5,/Users/bytedance/sunyahui/work_sync/results_snapshot/favor/Amazon/results/favor/query_minlen1_avgsel75pct_50_50_20000/results/search_time_details.csv
sel_75,FAVOR,500,0.9304,461.5454,456.32550000000003,456.13599999999997,0.0017905412068304385,455.391,482.425,5,/Users/bytedance/sunyahui/work_sync/results_snapshot/favor/Amazon/results/favor/query_minlen1_avgsel75pct_50_50_20000/results/search_time_details.csv
sel_75,FAVOR,1000,0.9534,709.2203999999999,701.124,700.2835,0.004012303384056931,698.564,741.606,5,/Users/bytedance/sunyahui/work_sync/results_snapshot/favor/Amazon/results/favor/query_minlen1_avgsel75pct_50_50_20000/results/search_time_details.csv
sel_75,FAVOR,2000,0.966,1116.162,1069.565,1070.185,0.002353244128284565,1065.72,1302.55,5,/Users/bytedance/sunyahui/work_sync/results_snapshot/favor/Amazon/results/favor/query_minlen1_avgsel75pct_50_50_20000/results/search_time_details.csv
sel_75,FAVOR,5000,0.9806000000000001,1800.3259999999998,1792.5525,1791.84,0.002510893012825611,1787.49,1831.42,5,/Users/bytedance/sunyahui/work_sync/results_snapshot/favor/Amazon/results/favor/query_minlen1_avgsel75pct_50_50_20000/results/search_time_details.csv
sel_75,FAVOR,10000,0.9899000000000001,2621.344,2618.0325,2621.135,0.005247535800809969,2596.24,2634.59,5,/Users/bytedance/sunyahui/work_sync/results_snapshot/favor/Amazon/results/favor/query_minlen1_avgsel75pct_50_50_20000/results/search_time_details.csv
sel_75,FAVOR,20000,0.9917,3754.292,3758.35,3763.995,0.003735881337252433,3735.27,3770.14,5,/Users/bytedance/sunyahui/work_sync/results_snapshot/favor/Amazon/results/favor/query_minlen1_avgsel75pct_50_50_20000/results/search_time_details.csv
sel_25,FAVOR,50,0.4686,147.5914,127.01025,123.931,0.08394540222749676,116.458,229.916,5,/Users/bytedance/sunyahui/work_sync/results_snapshot/favor/Amazon/results/favor/query_minlen2_avgsel25pct_50_50_20000/results/search_time_details.csv
sel_25,FAVOR,100,0.5345,175.4874,169.77875,171.096,0.031738076766094234,161.885,198.322,5,/Users/bytedance/sunyahui/work_sync/results_snapshot/favor/Amazon/results/favor/query_minlen2_avgsel25pct_50_50_20000/results/search_time_details.csv
sel_25,FAVOR,200,0.6203,260.0084,251.99325,250.60000000000002,0.017341924681289367,247.753,292.069,5,/Users/bytedance/sunyahui/work_sync/results_snapshot/favor/Amazon/results/favor/query_minlen2_avgsel25pct_50_50_20000/results/search_time_details.csv
sel_25,FAVOR,500,0.7258,470.3406,454.13625,449.9015,0.020856496003637676,446.5,535.158,5,/Users/bytedance/sunyahui/work_sync/results_snapshot/favor/Amazon/results/favor/query_minlen2_avgsel25pct_50_50_20000/results/search_time_details.csv
sel_25,FAVOR,1000,0.7962,721.4452,695.6795,694.2165,0.012304607195786035,686.035,824.508,5,/Users/bytedance/sunyahui/work_sync/results_snapshot/favor/Amazon/results/favor/query_minlen2_avgsel25pct_50_50_20000/results/search_time_details.csv
sel_25,FAVOR,2000,0.8480000000000001,1079.256,1050.3175,1046.95,0.012371055088002127,1036.15,1195.01,5,/Users/bytedance/sunyahui/work_sync/results_snapshot/favor/Amazon/results/favor/query_minlen2_avgsel25pct_50_50_20000/results/search_time_details.csv
sel_25,FAVOR,5000,0.9132999999999999,1796.65,1765.3775,1754.6799999999998,0.012485554254735468,1749.17,1921.74,5,/Users/bytedance/sunyahui/work_sync/results_snapshot/favor/Amazon/results/favor/query_minlen2_avgsel25pct_50_50_20000/results/search_time_details.csv
sel_25,FAVOR,10000,0.9474,2558.558,2558.105,2553.34,0.005293801503702033,2546.14,2579.6,5,/Users/bytedance/sunyahui/work_sync/results_snapshot/favor/Amazon/results/favor/query_minlen2_avgsel25pct_50_50_20000/results/search_time_details.csv
sel_25,FAVOR,20000,0.9673999999999999,3630.936,3607.2825000000003,3603.285,0.003706533908060052,3594.09,3725.55,5,/Users/bytedance/sunyahui/work_sync/results_snapshot/favor/Amazon/results/favor/query_minlen2_avgsel25pct_50_50_20000/results/search_time_details.csv
