topology_code,workload,mean_selectivity,method,lsearch,warm_1_ms,warm_2_ms,warm_1_recall,warm_2_recall,qps_at_median_time,warm_cv,min_observed_qps,max_observed_qps,detail_path,detail_sha256
L,sel_0p5,0.0049924907,l0_lng_entry_optimized_lng,2000,447.436,360.204,0.9168,0.917,2476.3508493883414,0.15274711192230422,2234.9565077463594,2776.204595173846,/home/sunyahui/worktrees/FilterVectorCode_multilevel_special/runs/authoritative_multilevel_20260926_emptyfix/search/amazon_screen/performance/l0_lng_entry_optimized_lng/sel_0p5/search_time_details.csv,955e420fcebde2cd01d9845cbf53dace1be5018ae0926292ac04a02b71e23acf
T,sel_0p5,0.0049924907,l0_trie_entry_trie,1000,65.9432,68.088,0.9598,0.9609,14921.898781776183,0.022630590851815093,14686.875807778171,15164.565868808306,/home/sunyahui/worktrees/FilterVectorCode_multilevel_special/runs/authoritative_multilevel_20260926_emptyfix/search/amazon_screen/performance/l0_trie_entry_trie/sel_0p5/search_time_details.csv,4632747b9f46ea5e2195ea15e2850c6beea1876f34c7f1045796e9fc86b5cb28
TL,sel_0p5,0.0049924907,l1_base_trie_t1024_lng_entry_trie,1000,78.005,53.7713,0.9592,0.9592,15177.235967317341,0.2600742865483465,12819.691045445805,18597.281449397728,/home/sunyahui/worktrees/FilterVectorCode_multilevel_special/runs/base_topology_factorial_20260929/search/amazon_base_trie_4c99/performance/l1_base_trie_t1024_lng_entry_trie/sel_0p5/search_time_details.csv,2c54b2ffdcbbff42718c424f855d5fc8e426066d29431216605ec196edecf1ea
TT,sel_0p5,0.0049924907,l1_base_trie_t1024_trie_entry_trie,1000,57.4554,54.0417,0.9592,0.9592,17937.686271660878,0.04329889152160041,17404.80442221271,18504.229141570308,/home/sunyahui/worktrees/FilterVectorCode_multilevel_special/runs/base_topology_factorial_20260929/search/amazon_base_trie_4c99/performance/l1_base_trie_t1024_trie_entry_trie/sel_0p5/search_time_details.csv,af505405cb566ceda605424d24c8918e5326e3fc261568fbc348d471a1cdec59
TLL,sel_0p5,0.0049924907,l2_base_trie_t1024_16384_ll_entry_trie,1000,54.44,49.9522,0.9592,0.9592,19158.519506246634,0.060796760919091426,18368.846436443793,20019.13829621118,/home/sunyahui/worktrees/FilterVectorCode_multilevel_special/runs/base_topology_factorial_20260929/search/amazon_base_trie_4c99/performance/l2_base_trie_t1024_16384_ll_entry_trie/sel_0p5/search_time_details.csv,fdd273fd9c7e1c6ccc26ee48d692df16a30303cc55db6b01ff20ae31f5acbcdd
TLT,sel_0p5,0.0049924907,l2_base_trie_t1024_16384_lt_entry_trie,1000,46.006,46.1264,0.9592,0.9592,21707.889949681114,0.0018481154611159128,21679.55877761976,21736.29526583489,/home/sunyahui/worktrees/FilterVectorCode_multilevel_special/runs/base_topology_factorial_20260929/search/amazon_base_trie_4c99/performance/l2_base_trie_t1024_16384_lt_entry_trie/sel_0p5/search_time_details.csv,285dac127cc1bfe0845039cccdc2e6940afb1839d717a72d0c0864e44ceb20c4
TTL,sel_0p5,0.0049924907,l2_base_trie_t1024_16384_tl_entry_trie,1000,48.6319,48.488,0.9592,0.9592,20593.10192864696,0.0020954030185934233,20562.634813774497,20623.65946213496,/home/sunyahui/worktrees/FilterVectorCode_multilevel_special/runs/base_topology_factorial_20260929/search/amazon_base_trie_4c99/performance/l2_base_trie_t1024_16384_tl_entry_trie/sel_0p5/search_time_details.csv,cb3cc003b4ae5983be653beadb1c44a29cbb474dc1810a508e06e6a2748664df
TTT,sel_0p5,0.0049924907,l2_base_trie_t1024_16384_tt_entry_trie,1000,64.7779,49.0822,0.9592,0.9592,17565.41580413156,0.19495039799665898,15437.3636687821,20373.984866204042,/home/sunyahui/worktrees/FilterVectorCode_multilevel_special/runs/base_topology_factorial_20260929/search/amazon_base_trie_4c99/performance/l2_base_trie_t1024_16384_tt_entry_trie/sel_0p5/search_time_details.csv,b33e60ae1b6ca92d3b034e011faac4faa7f6f466c909d6bb61e761a58da5eaa8
L,sel_1,0.0090305484,l0_lng_entry_optimized_lng,2200,248.178,229.03,0.9106,0.9108,4191.04457595011,0.05674540513218559,4029.366019550484,4366.240230537484,/home/sunyahui/worktrees/FilterVectorCode_multilevel_special/runs/authoritative_multilevel_20260926_emptyfix/search/amazon_screen/performance/l0_lng_entry_optimized_lng/sel_1/search_time_details.csv,1a96bfabab858d229f887bc4c651c8db2bbbf8d6eae35826e5bc791cd6bfce4a
T,sel_1,0.0090305484,l0_trie_entry_trie,1200,87.197,85.3444,0.9461,0.946,11591.420957520919,0.015184599439047148,11468.28445932773,11717.23042167969,/home/sunyahui/worktrees/FilterVectorCode_multilevel_special/runs/authoritative_multilevel_20260926_emptyfix/search/amazon_screen/performance/l0_trie_entry_trie/sel_1/search_time_details.csv,2d3e385f5869eb6a07cb5c272e0f9c6f8f90eba75cc8eff0018d83b8ecab49c9
TL,sel_1,0.0090305484,l1_base_trie_t1024_lng_entry_trie,1200,89.2413,71.4381,0.9543,0.9543,12447.146305002385,0.15669418042163882,11205.574100780694,13998.132649104607,/home/sunyahui/worktrees/FilterVectorCode_multilevel_special/runs/base_topology_factorial_20260929/search/amazon_base_trie_4c99/performance/l1_base_trie_t1024_lng_entry_trie/sel_1/search_time_details.csv,73afd019758f09355b4f3aa88434acbd1d7e83c92925bfde783a317bd1d72aea
TT,sel_1,0.0090305484,l1_base_trie_t1024_trie_entry_trie,1200,93.811,70.8693,0.95,0.95,12144.743481764364,0.19701484199321262,10659.730735201629,14110.482253951994,/home/sunyahui/worktrees/FilterVectorCode_multilevel_special/runs/base_topology_factorial_20260929/search/amazon_base_trie_4c99/performance/l1_base_trie_t1024_trie_entry_trie/sel_1/search_time_details.csv,b5de12e41dc6e724aaac9de9fbc71cd87c43990bb72b67295673b50af6ef325b
TLL,sel_1,0.0090305484,l2_base_trie_t1024_16384_ll_entry_trie,1200,72.6527,78.3801,0.9543,0.9543,13242.156670604001,0.05362919019667031,12758.340446108132,13764.113377754717,/home/sunyahui/worktrees/FilterVectorCode_multilevel_special/runs/base_topology_factorial_20260929/search/amazon_base_trie_4c99/performance/l2_base_trie_t1024_16384_ll_entry_trie/sel_1/search_time_details.csv,5d688e16527f6ca5a678cf1ed7e93a0cd7e7e4d6b6a97f2e1f4b6a53d69dda1a
TLT,sel_1,0.0090305484,l2_base_trie_t1024_16384_lt_entry_trie,1200,70.2958,69.7749,0.9543,0.9543,14278.503641375393,0.005259228694081929,14225.600960512576,14331.801263778236,/home/sunyahui/worktrees/FilterVectorCode_multilevel_special/runs/base_topology_factorial_20260929/search/amazon_base_trie_4c99/performance/l2_base_trie_t1024_16384_lt_entry_trie/sel_1/search_time_details.csv,22c929960772ef34edf5a3bc9671607e677941dcf066de2f6e079ea9d6c425a0
TTL,sel_1,0.0090305484,l2_base_trie_t1024_16384_tl_entry_trie,1200,71.1521,71.0721,0.95,0.95,14062.304446078797,0.0007954840666345473,14054.39895660142,14070.218834113526,/home/sunyahui/worktrees/FilterVectorCode_multilevel_special/runs/base_topology_factorial_20260929/search/amazon_base_trie_4c99/performance/l2_base_trie_t1024_16384_tl_entry_trie/sel_1/search_time_details.csv,f44dce9314f37bbaac0e490d66f87418e053bfa4ee991f130fde789b785be583
TTT,sel_1,0.0090305484,l2_base_trie_t1024_16384_tt_entry_trie,1200,94.7765,67.1221,0.95,0.95,12353.41133277249,0.2415661873499247,10551.138731647614,14898.22279100326,/home/sunyahui/worktrees/FilterVectorCode_multilevel_special/runs/base_topology_factorial_20260929/search/amazon_base_trie_4c99/performance/l2_base_trie_t1024_16384_tt_entry_trie/sel_1/search_time_details.csv,2772554cc9bb381bc47b56ff921a3fb479b3aeda2c555159999e07ed5cacaa8f
L,sel_5,0.0503811667,l0_lng_entry_optimized_lng,3200,1893.36,1776.82,0.9097,0.9099,544.9324011356391,0.044905821665139165,528.1615751890819,562.8032102295111,/home/sunyahui/worktrees/FilterVectorCode_multilevel_special/runs/authoritative_multilevel_20260926_emptyfix/search/amazon_screen/performance/l0_lng_entry_optimized_lng/sel_5/search_time_details.csv,7a787db2d10fac7130c398f822ad34569342d6150dd13490c21f64fcd1d0cfed
T,sel_5,0.0503811667,l0_trie_entry_trie,800,101.151,97.9683,0.9032,0.9026,10044.229765773583,0.022604626999817922,9886.209726053128,10207.38340871486,/home/sunyahui/worktrees/FilterVectorCode_multilevel_special/runs/authoritative_multilevel_20260926_emptyfix/search/amazon_screen/performance/l0_trie_entry_trie/sel_5/search_time_details.csv,fa6b4f331151d17e186b634b724e1fbe2664a363c2b4777a563d505d38c9d3e0
TL,sel_5,0.0503811667,l1_base_trie_t1024_lng_entry_trie,400,122.274,97.3803,0.9181,0.9181,9105.216697328484,0.160274614053297,8178.3535338665615,10269.017450141353,/home/sunyahui/worktrees/FilterVectorCode_multilevel_special/runs/base_topology_factorial_20260929/search/amazon_base_trie_4c99/performance/l1_base_trie_t1024_lng_entry_trie/sel_5/search_time_details.csv,f3f30a916cbf7baeeca5026be58694f6efcf2f7038210e47bb0a0a7f09435d6a
TT,sel_5,0.0503811667,l1_base_trie_t1024_trie_entry_trie,400,102.605,80.256,0.9111,0.9111,10937.269291975874,0.1728430824805525,9746.113737147312,12460.12759170654,/home/sunyahui/worktrees/FilterVectorCode_multilevel_special/runs/base_topology_factorial_20260929/search/amazon_base_trie_4c99/performance/l1_base_trie_t1024_trie_entry_trie/sel_5/search_time_details.csv,5abe8cde1b9e96c2db3f83409193d5918908ab5331a859c870364b462b1a1a3a
TLL,sel_5,0.0503811667,l2_base_trie_t1024_16384_ll_entry_trie,400,110.385,98.6022,0.9185,0.9185,9569.964093494722,0.07973404860551134,9059.201884313992,10141.761542845901,/home/sunyahui/worktrees/FilterVectorCode_multilevel_special/runs/base_topology_factorial_20260929/search/amazon_base_trie_4c99/performance/l2_base_trie_t1024_16384_ll_entry_trie/sel_5/search_time_details.csv,9ff2de2ddf716c43dc0099925fab226c420b57f56ec297fcec9234007b949335
TLT,sel_5,0.0503811667,l2_base_trie_t1024_16384_lt_entry_trie,400,84.4464,86.2261,0.9186,0.9186,11718.349470477082,0.014746815549988456,11597.416559487208,11841.831031281381,/home/sunyahui/worktrees/FilterVectorCode_multilevel_special/runs/base_topology_factorial_20260929/search/amazon_base_trie_4c99/performance/l2_base_trie_t1024_16384_lt_entry_trie/sel_5/search_time_details.csv,892abf892f3c63a5ad37160e994c841d2fab60da929c85f3fccb8ad466446b5e
TTL,sel_5,0.0503811667,l2_base_trie_t1024_16384_tl_entry_trie,400,89.7104,90.7596,0.9108,0.9108,11082.174322602094,0.008221825620002492,11018.118193557486,11146.97961440368,/home/sunyahui/worktrees/FilterVectorCode_multilevel_special/runs/base_topology_factorial_20260929/search/amazon_base_trie_4c99/performance/l2_base_trie_t1024_16384_tl_entry_trie/sel_5/search_time_details.csv,6a609933ee824b2cb7b21e06dd8ee1e71cad95497c4ec416139a1eee9d7ba3b6
TTT,sel_5,0.0503811667,l2_base_trie_t1024_16384_tt_entry_trie,400,97.0671,102.012,0.9111,0.9111,10046.257994937692,0.03512746764767735,9802.76830176842,10302.15181044865,/home/sunyahui/worktrees/FilterVectorCode_multilevel_special/runs/base_topology_factorial_20260929/search/amazon_base_trie_4c99/performance/l2_base_trie_t1024_16384_tt_entry_trie/sel_5/search_time_details.csv,2a4d14c7c94f56486c494f3b8a58717136da15b490de497f31b8363ddd8f7809
L,sel_10,0.0990661529,l0_lng_entry_optimized_lng,26000,2185.23,2257.53,0.9035,0.9035,450.17061466295723,0.023014441599270505,442.96199829016666,457.61773360241256,/home/sunyahui/worktrees/FilterVectorCode_multilevel_special/runs/authoritative_multilevel_20260926_emptyfix/search/amazon_screen/performance/l0_lng_entry_optimized_lng/sel_10/search_time_details.csv,71b18aac3a2fe26c053d0790733179e56d69d801f06413481884e24c781c0221
T,sel_10,0.0990661529,l0_trie_entry_trie,64000,3713.77,3676.39,0.9324,0.9318,270.63013520681557,0.007153201413975672,269.268156078594,272.00596237069516,/home/sunyahui/worktrees/FilterVectorCode_multilevel_special/runs/authoritative_multilevel_20260926_emptyfix/search/amazon_screen/performance/l0_trie_entry_trie/sel_10/search_time_details.csv,8ece2c4aca7f1880aa8bd4aa725346615716434c67fdcfb4ab11fcdd3b5e0421
TL,sel_10,0.0990661529,l1_base_trie_t1024_lng_entry_trie,18000,3413.9,3489.19,0.9225,0.9225,289.72532590477596,0.01542441705251855,286.5994686445851,292.9201206830897,/home/sunyahui/worktrees/FilterVectorCode_multilevel_special/runs/base_topology_factorial_20260929/search/amazon_base_trie_4c99/performance/l1_base_trie_t1024_lng_entry_trie/sel_10/search_time_details.csv,375a87bbce1b6cb5d766851d50ff98e1b5c39ab4f80c99f17904b55ef7794ba4
TT,sel_10,0.0990661529,l1_base_trie_t1024_trie_entry_trie,32000,6876.06,6805.14,0.9381,0.9381,146.18600707540273,0.0073309377717963335,145.43212246548168,146.9477483196525,/home/sunyahui/worktrees/FilterVectorCode_multilevel_special/runs/base_topology_factorial_20260929/search/amazon_base_trie_4c99/performance/l1_base_trie_t1024_trie_entry_trie/sel_10/search_time_details.csv,9706a37815f7309aac8108cac13c496a0d398054454d8a35f57155147d2a054f
TLL,sel_10,0.0990661529,l2_base_trie_t1024_16384_ll_entry_trie,18000,3705.79,3686.08,0.905,0.905,270.56752892028675,0.0037709198503726063,269.847994624628,271.2909106693289,/home/sunyahui/worktrees/FilterVectorCode_multilevel_special/runs/base_topology_factorial_20260929/search/amazon_base_trie_4c99/performance/l2_base_trie_t1024_16384_ll_entry_trie/sel_10/search_time_details.csv,2ee888e21bf135df8f21f38be06b36a2142877f1fc9cb585e6da83871bbd3ea9
TLT,sel_10,0.0990661529,l2_base_trie_t1024_16384_lt_entry_trie,18000,3622.99,3632.75,0.907,0.907,275.64383508780634,0.0019023179398327003,275.27355309338657,276.0151145876748,/home/sunyahui/worktrees/FilterVectorCode_multilevel_special/runs/base_topology_factorial_20260929/search/amazon_base_trie_4c99/performance/l2_base_trie_t1024_16384_lt_entry_trie/sel_10/search_time_details.csv,9594df65e8ba8fedd283d8fdc28b17df6618bcb80b465040c851c725820f6bab
TTL,sel_10,0.0990661529,l2_base_trie_t1024_16384_tl_entry_trie,32000,7368.66,7428.23,0.9136,0.9136,135.1635377434042,0.005693405973185234,134.62157202994524,135.70988483659173,/home/sunyahui/worktrees/FilterVectorCode_multilevel_special/runs/base_topology_factorial_20260929/search/amazon_base_trie_4c99/performance/l2_base_trie_t1024_16384_tl_entry_trie/sel_10/search_time_details.csv,9ca54baf5c720ef56f495512e2d2b14fccf9995eced7f5e54972654cd98dca51
TTT,sel_10,0.0990661529,l2_base_trie_t1024_16384_tt_entry_trie,32000,7176.38,7185.0,0.9133,0.9133,139.2623828629282,0.0008488404949702552,139.17884481558804,139.34602125305517,/home/sunyahui/worktrees/FilterVectorCode_multilevel_special/runs/base_topology_factorial_20260929/search/amazon_base_trie_4c99/performance/l2_base_trie_t1024_16384_tt_entry_trie/sel_10/search_time_details.csv,1eea06d517fa305020bf88c2b9e0f5069b277d286f2a52f822a958fcbd144741
L,sel_30,0.3002724229,l0_lng_entry_optimized_lng,120000,18730.4,19170.8,0.9106,0.9047,52.768777769569304,0.016432715926385125,52.162664051578446,53.389142783923454,/home/sunyahui/worktrees/FilterVectorCode_multilevel_special/runs/authoritative_multilevel_20260926_emptyfix/search/amazon_screen/performance/l0_lng_entry_optimized_lng/sel_30/search_time_details.csv,35eac5dc55945b4be67893d8b8adbdefd3f16f4bfdbcba4c7fb54729f4a87e53
TL,sel_30,0.3002724229,l1_base_trie_t1024_lng_entry_trie,60000,35773.8,36527.0,0.9054,0.9054,27.662211206515003,0.014732695283861464,27.377008788019822,27.953418423539013,/home/sunyahui/worktrees/FilterVectorCode_multilevel_special/runs/base_topology_factorial_20260929/search/amazon_base_trie_4c99/performance/l1_base_trie_t1024_lng_entry_trie/sel_30/search_time_details.csv,6d82e7a9f87e65e63f2c2463ee53d8c78760c6bb6cd9e4b78314e46b83c71559
TT,sel_30,0.3002724229,l1_base_trie_t1024_trie_entry_trie,90000,94742.8,95777.1,0.9095,0.9095,10.49759106529029,0.00767752390990388,10.440909152605371,10.554891770139788,/home/sunyahui/worktrees/FilterVectorCode_multilevel_special/runs/base_topology_factorial_20260929/search/amazon_base_trie_4c99/performance/l1_base_trie_t1024_trie_entry_trie/sel_30/search_time_details.csv,7f7a0153926ecf2c78c31010d34c5c32b91b66ec13952bd012cf682f36641f34
TLL,sel_30,0.3002724229,l2_base_trie_t1024_16384_ll_entry_trie,60000,41298.0,38963.4,0.9086,0.9086,24.918578544605502,0.04113587580974448,24.2142476633251,25.665111360918193,/home/sunyahui/worktrees/FilterVectorCode_multilevel_special/runs/base_topology_factorial_20260929/search/amazon_base_trie_4c99/performance/l2_base_trie_t1024_16384_ll_entry_trie/sel_30/search_time_details.csv,06bcb77945b617f99ed05a5365ae8ef06708a8ca8bb5f64dbe0f474f4e28e272
TLT,sel_30,0.3002724229,l2_base_trie_t1024_16384_lt_entry_trie,60000,40638.5,38048.4,0.9082,0.9082,25.417191425764646,0.046551008463957176,24.607207451062415,26.282314105192334,/home/sunyahui/worktrees/FilterVectorCode_multilevel_special/runs/base_topology_factorial_20260929/search/amazon_base_trie_4c99/performance/l2_base_trie_t1024_16384_lt_entry_trie/sel_30/search_time_details.csv,f4734592906caf69f4ec95ce961615536fa00d6c32537f77bab2529423d67c63
TTL,sel_30,0.3002724229,l2_base_trie_t1024_16384_tl_entry_trie,60000,37465.9,36474.7,0.9023,0.9023,27.04873912302578,0.018958035004100832,26.69093762594786,27.416263876056558,/home/sunyahui/worktrees/FilterVectorCode_multilevel_special/runs/base_topology_factorial_20260929/search/amazon_base_trie_4c99/performance/l2_base_trie_t1024_16384_tl_entry_trie/sel_30/search_time_details.csv,d6b13f1ea504096f29e1a0557ffde020afb4a11be394c95ad3bab89f615a0493
TTT,sel_30,0.3002724229,l2_base_trie_t1024_16384_tt_entry_trie,60000,36872.6,36827.9,0.9014,0.9014,27.136857958901228,0.0008577329358426772,27.120409192733902,27.1533266898194,/home/sunyahui/worktrees/FilterVectorCode_multilevel_special/runs/base_topology_factorial_20260929/search/amazon_base_trie_4c99/performance/l2_base_trie_t1024_16384_tt_entry_trie/sel_30/search_time_details.csv,637481485448fb380439b51831a2bfe73f7cce03f57aca235b596ec9ab7e879a
L,sel_60,0.6004749068,l0_lng_entry_optimized_lng,260000,244525.0,246976.0,0.9283,0.9295,4.069167712781866,0.007052350740642351,4.048976418761337,4.089561394540436,/home/sunyahui/worktrees/FilterVectorCode_multilevel_special/runs/authoritative_multilevel_20260926_emptyfix/search/amazon_screen/performance/l0_lng_entry_optimized_lng/sel_60/search_time_details.csv,e0dbb70cf23d139adaf082c2f58f9362d2524ed902e4e9daabd53dd293b96b7b
T,sel_60,0.6004749068,l0_trie_entry_trie,320000,397457.0,398889.0,0.9143,0.9125,2.511471144452286,0.0025430576926590604,2.5069630899824262,2.515995441016261,/home/sunyahui/worktrees/FilterVectorCode_multilevel_special/runs/authoritative_multilevel_20260926_emptyfix/search/amazon_screen/performance/l0_trie_entry_trie/sel_60/search_time_details.csv,99591d4ac63172de19facf9252601c0aa7cf5cc4fef9c214aaad73adb5b9d86b
LL,sel_60,0.6004749068,l1_t1024_lng_entry_optimized_lng,5000,17690.5,17694.2,0.9228,0.9228,56.521603970077464,0.00014787719496792346,56.51569440833719,56.52751476781323,/home/sunyahui/worktrees/FilterVectorCode_multilevel_special/runs/authoritative_multilevel_20260926_emptyfix/search/amazon_screen/performance/l1_t1024_lng_entry_optimized_lng/sel_60/search_time_details.csv,77418178de534ffbdcd1227382964d0432b4e4c61b39c426602398f5c3756f0d
LT,sel_60,0.6004749068,l1_t1024_trie_entry_optimized_lng,5000,17691.6,17578.8,0.9141,0.9141,56.70477227363456,0.0045228659112367346,56.524000090438406,56.88670443943842,/home/sunyahui/worktrees/FilterVectorCode_multilevel_special/runs/authoritative_multilevel_20260926_emptyfix/search/amazon_screen/performance/l1_t1024_trie_entry_optimized_lng/sel_60/search_time_details.csv,4a20324e76efe855ee0966d14d317776b4e3d393a25022f20068c8cc3184fc00
TL,sel_60,0.6004749068,l1_base_trie_t1024_lng_entry_trie,1000,602.078,637.322,0.9011,0.9011,1613.6840406648378,0.04021505792502614,1569.0655586971734,1660.914366577088,/home/sunyahui/worktrees/FilterVectorCode_multilevel_special/runs/base_topology_factorial_20260929/search/amazon_base_trie_4c99/performance/l1_base_trie_t1024_lng_entry_trie/sel_60/search_time_details.csv,1b849f295c4ea6785d004e1ef7e65342cc9fd5554f63ec000e367da077166758
TT,sel_60,0.6004749068,l1_base_trie_t1024_trie_entry_trie,2500,1215.08,1167.79,0.9094,0.9094,839.3240084435996,0.028066222397622874,822.9910787767061,856.318344907903,/home/sunyahui/worktrees/FilterVectorCode_multilevel_special/runs/base_topology_factorial_20260929/search/amazon_base_trie_4c99/performance/l1_base_trie_t1024_trie_entry_trie/sel_60/search_time_details.csv,9390ca395ef25548906c5c2333f946d90db59fce07f1d20df94af972a88c2694
LLL,sel_60,0.6004749068,l2_t1024_16384_ll_entry_optimized_lng,5000,17699.6,17781.4,0.9222,0.9222,56.36819706321693,0.0032604117528289307,56.23854139719032,56.498451942416786,/home/sunyahui/worktrees/FilterVectorCode_multilevel_special/runs/authoritative_multilevel_20260926_emptyfix/search/amazon_screen/performance/l2_t1024_16384_ll_entry_optimized_lng/sel_60/search_time_details.csv,8bd85c3358e33f85fa47ebd684df1fc42ccfb68ba60fd9b360f90d3320ef2a7e
LLT,sel_60,0.6004749068,l2_t1024_16384_lt_entry_optimized_lng,5000,17231.3,15340.6,0.9219,0.9219,61.40262004979752,0.082090807793798,58.03392663350995,65.18649857241569,/home/sunyahui/worktrees/FilterVectorCode_multilevel_special/runs/authoritative_multilevel_20260926_emptyfix/search/amazon_screen/performance/l2_t1024_16384_lt_entry_optimized_lng/sel_60/search_time_details.csv,838dad4259f63f8fff81623f8a364db6e65f401cfd854be5816a299d9a893841
LTL,sel_60,0.6004749068,l2_t1024_16384_tl_entry_optimized_lng,5000,17564.0,17521.4,0.9146,0.9146,57.003767949061434,0.0017171101870604806,56.934639034388525,57.07306493773328,/home/sunyahui/worktrees/FilterVectorCode_multilevel_special/runs/authoritative_multilevel_20260926_emptyfix/search/amazon_screen/performance/l2_t1024_16384_tl_entry_optimized_lng/sel_60/search_time_details.csv,65bd34c7abcf603c938b84c16e1709fd669f4bdb697042d3acb96a313b0bcbbe
LTT,sel_60,0.6004749068,l2_t1024_16384_tt_entry_optimized_lng,5000,17809.8,17640.9,0.9142,0.9142,56.41637541712858,0.0067378266348707555,56.14886186257005,56.686450237799654,/home/sunyahui/worktrees/FilterVectorCode_multilevel_special/runs/authoritative_multilevel_20260926_emptyfix/search/amazon_screen/performance/l2_t1024_16384_tt_entry_optimized_lng/sel_60/search_time_details.csv,4472ee7dce3378cbce08c9da79649c2c0c91b411a417fbc406d01261a8669da7
TLL,sel_60,0.6004749068,l2_base_trie_t1024_16384_ll_entry_trie,1000,639.757,638.169,0.9043,0.9043,1565.035847146079,0.001757356166983398,1563.0934870583676,1566.9830405425523,/home/sunyahui/worktrees/FilterVectorCode_multilevel_special/runs/base_topology_factorial_20260929/search/amazon_base_trie_4c99/performance/l2_base_trie_t1024_16384_ll_entry_trie/sel_60/search_time_details.csv,dc02cdc08f86101bfa9692f4af9c9e4f812ef5909758f4aa040810c0fb24c7da
TLT,sel_60,0.6004749068,l2_base_trie_t1024_16384_lt_entry_trie,1000,634.159,617.078,0.9023,0.9023,1598.4182053439915,0.019305840427428902,1576.8915997407591,1620.5406771915382,/home/sunyahui/worktrees/FilterVectorCode_multilevel_special/runs/base_topology_factorial_20260929/search/amazon_base_trie_4c99/performance/l2_base_trie_t1024_16384_lt_entry_trie/sel_60/search_time_details.csv,c42490d8a2dd0e9d45c4909f5c2da2d74a5fb362f9c7c87fea2001a96780a926
TTL,sel_60,0.6004749068,l2_base_trie_t1024_16384_tl_entry_trie,2500,1205.45,1147.52,0.912,0.912,849.9895876275515,0.034817864940170716,829.5657223443527,871.4445064138316,/home/sunyahui/worktrees/FilterVectorCode_multilevel_special/runs/base_topology_factorial_20260929/search/amazon_base_trie_4c99/performance/l2_base_trie_t1024_16384_tl_entry_trie/sel_60/search_time_details.csv,5a0ceacad48772fd3519e692035f39fa909ffe9be366d8484719db59b793c6ae
TTT,sel_60,0.6004749068,l2_base_trie_t1024_16384_tt_entry_trie,2500,1221.56,1146.29,0.9093,0.9093,844.6480984859683,0.04495548908918337,818.6253642882872,872.3795898071169,/home/sunyahui/worktrees/FilterVectorCode_multilevel_special/runs/base_topology_factorial_20260929/search/amazon_base_trie_4c99/performance/l2_base_trie_t1024_16384_tt_entry_trie/sel_60/search_time_details.csv,198db0178130be54c5c90240c1ada7340129026760664437bb5f5b794c78c919
L,sel_80,0.8002369928,l0_lng_entry_optimized_lng,320000,558358.0,550966.0,0.9257,0.9271,1.802899784012606,0.009423636965450958,1.7909656528607094,1.8149940286696458,/home/sunyahui/worktrees/FilterVectorCode_multilevel_special/runs/authoritative_multilevel_20260926_emptyfix/search/amazon_screen/performance/l0_lng_entry_optimized_lng/sel_80/search_time_details.csv,0dba64f7a2a9492f9b1cba4689d98950f560b34f68b2b35ed331ec03a3c772f8
T,sel_80,0.8002369928,l0_trie_entry_trie,602453,1710640.0,1701880.0,0.9699,0.9699,0.5860771511961834,0.003630311560485598,0.5845765327596689,0.5875854936893318,/home/sunyahui/worktrees/FilterVectorCode_multilevel_special/runs/authoritative_multilevel_20260926_emptyfix/search/amazon_screen/performance/l0_trie_entry_trie/sel_80/search_time_details.csv,95c1c1cabe3b99b8d338cbf301c501d4044a34c44385420fee0e753da55e3d52
LL,sel_80,0.8002369928,l1_t1024_lng_entry_optimized_lng,10000,27177.7,27390.2,0.9231,0.9231,36.65158453962861,0.005507274093455725,36.50940847456389,36.794872266600926,/home/sunyahui/worktrees/FilterVectorCode_multilevel_special/runs/authoritative_multilevel_20260926_emptyfix/search/amazon_screen/performance/l1_t1024_lng_entry_optimized_lng/sel_80/search_time_details.csv,9b7b5242acb29cda5132055d3c479dfee105fce1094bc080c1eb3e05a6c872b3
LT,sel_80,0.8002369928,l1_t1024_trie_entry_optimized_lng,10000,27176.5,26762.7,0.918,0.918,37.078785002373046,0.010849281637658434,36.796496973488125,37.36543771742014,/home/sunyahui/worktrees/FilterVectorCode_multilevel_special/runs/authoritative_multilevel_20260926_emptyfix/search/amazon_screen/performance/l1_t1024_trie_entry_optimized_lng/sel_80/search_time_details.csv,1128fc907dbff49040498d41da91b2f2d5ae2d4d879a575c9ae6d37457391c83
TL,sel_80,0.8002369928,l1_base_trie_t1024_lng_entry_trie,2500,1497.7,1587.07,0.9167,0.9167,648.3465542001511,0.040971698398675864,630.0919304126472,667.6904587033451,/home/sunyahui/worktrees/FilterVectorCode_multilevel_special/runs/base_topology_factorial_20260929/search/amazon_base_trie_4c99/performance/l1_base_trie_t1024_lng_entry_trie/sel_80/search_time_details.csv,8af91ff11645193c589fc9abc1f1757ea75e71920d2b2b9185ba2b24f6c8795a
TT,sel_80,0.8002369928,l1_base_trie_t1024_trie_entry_trie,5000,3159.04,3848.21,0.9171,0.9171,285.4186735167148,0.13908930904144506,259.8610782675582,316.55186385737437,/home/sunyahui/worktrees/FilterVectorCode_multilevel_special/runs/base_topology_factorial_20260929/search/amazon_base_trie_4c99/performance/l1_base_trie_t1024_trie_entry_trie/sel_80/search_time_details.csv,b5b697df06b0fba9644acde8bef2dd2aa43fd7fe98a6d4ffdb128f7ff6f9b74f
LLL,sel_80,0.8002369928,l2_t1024_16384_ll_entry_optimized_lng,10000,28186.4,28246.9,0.9238,0.9238,35.44006818669119,0.0015161247087016397,35.40211492234546,35.478102914880935,/home/sunyahui/worktrees/FilterVectorCode_multilevel_special/runs/authoritative_multilevel_20260926_emptyfix/search/amazon_screen/performance/l2_t1024_16384_ll_entry_optimized_lng/sel_80/search_time_details.csv,96ab779a5b3a58a398cced8993fd1daca7cf67543db47bed50b33bbb9333a289
LLT,sel_80,0.8002369928,l2_t1024_16384_lt_entry_optimized_lng,5000,20046.0,20196.3,0.9004,0.9004,49.698948618741966,0.005281912276998957,49.514019894733195,49.885263893045995,/home/sunyahui/worktrees/FilterVectorCode_multilevel_special/runs/authoritative_multilevel_20260926_emptyfix/search/amazon_screen/performance/l2_t1024_16384_lt_entry_optimized_lng/sel_80/search_time_details.csv,33f9e398eb9c945e5cb3121570232b59b47870529c182945387b874646cc91ed
LTL,sel_80,0.8002369928,l2_t1024_16384_tl_entry_optimized_lng,10000,27875.1,27861.1,0.9181,0.9181,35.88332179086483,0.00035522676237747337,35.874310764804434,35.89233734490024,/home/sunyahui/worktrees/FilterVectorCode_multilevel_special/runs/authoritative_multilevel_20260926_emptyfix/search/amazon_screen/performance/l2_t1024_16384_tl_entry_optimized_lng/sel_80/search_time_details.csv,3f63564b912f7906747bfa1c1999bacf2f5eb3126361388e37d5ce8d8ad4ef06
LTT,sel_80,0.8002369928,l2_t1024_16384_tt_entry_optimized_lng,10000,27868.8,27778.8,0.9182,0.9182,35.94045385605129,0.0022872364776482467,35.88242048455621,35.99867524875085,/home/sunyahui/worktrees/FilterVectorCode_multilevel_special/runs/authoritative_multilevel_20260926_emptyfix/search/amazon_screen/performance/l2_t1024_16384_tt_entry_optimized_lng/sel_80/search_time_details.csv,fb924ffb04f9419a036c2731ecc57e0e68e0fe404385c4607c8139816b7609bd
TLL,sel_80,0.8002369928,l2_base_trie_t1024_16384_ll_entry_trie,2500,1536.81,1549.87,0.9158,0.9158,647.9453652468025,0.005983655294553547,645.2154051630138,650.6985248664441,/home/sunyahui/worktrees/FilterVectorCode_multilevel_special/runs/base_topology_factorial_20260929/search/amazon_base_trie_4c99/performance/l2_base_trie_t1024_16384_ll_entry_trie/sel_80/search_time_details.csv,7d8d2b1026f09cd189528d8055bdeaba0876a9297fa5ed32a4f0f56a526ae290
TLT,sel_80,0.8002369928,l2_base_trie_t1024_16384_lt_entry_trie,2500,1532.43,1559.56,0.916,0.916,646.832622356476,0.012408712171508286,641.2064941393727,652.5583550308986,/home/sunyahui/worktrees/FilterVectorCode_multilevel_special/runs/base_topology_factorial_20260929/search/amazon_base_trie_4c99/performance/l2_base_trie_t1024_16384_lt_entry_trie/sel_80/search_time_details.csv,428310fb11c6039886eaa3c9991cf501dfbc520a01593bd8300a871fc3e11a87
TTL,sel_80,0.8002369928,l2_base_trie_t1024_16384_tl_entry_trie,5000,3295.09,3254.43,0.916,0.916,305.3658894086895,0.008779562997912898,303.48184723330775,307.2734703158464,/home/sunyahui/worktrees/FilterVectorCode_multilevel_special/runs/base_topology_factorial_20260929/search/amazon_base_trie_4c99/performance/l2_base_trie_t1024_16384_tl_entry_trie/sel_80/search_time_details.csv,b642999f82f663a8bbbb12947ab351c45aaedd6e0a7cf299fb83b9cfdca42077
TTT,sel_80,0.8002369928,l2_base_trie_t1024_16384_tt_entry_trie,5000,3147.0,3230.38,0.9145,0.9145,313.60840972311513,0.01848990131224246,309.5611042663711,317.7629488401652,/home/sunyahui/worktrees/FilterVectorCode_multilevel_special/runs/base_topology_factorial_20260929/search/amazon_base_trie_4c99/performance/l2_base_trie_t1024_16384_tt_entry_trie/sel_80/search_time_details.csv,f27c621a19c8277d1c95a7ed10a3eaafba436a4f7e64776a6303b0ea5d55c291
L,sel_95,0.9501978063,l0_lng_entry_optimized_lng,320000,669906.0,661048.0,0.9136,0.9134,1.5026815351995637,0.009412123736433322,1.4927467435729789,1.5127494523846983,/home/sunyahui/worktrees/FilterVectorCode_multilevel_special/runs/authoritative_multilevel_20260926_emptyfix/search/amazon_screen/performance/l0_lng_entry_optimized_lng/sel_95/search_time_details.csv,1abb875ac02923dec64479d38d851d0d0c24f4dfed2bf7dcd9b0c522e9960948
T,sel_95,0.9501978063,l0_trie_entry_trie,602453,2044470.0,2048380.0,0.9666,0.9666,0.48865704826709994,0.0013510329058916894,0.48819066774719533,0.48912432072859957,/home/sunyahui/worktrees/FilterVectorCode_multilevel_special/runs/authoritative_multilevel_20260926_emptyfix/search/amazon_screen/performance/l0_trie_entry_trie/sel_95/search_time_details.csv,e172989e51aee111d646b34b1985a5f49bebae6c9f1deb6edbd5822e45b1290c
LL,sel_95,0.9501978063,l1_t1024_lng_entry_optimized_lng,2500,24427.5,23123.4,0.9,0.9,42.06019234125957,0.03878529968288194,40.93746801760311,43.2462354152071,/home/sunyahui/worktrees/FilterVectorCode_multilevel_special/runs/authoritative_multilevel_20260926_emptyfix/search/amazon_screen/performance/l1_t1024_lng_entry_optimized_lng/sel_95/search_time_details.csv,0d4108c660d09ac07a4d37207ad66b3592b56ebcc5556bbd6cd7419da004c4c4
LT,sel_95,0.9501978063,l1_t1024_trie_entry_optimized_lng,5000,27251.8,27071.5,0.9066,0.9066,36.816614601837514,0.0046937999955059435,36.6948238281508,36.93921651921763,/home/sunyahui/worktrees/FilterVectorCode_multilevel_special/runs/authoritative_multilevel_20260926_emptyfix/search/amazon_screen/performance/l1_t1024_trie_entry_optimized_lng/sel_95/search_time_details.csv,718778cd5194176fce0f5651b0b33195457cb2d716655158f7057d6548b2bc91
TL,sel_95,0.9501978063,l1_base_trie_t1024_lng_entry_trie,2500,1928.97,1914.62,0.9098,0.9098,520.3468632190218,0.0052799504161614805,518.4113801666174,522.296852639166,/home/sunyahui/worktrees/FilterVectorCode_multilevel_special/runs/base_topology_factorial_20260929/search/amazon_base_trie_4c99/performance/l1_base_trie_t1024_lng_entry_trie/sel_95/search_time_details.csv,1c1b0b3e40cd48b80927a4f47da889b957f19526e19f76e737e8e874f2b6a4f6
TT,sel_95,0.9501978063,l1_base_trie_t1024_trie_entry_trie,5000,3801.7,3741.69,0.9103,0.9103,265.13278512711133,0.011250506188598111,263.0402188494621,267.25891241658184,/home/sunyahui/worktrees/FilterVectorCode_multilevel_special/runs/base_topology_factorial_20260929/search/amazon_base_trie_4c99/performance/l1_base_trie_t1024_trie_entry_trie/sel_95/search_time_details.csv,0a73d4a47e41a45ea22874b8b1c967e06bdfc480c83dea453f6dda6321340a8f
LLL,sel_95,0.9501978063,l2_t1024_16384_ll_entry_optimized_lng,2500,25093.8,25404.7,0.9004,0.9004,39.605136786241175,0.008706773400037572,39.362795073352565,39.85048099530562,/home/sunyahui/worktrees/FilterVectorCode_multilevel_special/runs/authoritative_multilevel_20260926_emptyfix/search/amazon_screen/performance/l2_t1024_16384_ll_entry_optimized_lng/sel_95/search_time_details.csv,e95cf6c1ad3eef8f6aefeb7f72b0b3197974f89ece25767b2ff5266fb8323281
LLT,sel_95,0.9501978063,l2_t1024_16384_lt_entry_optimized_lng,2500,25208.9,25100.3,0.9006,0.9006,39.75416027287256,0.0030527933831927603,39.668529765281306,39.840161272972836,/home/sunyahui/worktrees/FilterVectorCode_multilevel_special/runs/authoritative_multilevel_20260926_emptyfix/search/amazon_screen/performance/l2_t1024_16384_lt_entry_optimized_lng/sel_95/search_time_details.csv,86cf9a558fa1ab895904440fb8db91bfc7650269c515dc571481a58ab676236f
LTL,sel_95,0.9501978063,l2_t1024_16384_tl_entry_optimized_lng,5000,27005.2,27060.3,0.9057,0.9057,36.99216690865709,0.0014412734051614336,36.95450530851469,37.02990535156192,/home/sunyahui/worktrees/FilterVectorCode_multilevel_special/runs/authoritative_multilevel_20260926_emptyfix/search/amazon_screen/performance/l2_t1024_16384_tl_entry_optimized_lng/sel_95/search_time_details.csv,ff759e554e660a3220414577edd350b33eb5e2add0971445a24439f6639906a9
LTT,sel_95,0.9501978063,l2_t1024_16384_tt_entry_optimized_lng,5000,27288.3,27240.4,0.9049,0.9049,36.67793290505734,0.0012422968021916561,36.645741948014354,36.71018046724718,/home/sunyahui/worktrees/FilterVectorCode_multilevel_special/runs/authoritative_multilevel_20260926_emptyfix/search/amazon_screen/performance/l2_t1024_16384_tt_entry_optimized_lng/sel_95/search_time_details.csv,e23633b33e6525d8fc0f1b46d7c87bdea3d147c974a3c18ccf0159b4c1de04e9
TLL,sel_95,0.9501978063,l2_base_trie_t1024_16384_ll_entry_trie,2500,1792.18,2639.23,0.9088,0.9088,451.32361934463296,0.27032244771035185,378.8983908185342,557.9796672209264,/home/sunyahui/worktrees/FilterVectorCode_multilevel_special/runs/base_topology_factorial_20260929/search/amazon_base_trie_4c99/performance/l2_base_trie_t1024_16384_ll_entry_trie/sel_95/search_time_details.csv,d88446b7a60480f76b5209746e3d8cfadf33781367b9812caccacb8230bb6788
TLT,sel_95,0.9501978063,l2_base_trie_t1024_16384_lt_entry_trie,2500,1785.5,1756.66,0.9091,0.9091,564.6272331007069,0.011514420336416182,560.0672080649678,569.2621224368972,/home/sunyahui/worktrees/FilterVectorCode_multilevel_special/runs/base_topology_factorial_20260929/search/amazon_base_trie_4c99/performance/l2_base_trie_t1024_16384_lt_entry_trie/sel_95/search_time_details.csv,139677f0616104422932eea2b57164694dc339f1b1e051d4a3b0e083e4180b47
TTL,sel_95,0.9501978063,l2_base_trie_t1024_16384_tl_entry_trie,5000,3731.9,3739.95,0.909,0.909,267.67132637834004,0.001523641290591089,267.3832537868153,267.96002036496157,/home/sunyahui/worktrees/FilterVectorCode_multilevel_special/runs/base_topology_factorial_20260929/search/amazon_base_trie_4c99/performance/l2_base_trie_t1024_16384_tl_entry_trie/sel_95/search_time_details.csv,2ef938461de368283595e4788acdaeeee956bb0a08a9f8af75d131034102accb
TTT,sel_95,0.9501978063,l2_base_trie_t1024_16384_tt_entry_trie,5000,3714.99,3706.67,0.9076,0.9076,269.48149066381376,0.001585394216245926,269.1797286129976,269.7839300504226,/home/sunyahui/worktrees/FilterVectorCode_multilevel_special/runs/base_topology_factorial_20260929/search/amazon_base_trie_4c99/performance/l2_base_trie_t1024_16384_tt_entry_trie/sel_95/search_time_details.csv,e49442d867788cb4545150d27f01ff7aed611740572378783f8bdd35ee11a585
L,sel_99,0.9900060038,l0_lng_entry_optimized_lng,400000,1276700.0,1264790.0,0.9408,0.9408,0.7869399446781219,0.006627326303807436,0.7832693663350826,0.7906450873267499,/home/sunyahui/worktrees/FilterVectorCode_multilevel_special/runs/authoritative_multilevel_20260926_emptyfix/search/amazon_screen/performance/l0_lng_entry_optimized_lng/sel_99/search_time_details.csv,a6e6efa495bf54571e562ff1a260168fcd21d20a283259d7cc29d0c6699700f4
T,sel_99,0.9900060038,l0_trie_entry_trie,602453,2262490.0,2263960.0,0.9656,0.9656,0.4418473638281656,0.0004592769028020744,0.44170391703033623,0.44199090382719924,/home/sunyahui/worktrees/FilterVectorCode_multilevel_special/runs/authoritative_multilevel_20260926_emptyfix/search/amazon_screen/performance/l0_trie_entry_trie/sel_99/search_time_details.csv,89a381aa9601018d632ba93e911d1e9bb9f3c2d7e602614597aab58a54aff1bb
LL,sel_99,0.9900060038,l1_t1024_lng_entry_optimized_lng,2500,64887.1,64988.1,0.9063,0.9063,15.399398807470556,0.0010997909516188048,15.387432468405756,15.41138377273757,/home/sunyahui/worktrees/FilterVectorCode_multilevel_special/runs/authoritative_multilevel_20260926_emptyfix/search/amazon_screen/performance/l1_t1024_lng_entry_optimized_lng/sel_99/search_time_details.csv,856e1d6d3071ad4371fe040c3d7dd5958e7150c5d15e5b43b82e38d80af9c231
LT,sel_99,0.9900060038,l1_t1024_trie_entry_optimized_lng,5000,69783.7,69655.1,0.9092,0.9092,14.343210067786012,0.0013042844898347354,14.329993967072541,14.356450568587224,/home/sunyahui/worktrees/FilterVectorCode_multilevel_special/runs/authoritative_multilevel_20260926_emptyfix/search/amazon_screen/performance/l1_t1024_trie_entry_optimized_lng/sel_99/search_time_details.csv,a48ec67b1a06cbe0decd7ee096bb853102db9aadc883675eb3ae9b33d7fe659b
TL,sel_99,0.9900060038,l1_base_trie_t1024_lng_entry_trie,5000,4009.5,3888.58,0.9224,0.9224,253.22610052063285,0.021651680403611352,249.40765681506423,257.16328325507,/home/sunyahui/worktrees/FilterVectorCode_multilevel_special/runs/base_topology_factorial_20260929/search/amazon_base_trie_4c99/performance/l1_base_trie_t1024_lng_entry_trie/sel_99/search_time_details.csv,3f30aa90927af3ead0b33e849a00acd1ba6a42091709819230dd198586d25a38
TT,sel_99,0.9900060038,l1_base_trie_t1024_trie_entry_trie,5000,3803.32,3759.79,0.9096,0.9096,264.4414797616324,0.008139603466047843,262.92817853875033,265.97230164450673,/home/sunyahui/worktrees/FilterVectorCode_multilevel_special/runs/base_topology_factorial_20260929/search/amazon_base_trie_4c99/performance/l1_base_trie_t1024_trie_entry_trie/sel_99/search_time_details.csv,bda191fb35d441698b01fe452de27193e7e361dd3dc96242ceea22aedac1ca19
LLL,sel_99,0.9900060038,l2_t1024_16384_ll_entry_optimized_lng,2500,68316.7,67872.1,0.9064,0.9064,14.685495429873823,0.004616821279217276,14.637709374135461,14.733594510852027,/home/sunyahui/worktrees/FilterVectorCode_multilevel_special/runs/authoritative_multilevel_20260926_emptyfix/search/amazon_screen/performance/l2_t1024_16384_ll_entry_optimized_lng/sel_99/search_time_details.csv,71ce23c7f039694efa13f1dcdbf3967325acd283e1f793670e5a3b360aaf2875
LLT,sel_99,0.9900060038,l2_t1024_16384_lt_entry_optimized_lng,2500,59564.2,59548.3,0.9072,0.9072,16.79084898730192,0.00018877947857465823,16.788607922208307,16.79309065078264,/home/sunyahui/worktrees/FilterVectorCode_multilevel_special/runs/authoritative_multilevel_20260926_emptyfix/search/amazon_screen/performance/l2_t1024_16384_lt_entry_optimized_lng/sel_99/search_time_details.csv,b92a0fe872886f984f1636ad92e3702fc571c81cb30f4ae49894ad9230adf27c
LTL,sel_99,0.9900060038,l2_t1024_16384_tl_entry_optimized_lng,5000,69479.3,69324.7,0.9089,0.9089,14.4088066626322,0.001575152133532814,14.39277597788118,14.424873097178928,/home/sunyahui/worktrees/FilterVectorCode_multilevel_special/runs/authoritative_multilevel_20260926_emptyfix/search/amazon_screen/performance/l2_t1024_16384_tl_entry_optimized_lng/sel_99/search_time_details.csv,01e3c6df1f47f7f59657c446539e1ec97fd632ee91934dd560e8de5e27da2705
LTT,sel_99,0.9900060038,l2_t1024_16384_tt_entry_optimized_lng,5000,70171.5,69896.9,0.9084,0.9084,14.278738102241476,0.002772524311176969,14.250799826140241,14.306786137868777,/home/sunyahui/worktrees/FilterVectorCode_multilevel_special/runs/authoritative_multilevel_20260926_emptyfix/search/amazon_screen/performance/l2_t1024_16384_tt_entry_optimized_lng/sel_99/search_time_details.csv,4ec8093141321064f1c101b40f58134b9359b5055f16c79cd30c5fe133beaee0
TLL,sel_99,0.9900060038,l2_base_trie_t1024_16384_ll_entry_trie,5000,3980.71,3894.85,0.9219,0.9219,253.95019528770018,0.015417872058031952,251.21146730105934,256.7492971487991,/home/sunyahui/worktrees/FilterVectorCode_multilevel_special/runs/base_topology_factorial_20260929/search/amazon_base_trie_4c99/performance/l2_base_trie_t1024_16384_ll_entry_trie/sel_99/search_time_details.csv,73ed98261f1f8eeecb6715341243c2e237a2b4b6c1ae53e328e00ee03f954ae6
TLT,sel_99,0.9900060038,l2_base_trie_t1024_16384_lt_entry_trie,5000,3884.13,3874.67,0.9215,0.9215,257.77182038459557,0.001724295032743405,257.4579120678247,258.0864951079705,/home/sunyahui/worktrees/FilterVectorCode_multilevel_special/runs/base_topology_factorial_20260929/search/amazon_base_trie_4c99/performance/l2_base_trie_t1024_16384_lt_entry_trie/sel_99/search_time_details.csv,d1ff03c61754ebe244aea0b33c2c63058174451365c04f9690f3865676e5663f
TTL,sel_99,0.9900060038,l2_base_trie_t1024_16384_tl_entry_trie,5000,3730.48,3792.45,0.9085,0.9085,265.85386279016285,0.011649558677305308,263.6817888172553,268.0620188286762,/home/sunyahui/worktrees/FilterVectorCode_multilevel_special/runs/base_topology_factorial_20260929/search/amazon_base_trie_4c99/performance/l2_base_trie_t1024_16384_tl_entry_trie/sel_99/search_time_details.csv,c5b7bc950f12ec2ae97e23ebab7f1f6dc5394e61ddb8f1aa67b121d26a6d01cc
TTT,sel_99,0.9900060038,l2_base_trie_t1024_16384_tt_entry_trie,5000,3751.46,3720.41,0.908,0.908,267.6706099008682,0.005876886390111828,266.562884850165,268.7875798635097,/home/sunyahui/worktrees/FilterVectorCode_multilevel_special/runs/base_topology_factorial_20260929/search/amazon_base_trie_4c99/performance/l2_base_trie_t1024_16384_tt_entry_trie/sel_99/search_time_details.csv,b5eba59f734b9d2dc8865ebbb32913269fdf5329b309bda1876483d6b36cf13c
