comparison,workload,median_time_qps_ratio,min_cross_repeat_ratio,max_cross_repeat_ratio,observed_ranges_overlap
T/L,sel_0p5,6.025761166056858,5.290271413464929,6.785172694076113,False
T/L,sel_1,2.7657594061483213,2.62658118971983,2.9079588115916217,False
T/L,sel_5,18.432065600873447,17.56601516544572,19.326251450724367,False
T/L,sel_10,0.601172369745716,0.588412852707626,0.6140616202307155,False
T/L,sel_60,0.6171952894847216,0.6130151495779528,0.621390490040432,False
T/L,sel_80,0.32507472483677746,0.32208179394846376,0.32808306108538793,False
T/L,sel_95,0.32519002650964485,0.322717464532948,0.32766731720201325,False
T/L,sel_99,0.5614753283478223,0.558662697220799,0.5642897869161853,False
TLT/L,sel_0p5,8.766080119480227,7.809063789933748,9.7256010085641,False
TLT/L,sel_1,3.4069080828467344,3.2580893879861956,3.556837774041955,False
TLT/L,sel_5,21.50422592977779,20.60652169122806,22.420849201386915,False
TLT/L,sel_10,0.6123097023873513,0.6015360264262611,0.6231124016351136,False
TLT/L,sel_30,0.48167102783309546,0.4609028384413795,0.5038529872478211,False
TLT/L,sel_60,392.81207317238864,385.5894184266091,400.23465429005734,False
TLT/L,sel_80,358.77347598148765,353.2829772499936,364.3611779983425,False
TLT/L,sel_95,375.7464372021591,370.23130775693085,381.3521113932121,False
TLT/L,sel_99,327.5622518946229,325.630192604264,329.4990283043459,False
TLT/TL,sel_0p5,1.4302927091880815,1.1657380588990254,1.6955397122114506,False
TLT/TL,sel_1,1.1471306989970065,1.0162499039771935,1.2789885761212125,False
TLT/TL,sel_5,1.286992925046507,1.1293599037878324,1.4479480475188997,False
TLT/TL,sel_10,0.9513971007781425,0.9397563829055123,0.9630691776681691,False
TLT/TL,sel_30,0.9188416369179623,0.8802933179128167,0.9600140873203603,False
TLT/TL,sel_60,0.9905397618516716,0.9494117405887167,1.0328062254690655,True
TLT/TL,sel_80,0.9976649342332932,0.9603349662725384,1.0356557885188882,True
TLT/TL,sel_95,1.0850977934367732,1.0723158779053485,1.0980895563171018,False
TLT/TL,sel_99,1.0179512295715833,1.0011456877087017,1.0347978021354076,False
TLT/TLL,sel_0p5,1.1330671946025506,1.0829416559714178,1.1833239142720515,False
TLT/TLL,sel_1,1.0782611923835608,1.033528318903832,1.1233280162350645,False
TLT/TLL,sel_5,1.224492522228244,1.1435307870818696,1.3071605183879953,False
TLT/TLL,sel_10,1.0187616976352516,1.0146803385864702,1.0228540514878595,False
TLT/TLL,sel_30,1.0200096839499333,0.9587804667987254,1.085407007916233,True
TLT/TLL,sel_60,1.0213300917412127,1.0063233353149603,1.0367522420180268,False
TLT/TLL,sel_80,0.9982826593876436,0.9854125522583292,1.0113806177117388,True
TLT/TLL,sel_95,1.2510473835174019,1.003741248949874,1.5024136713991323,False
TLT/TLL,sel_99,1.0150487188740527,1.002759948817367,1.0273674919412492,False
