path,sha256
experiments/multilevel_special/generate_paper_results.py,fa24a2104609d9a9e6bc417a9da478bf48210c202cd68f87d028615901a55676
experiments/multilevel_special/audit_current_source_regression.py,56713e29bad38d11faadee58e22c7b651695b6ed6559252613ff036c3591b9ed
experiments/multilevel_special/test_generate_paper_results.py,0202b3d97e36a8bae08dbe1d40f535a8c1d9a986c807908abab528e37ff28542
experiments/multilevel_special/config.amazon_x1_paired_formal_sel25.json,ca3094e3451a1a7baa6427b0a9e32c1d632eb4cb670f02504fc0f6348dc0c1a3
experiments/multilevel_special/config.amazon_x1_paired_formal_sel50.json,da295b941751fb482adf697b3213f68e02c92095dda412e72c90117604ed1ac4
experiments/multilevel_special/config.amazon_x1_paired_formal_sel75.json,707dbe3ce51d0b37bc9a33dc2214d1143cb6fd80af645c6e4a771bcca94ad6ed
experiments/multilevel_special/config.amazon_x1_current_source_main_sel1.json,686f48f6ddf15663710600729aca409f14c8dc73e96fd7e43f74233168e11745
experiments/multilevel_special/config.amazon_x1_current_source_main_sel10.json,cf633061f79d2ccdfef84ac1081bdb95cbe4617edceb555640bc1adafd650c48
experiments/multilevel_special/config.amazon_x1_current_source_main_sel25.json,5898d21d94228dcb96ce7a84055dc4e665e3744743d42934c454460dc66ef0df
experiments/multilevel_special/config.amazon_x1_current_source_main_sel50.json,ba2737d78432ebfbc1ebe0179000663af31a3ea2212b72f7a89ea2c2c0be9c2a
experiments/multilevel_special/config.amazon_x1_current_source_main_sel75.json,31b626d21aef07135688b28d6bf60cea5dfbf13c1984d5c8fd4572ae8a3498bc
experiments/multilevel_special/config.amazon_x1_current_source_main_sel0p5_repeat21.json,f2c9f279c22e99f0ed18ec71801933bdaf9951f8b010552ad520110b71a55463
experiments/multilevel_special/results_summary/source_manifest.csv,06f85de7c6be665363d4bd7d31c1badbac0245002d448e51a77150541fe6e773
experiments/multilevel_special/results_summary/paper_results.csv,1913eee9fd168ecfe6d569663068525d66ee921da4d6ef2ff636f085b8906491
experiments/multilevel_special/results_summary/paper_results.md,fe8249ce08ca00f915d31cf959a84ca7831dbec2371d9de2c603b3aab6a22440
experiments/multilevel_special/results_summary/build_results.csv,7dcf7ccb248d911e2c905dd83b175c21bd4802b33fe3957fd3ff5dde93306520
experiments/multilevel_special/results_summary/internal_canonical_measured_points.csv,1e098d54be1076277f170559d80598eb1232677310f65dd4a193368e339fa740
experiments/multilevel_special/results_summary/external_canonical_measured_points.csv,cdd70b81338e4808e757cf9807968f8bba0f752d7b24663fd860556ed46b17ed
experiments/multilevel_special/results_summary/current_source_regression.csv,57b0ec04b6bd7c4d15545521bf9c07d3d4f8ec931344ed4897d72a19f5b04b2b
docs/reports/MULTILEVEL_SPECIAL_BLOCK_PAPER_REPORT_CN.md,d84ddf884032e8929ef713edbee72417b77fbcdaac9271a7d3113f56a3d55dc1
docs/reports/THREE_MAINLINES_METHOD_BASELINE_DATA_SPEEDUP_CN.md,8d8cf3f331ebf53610f0deef90b907c4db8b20548b51619add40e0afa2746ebc
docs/reports/MULTILEVEL_SPECIAL_BLOCK_REPRODUCE_CN.md,cd85a6cd740612dd3586920a4d885e181b36bba68a841887dc396aace7052b0a
