workload,mean_selectivity,target_recall,router_lsearch,router_recall_min,router_recall_mean,router_warm_median_ms,router_warm_mean_ms,router_warm_cv,router_warm_p95_ms,special_route_queries,special_route_fraction,warm_repeats,plain_lsearch,speedup_vs_plain,speedup_vs_plain_ci95_low,speedup_vs_plain_ci95_high,one_layer_lsearch,speedup_vs_one_layer,speedup_vs_one_layer_ci95_low,speedup_vs_one_layer_ci95_high,ungated_two_layer_lsearch,speedup_vs_ungated_two_layer,speedup_vs_ungated_two_layer_ci95_low,speedup_vs_ungated_two_layer_ci95_high
sel_0p5,0.0049924907,0.9,1400,0.9028,0.9030285714285714,47.612700000000004,55.9324,0.3410144103238396,84.43357499999999,0,0.0,6,1400,1.0040482896370087,0.717009208349349,1.0691473414303294,1400,1.063555521951076,0.8354777144576099,1.13939748452199,1400,1.0100823939831178,0.7923726122633152,1.039311936459326
sel_1,0.0090305484,0.9,1600,0.9041,0.9045142857142857,68.1049,90.15526666666666,0.6310672453172556,173.5807,0,0.0,6,1600,0.8088485556839523,0.46646340602325587,0.8984910226964017,1600,1.0326599114013824,0.5611582467427929,1.1140450964411845,1600,1.0497166870518861,0.6210628253323579,1.1842931713231435
sel_5,0.0503811667,0.9,1600,0.9068,0.9075428571428571,134.723,190.776,0.5993351148765422,363.53774999999996,43,0.043,6,2500,1.198767099901279,0.8732026705226036,1.3131658886559137,1750,1.1511583025912426,0.7632500486367806,1.3021669390718216,1600,1.109717717093592,0.917321728354144,1.233469825111936
sel_10,0.0990661529,0.9,15000,0.9008,0.9013142857142857,710.9275,718.5641666666667,0.038690593157843726,759.392,0,0.0,6,15000,1.0293560173154082,1.003461194835533,1.0486051302835335,8500,1.4623502396517225,1.4328101483551925,1.5202781043390101,8500,1.499660654567449,1.4565810668878616,1.5528414019804542
sel_30,0.3002724229,0.87,6000,0.8752,0.8756857142857143,1108.31,1108.6233333333334,0.01710171414595276,1131.1599999999999,296,0.296,6,17000,1.3834622082269403,1.3606231767115635,1.396284857477128,7000,1.3755898620422085,1.3540792892167728,1.4254604101344288,6000,1.1186716712833054,1.0973780114739706,1.1377220546244289
sel_60,0.6004749068,0.87,600,0.8755,0.8757285714285714,338.479,344.2418333333333,0.04146849229131442,365.54925000000003,614,0.614,6,75000,51.23065241861386,48.29932447229193,51.568260737493524,1700,1.858345717164137,1.8030137996938562,1.9126686366960584,500,0.9783516850380674,0.9458601435862528,0.996596463165378
sel_80,0.8002369928,0.87,550,0.8727,0.8727,432.3025,438.31466666666665,0.03818874103423544,462.86449999999996,822,0.822,6,120000,132.5965036056928,126.37310073777232,133.46962610014253,2600,2.688013601586852,2.63936687520029,2.7468613589832733,500,1.0298702875879737,0.9994996285789232,1.0537324827125525
sel_95,0.9501978063,0.87,75,0.8761,0.8761,318.707,322.65483333333333,0.04017574333218512,341.63775000000004,982,0.982,6,160000,432.77053845695264,408.4827379737767,440.6819660420202,900,2.2317771495448797,2.17568942503057,2.267444551896888,75,0.9828792590059208,0.9649412335955269,1.00484141977008
sel_99,0.9900060038,0.87,60,0.8737,0.8737,404.7395,405.6135,0.035998977222181004,425.58975000000004,1000,1.0,6,240000,796.3220787691836,766.1768187285049,822.275622414979,1000,2.1376873272808807,2.0844670288634735,2.236306487612956,60,0.9808926482342345,0.9604702946070276,1.0849442397421243
