method,layer_count,t1,t2,workload,mean_selectivity,target_recall,lsearch,recall_min,recall_mean,warm_median_ms,warm_mean_ms,warm_cv,warm_p50_ms,warm_p95_ms,speedup_vs_plain,speedup_vs_same_t1_one_layer,same_t1_speedup_ci95_low,same_t1_speedup_ci95_high,latency_regret_vs_tuned_control
layer0_plain,0,,,sel_0p5,0.0049924907,0.9,1400,0.9029,0.9032142857142857,47.80545,48.94166666666667,0.08669388340126999,47.80545,54.947,1.0,,,,
layer0_plain,0,,,sel_1,0.0090305484,0.9,1600,0.9039,0.9045428571428572,55.08655,58.422200000000004,0.11709335745436389,55.08655,68.73230000000001,1.0,,,,
layer0_plain,0,,,sel_5,0.0503811667,0.9,2500,0.9208,0.9210285714285714,161.50150000000002,196.97266666666667,0.40310361968599345,161.50150000000002,315.42924999999997,1.0,,,,
layer0_plain,0,,,sel_10,0.0990661529,0.9,15000,0.9011,0.9015428571428572,731.7974999999999,734.1685,0.029397322009317505,731.7974999999999,762.48675,1.0,,,,
layer0_plain,0,,,sel_30,0.3002724229,0.87,17000,0.87,0.8707142857142857,1533.305,1530.5,0.019539817333166804,1533.305,1569.7050000000002,1.0,,,,
layer0_plain,0,,,sel_60,0.6004749068,0.87,75000,0.8726,0.8729714285714286,17340.5,17360.783333333333,0.003506581658623718,17340.5,17446.449999999997,1.0,,,,
layer0_plain,0,,,sel_80,0.8002369928,0.87,120000,0.871,0.8712857142857142,57321.8,57280.4,0.0020247712153057267,57321.8,57376.275,1.0,,,,
layer0_plain,0,,,sel_95,0.9501978063,0.87,160000,0.8722,0.8724857142857143,137927.0,137783.16666666666,0.004034998162357505,137927.0,138324.25,1.0,,,,
layer0_plain,0,,,sel_99,0.9900060038,0.87,240000,0.8788,0.8791142857142857,322303.0,322471.0,0.0027789278793503808,322303.0,323705.75,1.0,,,,
auto_mass_ladder_layer1_t1_8192,1,8192,,sel_0p5,0.0049924907,0.9,1400,0.9037,0.9037,50.63875,54.13648333333333,0.15342783787065048,50.63875,66.56315000000001,0.9440487768754166,,,,
auto_mass_ladder_layer1_t1_8192,1,8192,,sel_1,0.0090305484,0.9,1600,0.904,0.904,70.3292,72.32776666666666,0.09407901635383403,70.3292,82.17545,0.7832671209113712,,,,
auto_mass_ladder_layer1_t1_8192,1,8192,,sel_5,0.0503811667,0.9,1750,0.9111,0.9111,155.0875,196.1161666666667,0.5538851894915782,155.0875,353.97075,1.0413572982993473,,,,
auto_mass_ladder_layer1_t1_8192,1,8192,,sel_10,0.0990661529,0.9,8500,0.9045,0.9045,1039.625,1063.7983333333334,0.054547393617283724,1039.625,1150.8725,0.7039052542984248,,,,
auto_mass_ladder_layer1_t1_8192,1,8192,,sel_30,0.3002724229,0.87,7000,0.8762,0.8762,1524.58,1538.7483333333332,0.02507649367644054,1524.58,1595.355,1.0057228876149498,,,,
auto_mass_ladder_layer1_t1_8192,1,8192,,sel_60,0.6004749068,0.87,1700,0.875,0.875,629.011,634.0843333333332,0.026904219179268246,629.011,658.4949999999999,27.567880370931512,,,,
auto_mass_ladder_layer1_t1_8192,1,8192,,sel_80,0.8002369928,0.87,2600,0.875,0.875,1162.035,1180.8533333333335,0.06110689594031147,1162.035,1285.09,49.328806791533815,,,,
auto_mass_ladder_layer1_t1_8192,1,8192,,sel_95,0.9501978063,0.87,900,0.8715,0.8715,711.283,716.5658333333333,0.02395379306736138,711.283,741.015,193.91297134895675,,,,
auto_mass_ladder_layer1_t1_8192,1,8192,,sel_99,0.9900060038,0.87,1000,0.8713,0.8713,865.2065,865.6888333333334,0.020691812880478628,865.2065,885.73875,372.51569423022136,,,,
auto_mass_ladder_t1_8192_t2_131072,2,8192,131072,sel_0p5,0.0049924907,0.9,1400,0.9037,0.9037,48.09275,51.300216666666664,0.16828747607945493,48.09275,63.99085,0.9940261265991235,1.0529393723586196,1.0019872415080555,1.1138335854269399,-0.022078731479476255
auto_mass_ladder_t1_8192_t2_131072,2,8192,131072,sel_1,0.0090305484,0.9,1600,0.904,0.904,71.49085,75.32966666666667,0.18272137297349775,71.49085,95.406325,0.7705398662905814,0.9837510674442954,0.8946930710404382,1.0996687112146057,0.0020723827144917273
auto_mass_ladder_t1_8192_t2_131072,2,8192,131072,sel_5,0.0503811667,0.9,1600,0.9072,0.9072,149.5045,189.27783333333332,0.4890026873478974,149.5045,328.11249999999995,1.0802450762351636,1.0373433575577993,0.7584510154106752,1.175327531496434,-0.0067598091973265495
auto_mass_ladder_t1_8192_t2_131072,2,8192,131072,sel_10,0.0990661529,0.9,8500,0.9041,0.9041,1066.15,1073.44,0.04457405481181564,1066.15,1135.4875,0.6863926276790319,0.975120761618909,0.9624584779260303,1.0125798692937489,0.26947101702947496
auto_mass_ladder_t1_8192_t2_131072,2,8192,131072,sel_30,0.3002724229,0.87,6000,0.8751,0.8751,1239.835,1244.545,0.021111883886836644,1239.835,1281.7775,1.2367008513229583,1.2296636245952082,1.2125676192127215,1.2810549073271849,0.007324385369103625
auto_mass_ladder_t1_8192_t2_131072,2,8192,131072,sel_60,0.6004749068,0.87,500,0.87,0.87,331.1515,331.73883333333333,0.025511461218730266,331.1515,343.02075,52.36425019968202,1.899465954404555,1.8827937142024902,1.932669055822742,0.017988011066707665
auto_mass_ladder_t1_8192_t2_131072,2,8192,131072,sel_80,0.8002369928,0.87,500,0.8703,0.8703,445.2155,447.991,0.01756952672889754,445.2155,459.41474999999997,128.75068365768936,2.6100506383987083,2.5527929384812342,2.7430106424155007,0.05651393389424064
auto_mass_ladder_t1_8192_t2_131072,2,8192,131072,sel_95,0.9501978063,0.87,75,0.8762,0.8762,313.2505,316.16133333333335,0.027294508582688656,313.2505,328.89075,440.3089540160351,2.2706524011932943,2.2278107906396727,2.3059247650924477,-0.003052103771528203
auto_mass_ladder_t1_8192_t2_131072,2,8192,131072,sel_99,0.9900060038,0.87,60,0.8737,0.8737,397.006,409.913,0.06828528312515061,397.006,451.79225,811.8340780743869,2.1793285240021563,1.9980701593729546,2.243935170186584,0.0021127347167495536
oracle_prior_t1_32000_t2_200000,2,32000,200000,sel_0p5,0.0049924907,0.9,1400,0.9036,0.9036,49.17855,50.4326,0.07753915885136582,49.17855,55.92485,0.9720792906663576,,,,
oracle_prior_t1_32000_t2_200000,2,32000,200000,sel_1,0.0090305484,0.9,1600,0.9041,0.9041,71.343,97.6037,0.6508984954071043,71.343,190.514475,0.7721367197903087,,,,
oracle_prior_t1_32000_t2_200000,2,32000,200000,sel_5,0.0503811667,0.9,1600,0.9075,0.9075,150.522,182.3,0.3653307302896749,150.522,282.442,1.0729428256334623,,,,
oracle_prior_t1_32000_t2_200000,2,32000,200000,sel_10,0.0990661529,0.9,7000,0.9046,0.9046,839.838,856.9093333333333,0.04029497782216056,839.838,902.923,0.8713555471412343,,,,
oracle_prior_t1_32000_t2_200000,2,32000,200000,sel_30,0.3002724229,0.87,6000,0.8782,0.8782,1230.82,1233.8283333333334,0.02017776811643228,1230.82,1265.0225,1.2457589249443461,,,,
oracle_prior_t1_32000_t2_200000,2,32000,200000,sel_60,0.6004749068,0.87,500,0.871,0.871,325.3,327.6868333333333,0.045249543219505056,325.3,348.9085,53.30617891177374,,,,
oracle_prior_t1_32000_t2_200000,2,32000,200000,sel_80,0.8002369928,0.87,500,0.875,0.875,421.4005,422.73516666666666,0.016507753257535205,421.4005,431.65925,136.02689128275833,,,,
oracle_prior_t1_32000_t2_200000,2,32000,200000,sel_95,0.9501978063,0.87,75,0.8757,0.8757,314.2095,317.3795,0.04111223775741798,314.2095,335.98125000000005,438.9650853968451,,,,
oracle_prior_t1_32000_t2_200000,2,32000,200000,sel_99,0.9900060038,0.87,55,0.8706,0.8706,396.169,395.50666666666666,0.02896577905673237,396.169,410.14775,813.5492681153751,,,,
