dataset,workload,mean_selectivity,method,layer_count,t1,t2,lsearch,target_recall,recall_min,recall_mean,warm_median_ms,warm_mean_ms,warm_cv,warm_p95_ms,speedup_vs_plain,speedup_vs_plain_ci95_low,speedup_vs_plain_ci95_high,speedup_vs_same_t1_one_layer,same_t1_speedup_ci95_low,same_t1_speedup_ci95_high
Genome,query_minlen5_cov0.1k,0.0336451727317869,layer0_plain,0,,,10,0.9,0.998167,0.998167,122.6415,125.25383333333333,0.07249395693167077,138.39000000000001,1.0,1.0,1.0,,,
Genome,query_minlen2_cov1k,0.06291949875243268,layer0_plain,0,,,10,0.9,0.998267,0.998267,196.81,201.11716666666666,0.05824261769928139,218.15125,1.0,1.0,1.0,,,
Genome,query_minlen5_cov0.1k,0.0336451727317869,auto_layer1_t1_8192,1,8192,,10,0.9,0.9984,0.9984,108.4145,111.47783333333334,0.07345403611152942,123.64,1.1312278339152049,1.084846124569618,1.1481894045236567,,,
Genome,query_minlen2_cov1k,0.06291949875243268,auto_layer1_t1_8192,1,8192,,10,0.9,0.9989,0.9989,234.973,234.84766666666667,0.01739293073982573,240.21275,0.8375855949406953,0.8278868119025247,0.8857130286853993,,,
Reviews,query_minlen5_cov0.1k,0.0020035038388326707,layer0_plain,0,,,125,0.9,0.910133,0.9102618571428571,116.0345,103.62603333333333,0.32626066815539634,131.21425,1.0,1.0,1.0,,,
Reviews,query_minlen2_cov1k,0.041152254151593466,layer0_plain,0,,,225,0.9,0.902584,0.9026885714285714,221.6445,223.64183333333332,0.050829616674252266,239.4175,1.0,1.0,1.0,,,
Reviews,query_minlen5_cov0.1k,0.0020035038388326707,auto_layer1_t1_8192,1,8192,,125,0.9,0.910333,0.910333,117.43700000000001,118.19333333333333,0.05205717761790111,126.05475,0.9880574265350782,0.5427634099226499,1.0926866304906098,,,
Reviews,query_minlen2_cov1k,0.041152254151593466,auto_layer1_t1_8192,1,8192,,125,0.9,0.903317,0.903317,259.78,261.68466666666666,0.022885404289201754,269.26675,0.8532007852798522,0.8241699887638722,0.8810039001471539,,,
Reviews,query_minlen5_cov0.1k,0.0020035038388326707,auto_layer2_t1_8192_t2_131072,2,8192,131072,125,0.9,0.910333,0.910333,75.34129999999999,70.6799,0.3368810683952048,93.86372499999999,1.5401181025546415,1.0338707799315319,2.821500736135738,1.5587333905839165,1.2190514042733904,2.6404815587130943
Reviews,query_minlen2_cov1k,0.041152254151593466,auto_layer2_t1_8192_t2_131072,2,8192,131072,125,0.9,0.903666,0.903666,258.104,258.85783333333336,0.014737834782806054,264.20575,0.8587410501193318,0.8297672040073919,0.8961460979742284,1.0064935064935066,0.9914193654510444,1.0427514191061087
VariousImg,query_minlen2_cov5k,0.10252070203640627,layer0_plain,0,,,4500,0.9,0.906633,0.9077381428571428,2272.995,2297.5666666666666,0.022772353632482107,2374.3,1.0,1.0,1.0,,,
VariousImg,query_minlen2_cov5k,0.10252070203640627,auto_layer1_t1_8192,1,8192,,3750,0.9,0.903633,0.903633,1509.32,1512.7733333333333,0.015477998106136951,1544.795,1.5059728884530783,1.5044165612727152,1.5342332149962938,,,
VariousImg,query_minlen2_cov5k,0.10252070203640627,auto_layer2_t1_8192_t2_131072,2,8192,131072,3750,0.9,0.9036,0.9036,1424.6,1429.3516666666667,0.014530461277833456,1458.2600000000002,1.5955320791801209,1.5851457788313847,1.62410952115468,1.0594693247227291,1.0502244609775118,1.0706196339810212
