workload,mean_selectivity,target_recall,router_lsearch,router_recall_min,router_warm_median_ms,control_binary_sha256,one_layer_lsearch,one_layer_recall_min,one_layer_warm_median_ms,speedup_vs_one_layer,speedup_vs_one_layer_ci95_low,speedup_vs_one_layer_ci95_high,ungated_two_layer_lsearch,ungated_two_layer_recall_min,ungated_two_layer_warm_median_ms,speedup_vs_ungated_two_layer,speedup_vs_ungated_two_layer_ci95_low,speedup_vs_ungated_two_layer_ci95_high,prior_tuned_lsearch,prior_tuned_recall_min,prior_tuned_warm_median_ms,speedup_vs_prior_tuned,speedup_vs_prior_tuned_ci95_low,speedup_vs_prior_tuned_ci95_high
sel_0p5,0.0049924907,0.9,1400,0.9028,47.612700000000004,2e69823e43f32b4bb2531a9cc99ee6ef6f50a6f144112987a44d3139887edb26,1400,0.9037,56.137,1.1790341652542282,0.9450349053341403,1.4492288634428072,1400,0.9037,49.14825,1.0322508490381765,0.8774801158468055,1.1004136554520543,1400,0.9036,46.24985,0.9713763344653842,0.6982081320921837,1.0235949237578281
sel_1,0.0090305484,0.9,1600,0.9041,68.1049,2e69823e43f32b4bb2531a9cc99ee6ef6f50a6f144112987a44d3139887edb26,1600,0.904,73.4816,1.0789473297809702,0.9655857160637709,1.237575245972941,1600,0.904,71.8691,1.055270619294647,0.8004877690567445,1.1697661208663654,1600,0.9041,68.00139999999999,0.9984802855594823,0.5245084886502608,1.117227072547597
sel_5,0.0503811667,0.9,1600,0.9068,134.723,2e69823e43f32b4bb2531a9cc99ee6ef6f50a6f144112987a44d3139887edb26,1750,0.9111,164.6105,1.2218440800754138,0.6952656714036544,1.5644942788259155,1600,0.9072,152.9795,1.1355113826146983,0.7584249197872873,1.25667597872259,1600,0.9075,144.1035,1.0696280516318668,0.5104025986214709,1.1827331521947113
sel_10,0.0990661529,0.9,15000,0.9008,710.9275,2e69823e43f32b4bb2531a9cc99ee6ef6f50a6f144112987a44d3139887edb26,8500,0.9045,1025.955,1.4431218373181511,1.4176347785075705,1.476061193587074,8500,0.9041,1067.835,1.5020307977958371,1.4653485372299457,1.5368334543571383,7000,0.9046,861.7394999999999,1.2121341487001134,1.1518813158460548,1.2439757553943684
sel_30,0.3002724229,0.87,6000,0.8752,1108.31,2e69823e43f32b4bb2531a9cc99ee6ef6f50a6f144112987a44d3139887edb26,7000,0.8762,1560.58,1.4080717488789238,1.3828168988502823,1.4394646071450738,6000,0.8751,1198.33,1.0812227625844755,1.0573875878946948,1.1238659981236505,6000,0.8782,1191.475,1.0750376699659843,1.0553607893452843,1.1342427977335805
sel_60,0.6004749068,0.87,600,0.8755,338.479,2e69823e43f32b4bb2531a9cc99ee6ef6f50a6f144112987a44d3139887edb26,1700,0.875,608.4605,1.7976314631040626,1.7468270562586392,1.804806935992288,500,0.87,354.293,1.0467207714511093,1.0023754360661774,1.063914634866285,500,0.871,315.345,0.9316530715347187,0.898050091507384,0.9547015100948928
sel_80,0.8002369928,0.87,550,0.8727,432.3025,2e69823e43f32b4bb2531a9cc99ee6ef6f50a6f144112987a44d3139887edb26,2600,0.875,1151.635,2.663956373141492,2.550867806402772,2.9086000340097233,500,0.8703,391.781,0.9062658670722469,0.8862573051007401,0.9354477783393834,500,0.875,408.1005,0.9440160535735972,0.9124128126015315,1.003022344215166
sel_95,0.9501978063,0.87,75,0.8761,318.707,2e69823e43f32b4bb2531a9cc99ee6ef6f50a6f144112987a44d3139887edb26,900,0.8715,698.801,2.19261265049089,2.1230524544092897,2.532163798204561,75,0.8762,318.736,1.000090992667246,0.9331816076271956,1.1804823505562172,75,0.8757,312.9825,0.9820383612534398,0.9652048669396343,1.0014049821111688
sel_99,0.9900060038,0.87,60,0.8737,404.7395,2e69823e43f32b4bb2531a9cc99ee6ef6f50a6f144112987a44d3139887edb26,1000,0.8713,858.5070000000001,2.121134705162209,2.025763709536391,2.1918763669208947,60,0.8737,399.3245,0.9866210241402186,0.9685497497766529,1.013138672203426,55,0.8706,377.88599999999997,0.9336523862879703,0.8885830579463504,1.03833966521227
