workload,method,variant,budget,frozen_recall,fresh_recall_mean,recall_delta,frozen_median_ms,fresh_median_ms,fresh_over_frozen,fresh_min_ms,fresh_max_ms,fresh_cv,measured_repeats,fresh_binary_sha256,raw_run_dir
sel_0p5,Original Multi-level,"T1=1k,T2=10k",L2000,0.913300,0.913300,0.000000,48.224200,51.388300,1.065612,48.491900,91.185000,0.219556,20,88d7dba189478cd11402a8433076d220c7ad68ca9f9a6366118f78430752f37f,/home/sunyahui/worktrees/FilterVectorCode_multilevel_special/runs/fresh_current_source_main_sel0p5_repeat21_20260906/multi_1k_10k/sel_0p5
sel_0p5,Plain UNG,no special overlay,L1500,0.913443,0.913452,0.000009,44.706450,43.726100,0.978071,41.265000,53.488900,0.066661,20,88d7dba189478cd11402a8433076d220c7ad68ca9f9a6366118f78430752f37f,/home/sunyahui/worktrees/FilterVectorCode_multilevel_special/runs/fresh_current_source_main_sel0p5_repeat21_20260906/plain/sel_0p5
sel_0p5,Single-level,T1=1k,L2000,0.913300,0.913300,0.000000,48.048550,57.588050,1.198539,50.556400,253.991000,0.679626,20,88d7dba189478cd11402a8433076d220c7ad68ca9f9a6366118f78430752f37f,/home/sunyahui/worktrees/FilterVectorCode_multilevel_special/runs/fresh_current_source_main_sel0p5_repeat21_20260906/single_1k/sel_0p5
sel_0p5,Tuned Multi-level,"T1=2k,T2=25k",L1500,0.910100,0.910100,0.000000,42.828950,44.539000,1.039927,42.211300,66.951500,0.138881,20,88d7dba189478cd11402a8433076d220c7ad68ca9f9a6366118f78430752f37f,/home/sunyahui/worktrees/FilterVectorCode_multilevel_special/runs/fresh_current_source_main_sel0p5_repeat21_20260906/multi_t1_2000_t2_25k/sel_0p5
sel_1,Original Multi-level,"T1=1k,T2=50k",L4500,0.904300,0.904300,0.000000,141.684000,154.851500,1.092936,143.924000,222.549000,0.172193,6,88d7dba189478cd11402a8433076d220c7ad68ca9f9a6366118f78430752f37f,/home/sunyahui/worktrees/FilterVectorCode_multilevel_special/runs/fresh_current_source_main_sel1_20260906/multi_1k_50k/sel_1
sel_1,Plain UNG,no special overlay,L2000,0.927129,0.926700,-0.000429,60.656100,62.717250,1.033981,58.534800,84.108200,0.143971,6,88d7dba189478cd11402a8433076d220c7ad68ca9f9a6366118f78430752f37f,/home/sunyahui/worktrees/FilterVectorCode_multilevel_special/runs/fresh_current_source_main_sel1_20260906/plain/sel_1
sel_1,Single-level,T1=1k,L4500,0.904300,0.904300,0.000000,152.857500,186.304500,1.218812,150.779000,203.618000,0.108787,6,88d7dba189478cd11402a8433076d220c7ad68ca9f9a6366118f78430752f37f,/home/sunyahui/worktrees/FilterVectorCode_multilevel_special/runs/fresh_current_source_main_sel1_20260906/single_1k/sel_1
sel_1,Tuned Multi-level,"T1=2k,T2=25k",L3000,0.916900,0.916900,0.000000,108.401000,115.080000,1.061614,106.135000,218.832000,0.324855,6,88d7dba189478cd11402a8433076d220c7ad68ca9f9a6366118f78430752f37f,/home/sunyahui/worktrees/FilterVectorCode_multilevel_special/runs/fresh_current_source_main_sel1_20260906/multi_t1_2000_t2_25k/sel_1
sel_10,Original Multi-level,"T1=1k,T2=10k",L15000,0.908800,0.908800,0.000000,2669.605000,2728.820000,1.022181,2684.830000,2911.120000,0.029660,6,88d7dba189478cd11402a8433076d220c7ad68ca9f9a6366118f78430752f37f,/home/sunyahui/worktrees/FilterVectorCode_multilevel_special/runs/fresh_current_source_main_sel10_20260906/multi_1k_10k/sel_10
sel_10,Plain UNG,no special overlay,L15000,0.901571,0.901586,0.000015,675.142000,744.795500,1.103169,691.060000,794.300000,0.049723,6,88d7dba189478cd11402a8433076d220c7ad68ca9f9a6366118f78430752f37f,/home/sunyahui/worktrees/FilterVectorCode_multilevel_special/runs/fresh_current_source_main_sel10_20260906/plain/sel_10
sel_10,Single-level,T1=1k,L20000,0.894800,0.894800,0.000000,3455.295000,3444.255000,0.996805,3390.840000,3779.430000,0.041438,6,88d7dba189478cd11402a8433076d220c7ad68ca9f9a6366118f78430752f37f,/home/sunyahui/worktrees/FilterVectorCode_multilevel_special/runs/fresh_current_source_main_sel10_20260906/single_1k/sel_10
sel_10,Tuned Multi-level,"T1=2k,T2=25k",L10000,0.900900,0.900900,0.000000,1793.005000,1816.510000,1.013109,1765.470000,1887.480000,0.023031,6,88d7dba189478cd11402a8433076d220c7ad68ca9f9a6366118f78430752f37f,/home/sunyahui/worktrees/FilterVectorCode_multilevel_special/runs/fresh_current_source_main_sel10_20260906/multi_t1_2000_t2_25k/sel_10
sel_25,Original Multi-level,"T1=1k,T2=25k",L14000,0.901200,0.901200,0.000000,4520.320000,4538.615000,1.004047,4467.740000,4670.630000,0.019089,6,88d7dba189478cd11402a8433076d220c7ad68ca9f9a6366118f78430752f37f,/home/sunyahui/worktrees/FilterVectorCode_multilevel_special/runs/fresh_current_source_main_sel25_20260906/multi_1k_25k/sel_25
sel_25,Plain UNG,no special overlay,L22000,0.902557,0.902557,0.000000,1648.470000,1652.240000,1.002287,1603.400000,1682.670000,0.020748,6,88d7dba189478cd11402a8433076d220c7ad68ca9f9a6366118f78430752f37f,/home/sunyahui/worktrees/FilterVectorCode_multilevel_special/runs/fresh_current_source_main_sel25_20260906/plain/sel_25
sel_25,Single-level,T1=1k,L18000,0.903700,0.903700,0.000000,5828.470000,5717.530000,0.980966,5555.090000,6016.140000,0.027780,6,88d7dba189478cd11402a8433076d220c7ad68ca9f9a6366118f78430752f37f,/home/sunyahui/worktrees/FilterVectorCode_multilevel_special/runs/fresh_current_source_main_sel25_20260906/single_1k/sel_25
sel_25,Tuned Multi-level,"T1=2k,T2=25k",L10000,0.902300,0.902300,0.000000,2986.040000,3014.900000,1.009665,2901.360000,3198.410000,0.040327,6,88d7dba189478cd11402a8433076d220c7ad68ca9f9a6366118f78430752f37f,/home/sunyahui/worktrees/FilterVectorCode_multilevel_special/runs/fresh_current_source_main_sel25_20260906/multi_t1_2000_t2_25k/sel_25
sel_50,Original Multi-level,"T1=1k,T2=25k",L600,0.858400,0.858400,0.000000,408.748500,448.951000,1.098355,411.031000,470.128000,0.046070,6,88d7dba189478cd11402a8433076d220c7ad68ca9f9a6366118f78430752f37f,/home/sunyahui/worktrees/FilterVectorCode_multilevel_special/runs/fresh_current_source_main_sel50_20260906/multi_1k_25k/sel_50
sel_50,Plain UNG,no special overlay,L40000,0.856100,0.856043,-0.000057,5551.180000,5554.110000,1.000528,5527.430000,5695.010000,0.013457,6,88d7dba189478cd11402a8433076d220c7ad68ca9f9a6366118f78430752f37f,/home/sunyahui/worktrees/FilterVectorCode_multilevel_special/runs/fresh_current_source_main_sel50_20260906/plain/sel_50
sel_50,Single-level,T1=1k,L1800,0.852300,0.852300,0.000000,698.600500,706.240000,1.010935,663.662000,1116.550000,0.223938,6,88d7dba189478cd11402a8433076d220c7ad68ca9f9a6366118f78430752f37f,/home/sunyahui/worktrees/FilterVectorCode_multilevel_special/runs/fresh_current_source_main_sel50_20260906/single_1k/sel_50
sel_50,Tuned Multi-level,"T1=2k,T2=25k",L500,0.851800,0.851800,0.000000,383.260000,390.564000,1.019058,363.159000,399.034000,0.034113,6,88d7dba189478cd11402a8433076d220c7ad68ca9f9a6366118f78430752f37f,/home/sunyahui/worktrees/FilterVectorCode_multilevel_special/runs/fresh_current_source_main_sel50_20260906/multi_t1_2000_t2_25k/sel_50
sel_75,Original Multi-level,"T1=1k,T2=50k",L1200,0.872500,0.872500,-0.000000,854.962000,883.769500,1.033694,866.749000,957.785000,0.038044,6,88d7dba189478cd11402a8433076d220c7ad68ca9f9a6366118f78430752f37f,/home/sunyahui/worktrees/FilterVectorCode_multilevel_special/runs/fresh_current_source_main_sel75_20260906/multi_1k_50k/sel_75
sel_75,Plain UNG,no special overlay,L110000,0.873729,0.873843,0.000114,44264.200000,45146.900000,1.019942,44818.500000,45342.500000,0.004401,6,88d7dba189478cd11402a8433076d220c7ad68ca9f9a6366118f78430752f37f,/home/sunyahui/worktrees/FilterVectorCode_multilevel_special/runs/fresh_current_source_main_sel75_20260906/plain/sel_75
sel_75,Single-level,T1=1k,L4000,0.870300,0.870300,0.000000,1983.815000,1975.980000,0.996051,1917.920000,2091.890000,0.031466,6,88d7dba189478cd11402a8433076d220c7ad68ca9f9a6366118f78430752f37f,/home/sunyahui/worktrees/FilterVectorCode_multilevel_special/runs/fresh_current_source_main_sel75_20260906/single_1k/sel_75
sel_75,Tuned Multi-level,"T1=2k,T2=25k",L1000,0.872900,0.872900,0.000000,771.468500,767.142000,0.994392,737.690000,819.083000,0.037317,6,88d7dba189478cd11402a8433076d220c7ad68ca9f9a6366118f78430752f37f,/home/sunyahui/worktrees/FilterVectorCode_multilevel_special/runs/fresh_current_source_main_sel75_20260906/multi_t1_2000_t2_25k/sel_75
