rebuild,workload,lsearch,recall_threshold,frozen_recall,fresh_recall,recall_delta,frozen_median_ms,fresh_median_ms,fresh_over_frozen,cv,measured_repeats,passes_recall_threshold,search_binary_sha256,raw_run_dir
1,sel_0p5,1500,0.900000,0.910100,0.910100,0.000000,42.828950,48.209800,1.125636,0.159320,20,1,88d7dba189478cd11402a8433076d220c7ad68ca9f9a6366118f78430752f37f,/home/sunyahui/worktrees/FilterVectorCode_multilevel_special/runs/fresh_current_source_rebuilt_bundle_sel0p5_repeat21_20260906/multi_t1_2000_t2_25k/sel_0p5
1,sel_1,3000,0.900000,0.916900,0.916500,-0.000400,108.401000,133.281500,1.229523,0.068906,6,1,88d7dba189478cd11402a8433076d220c7ad68ca9f9a6366118f78430752f37f,/home/sunyahui/worktrees/FilterVectorCode_multilevel_special/runs/fresh_current_source_rebuilt_bundle_sel1_20260906/multi_t1_2000_t2_25k/sel_1
1,sel_10,10000,0.900000,0.900900,0.900900,0.000000,1793.005000,1930.390000,1.076623,0.060067,6,1,88d7dba189478cd11402a8433076d220c7ad68ca9f9a6366118f78430752f37f,/home/sunyahui/worktrees/FilterVectorCode_multilevel_special/runs/fresh_current_source_rebuilt_bundle_sel10_20260906/multi_t1_2000_t2_25k/sel_10
1,sel_25,10000,0.900000,0.902300,0.902300,0.000000,2986.040000,3053.440000,1.022572,0.109248,6,1,88d7dba189478cd11402a8433076d220c7ad68ca9f9a6366118f78430752f37f,/home/sunyahui/worktrees/FilterVectorCode_multilevel_special/runs/fresh_current_source_rebuilt_bundle_sel25_20260906/multi_t1_2000_t2_25k/sel_25
1,sel_50,500,0.850000,0.851800,0.852900,0.001100,383.260000,377.953000,0.986153,0.034924,6,1,88d7dba189478cd11402a8433076d220c7ad68ca9f9a6366118f78430752f37f,/home/sunyahui/worktrees/FilterVectorCode_multilevel_special/runs/fresh_current_source_rebuilt_bundle_sel50_20260906/multi_t1_2000_t2_25k/sel_50
1,sel_75,1000,0.870000,0.872900,0.873200,0.000300,771.468500,774.851500,1.004385,0.035608,6,1,88d7dba189478cd11402a8433076d220c7ad68ca9f9a6366118f78430752f37f,/home/sunyahui/worktrees/FilterVectorCode_multilevel_special/runs/fresh_current_source_rebuilt_bundle_sel75_20260906/multi_t1_2000_t2_25k/sel_75
2,sel_0p5,1500,0.900000,0.910100,0.910100,0.000000,42.828950,46.647350,1.089155,0.189728,20,1,88d7dba189478cd11402a8433076d220c7ad68ca9f9a6366118f78430752f37f,/home/sunyahui/worktrees/FilterVectorCode_multilevel_special/runs/fresh_current_source_rebuilt_bundle_repeat2_sel0p5_repeat21_20260906/multi_t1_2000_t2_25k/sel_0p5
2,sel_1,3000,0.900000,0.916900,0.916900,0.000000,108.401000,125.500500,1.157743,0.138818,6,1,88d7dba189478cd11402a8433076d220c7ad68ca9f9a6366118f78430752f37f,/home/sunyahui/worktrees/FilterVectorCode_multilevel_special/runs/fresh_current_source_rebuilt_bundle_repeat2_sel1_20260906/multi_t1_2000_t2_25k/sel_1
2,sel_10,10000,0.900000,0.900900,0.900900,0.000000,1793.005000,1862.455000,1.038734,0.060784,6,1,88d7dba189478cd11402a8433076d220c7ad68ca9f9a6366118f78430752f37f,/home/sunyahui/worktrees/FilterVectorCode_multilevel_special/runs/fresh_current_source_rebuilt_bundle_repeat2_sel10_20260906/multi_t1_2000_t2_25k/sel_10
2,sel_25,10000,0.900000,0.902300,0.902300,0.000000,2986.040000,3020.045000,1.011388,0.012290,6,1,88d7dba189478cd11402a8433076d220c7ad68ca9f9a6366118f78430752f37f,/home/sunyahui/worktrees/FilterVectorCode_multilevel_special/runs/fresh_current_source_rebuilt_bundle_repeat2_sel25_20260906/multi_t1_2000_t2_25k/sel_25
2,sel_50,500,0.850000,0.851800,0.849500,-0.002300,383.260000,375.860500,0.980693,0.023811,6,0,88d7dba189478cd11402a8433076d220c7ad68ca9f9a6366118f78430752f37f,/home/sunyahui/worktrees/FilterVectorCode_multilevel_special/runs/fresh_current_source_rebuilt_bundle_repeat2_sel50_20260906/multi_t1_2000_t2_25k/sel_50
2,sel_75,1000,0.870000,0.872900,0.872700,-0.000200,771.468500,796.819000,1.032860,0.041982,6,1,88d7dba189478cd11402a8433076d220c7ad68ca9f9a6366118f78430752f37f,/home/sunyahui/worktrees/FilterVectorCode_multilevel_special/runs/fresh_current_source_rebuilt_bundle_repeat2_sel75_20260906/multi_t1_2000_t2_25k/sel_75
