rebuild,lsearch,recall,median_ms,min_ms,max_ms,cv,measured_repeats,passes_recall_0p85,robust_selected,search_binary_sha256,raw_run_dir
1,500,0.852900,353.308000,345.990000,439.177000,0.057160,20,1,0,88d7dba189478cd11402a8433076d220c7ad68ca9f9a6366118f78430752f37f,/home/sunyahui/worktrees/FilterVectorCode_multilevel_special/runs/fresh_current_source_rebuilt_bundle_sel50_robust_l_20260906/multi_t1_2000_t2_25k/sel_50
1,550,0.857500,372.561000,366.240000,393.766000,0.022211,20,1,1,88d7dba189478cd11402a8433076d220c7ad68ca9f9a6366118f78430752f37f,/home/sunyahui/worktrees/FilterVectorCode_multilevel_special/runs/fresh_current_source_rebuilt_bundle_sel50_robust_l_20260906/multi_t1_2000_t2_25k/sel_50
1,600,0.861900,391.094000,386.861000,413.419000,0.020832,20,1,0,88d7dba189478cd11402a8433076d220c7ad68ca9f9a6366118f78430752f37f,/home/sunyahui/worktrees/FilterVectorCode_multilevel_special/runs/fresh_current_source_rebuilt_bundle_sel50_robust_l_20260906/multi_t1_2000_t2_25k/sel_50
1,650,0.865100,410.407500,401.179000,437.263000,0.026497,20,1,0,88d7dba189478cd11402a8433076d220c7ad68ca9f9a6366118f78430752f37f,/home/sunyahui/worktrees/FilterVectorCode_multilevel_special/runs/fresh_current_source_rebuilt_bundle_sel50_robust_l_20260906/multi_t1_2000_t2_25k/sel_50
1,700,0.869900,426.074500,419.309000,485.741000,0.038183,20,1,0,88d7dba189478cd11402a8433076d220c7ad68ca9f9a6366118f78430752f37f,/home/sunyahui/worktrees/FilterVectorCode_multilevel_special/runs/fresh_current_source_rebuilt_bundle_sel50_robust_l_20260906/multi_t1_2000_t2_25k/sel_50
2,500,0.849500,356.678500,344.075000,418.242000,0.045146,20,0,0,88d7dba189478cd11402a8433076d220c7ad68ca9f9a6366118f78430752f37f,/home/sunyahui/worktrees/FilterVectorCode_multilevel_special/runs/fresh_current_source_rebuilt_bundle_repeat2_sel50_robust_l_20260906/multi_t1_2000_t2_25k/sel_50
2,550,0.854000,373.969000,364.817000,422.703000,0.036991,20,1,1,88d7dba189478cd11402a8433076d220c7ad68ca9f9a6366118f78430752f37f,/home/sunyahui/worktrees/FilterVectorCode_multilevel_special/runs/fresh_current_source_rebuilt_bundle_repeat2_sel50_robust_l_20260906/multi_t1_2000_t2_25k/sel_50
2,600,0.858500,390.760000,381.456000,422.777000,0.030287,20,1,0,88d7dba189478cd11402a8433076d220c7ad68ca9f9a6366118f78430752f37f,/home/sunyahui/worktrees/FilterVectorCode_multilevel_special/runs/fresh_current_source_rebuilt_bundle_repeat2_sel50_robust_l_20260906/multi_t1_2000_t2_25k/sel_50
2,650,0.862300,411.115500,401.094000,480.054000,0.040907,20,1,0,88d7dba189478cd11402a8433076d220c7ad68ca9f9a6366118f78430752f37f,/home/sunyahui/worktrees/FilterVectorCode_multilevel_special/runs/fresh_current_source_rebuilt_bundle_repeat2_sel50_robust_l_20260906/multi_t1_2000_t2_25k/sel_50
2,700,0.866200,429.209000,420.844000,460.497000,0.026145,20,1,0,88d7dba189478cd11402a8433076d220c7ad68ca9f9a6366118f78430752f37f,/home/sunyahui/worktrees/FilterVectorCode_multilevel_special/runs/fresh_current_source_rebuilt_bundle_repeat2_sel50_robust_l_20260906/multi_t1_2000_t2_25k/sel_50
3,500,0.853700,358.819500,346.186000,392.286000,0.036905,20,1,0,88d7dba189478cd11402a8433076d220c7ad68ca9f9a6366118f78430752f37f,/home/sunyahui/worktrees/FilterVectorCode_multilevel_special/runs/fresh_current_source_rebuilt_bundle_repeat3_sel50_robust_l_20260906/multi_t1_2000_t2_25k/sel_50
3,550,0.858200,379.648000,367.999000,402.292000,0.028528,20,1,1,88d7dba189478cd11402a8433076d220c7ad68ca9f9a6366118f78430752f37f,/home/sunyahui/worktrees/FilterVectorCode_multilevel_special/runs/fresh_current_source_rebuilt_bundle_repeat3_sel50_robust_l_20260906/multi_t1_2000_t2_25k/sel_50
3,600,0.862900,396.927500,381.825000,425.964000,0.032505,20,1,0,88d7dba189478cd11402a8433076d220c7ad68ca9f9a6366118f78430752f37f,/home/sunyahui/worktrees/FilterVectorCode_multilevel_special/runs/fresh_current_source_rebuilt_bundle_repeat3_sel50_robust_l_20260906/multi_t1_2000_t2_25k/sel_50
3,650,0.866100,414.753500,403.560000,524.907000,0.065582,20,1,0,88d7dba189478cd11402a8433076d220c7ad68ca9f9a6366118f78430752f37f,/home/sunyahui/worktrees/FilterVectorCode_multilevel_special/runs/fresh_current_source_rebuilt_bundle_repeat3_sel50_robust_l_20260906/multi_t1_2000_t2_25k/sel_50
3,700,0.869100,433.290500,419.257000,512.311000,0.055136,20,1,0,88d7dba189478cd11402a8433076d220c7ad68ca9f9a6366118f78430752f37f,/home/sunyahui/worktrees/FilterVectorCode_multilevel_special/runs/fresh_current_source_rebuilt_bundle_repeat3_sel50_robust_l_20260906/multi_t1_2000_t2_25k/sel_50
