artifact,sha256,role
experiments/multilevel_special/config.amazon_x1_layer_tuning_query_formal.json,96b6275218bc8ad82180443e84b11bd7e3a33999458cc647e4f91c63a01a87d3,committed formal experiment contract
runs/layer_tuning_query_formal_fair_amazon_x1/manifest.json,19135f1bcbbeff04ce051a30455c6e77b76f794a22082de63de793390a82b1cc,raw 92-case execution provenance
runs/layer_tuning_query_formal_fair_amazon_x1/summary/all_points.csv,38a78aca133d4dc2b5285238219ec2b0c4633c3f40ed5ace9bdc1d07a1ab9dc7,raw-derived 552-point formal summary
runs/layer_tuning_query_formal_fair_amazon_x1/summary/shared_configurations.csv,468ed3aa95dd114a0c9181a5cdf105ef9fb53ee25c9858d273dbb049d47022f1,shared structure selection
runs/layer_tuning_query_formal_fair_amazon_x1/summary/shared_selected_points.csv,c11bf309ed1ab85f17ada25da444df9d70bf8b0c245fa7fbead05b42c80a4232,shared measured points and stages
runs/layer_tuning_query_formal_fair_amazon_x1/summary/layer_oracle.csv,20ea02b693065a8b21b4a161dc45ebcfc54ae99480818047568a3ed5022e7a05,per-workload oracle measured points
runs/layer_tuning_query_formal_fair_amazon_x1/summary/selected_boundary_audit.csv,e3b0c44298fc1c149afbf4c8996fb92427ae41e4649b934ca495991b7852b855,empty final open-boundary audit
runs/layer_tuning_build_amazon_x1/manifest.json,1994d2815273acd2ae37c3ca65d495e3ee68d449f979366bd091250eca6384ee,raw build provenance
experiments/multilevel_special/results_summary/layer_tuning_shared_summary.csv,abbc16386c2f20422dec5438e62282f75920b8a5ef0c285636c98c817b7c8961,committed six-workload shared summary
experiments/multilevel_special/results_summary/layer_tuning_stage_breakdown.csv,a2e8d2919b214409a2a2ffbcfa212ae23598eda631ca5a161604e6ad6db52303,committed mutually exclusive stage summary
experiments/multilevel_special/results_summary/layer_tuning_oracle_summary.csv,41be0b9ac3c438a2d75f10f9c89bae9c36935b0be4ec92c98d041fa74c4416af,committed per-workload oracle summary
experiments/multilevel_special/results_summary/layer_tuning_build_summary.csv,dbbf898c50ad709c830fdaef8388884eb4b6eb9167dec6191a48695a2eabfa6a,committed selected-overlay build summary
