workload,layer_count,structure,lsearch,recall_min,batch_ms_warm_median,speedup_vs_layer0
sel_005,0,plain,1375,0.9008,39.20095,1.000000
sel_005,1,T1=32000,1375,0.9010,40.65845,0.964153
sel_005,2,T1=32000;T2=200000,1375,0.9010,40.2684,0.973492
sel_01,0,plain,1625,0.9059,51.53125,1.000000
sel_01,1,T1=16000,1750,0.9124,64.6793,0.796719
sel_01,2,T1=64000;T2=200000,1625,0.9061,62.14205,0.829249
sel_10,0,plain,14750,0.9001,656.2835,1.000000
sel_10,1,T1=32000,7000,0.9037,790.144,0.830587
sel_10,2,T1=32000;T2=100000,6875,0.9019,776.9635,0.844677
sel_25,0,plain,21000,0.9012,1533.38,1.000000
sel_25,1,T1=128000,8000,0.9037,1447.45,1.059366
sel_25,2,T1=64000;T2=64001,8125,0.9065,1713.795,0.894728
sel_50,0,plain,37500,0.8514,5072.39,1.000000
sel_50,1,T1=32000,550,0.8518,295.5825,17.160657
sel_50,2,T1=16000;T2=200000,450,0.8536,310.929,16.313660
sel_75,0,plain,106250,0.8708,41353.5,1.000000
sel_75,1,T1=32000,1150,0.8715,574.83,71.940400
sel_75,2,T1=16000;T2=200000,625,0.8704,490.104,84.376989
