path,sha256,data_rows
results_summary/source/acorn_robust.csv,a8023425619ceedd3cedfe2dfbc711d64da65d9d1c81e180d04ac9b58d78737c,87
results_summary/source/build_preflight_audit.csv,f798e0f1b309319776093bcc53d5284f0dec016859e9b1ba4a75691d70241cf8,1
results_summary/source/build_results_source.csv,7dcf7ccb248d911e2c905dd83b175c21bd4802b33fe3957fd3ff5dde93306520,7
results_summary/source/curator_robust.csv,bbda35b438a76eca5f7df4e01fc97c678e280389303f824aff7d4c4d9e6fcd81,27
results_summary/source/external_low_robust.csv,8145136dd75c7e2da29f13cde058410bdf6a9f00fd4018940135b0dade958c14,282
results_summary/source/internal_current_binary_sel25.csv,d6f6ecf9ee4420426852922c3c4dfdb02e3ce068822892ead0fff0af20c742dd,15
results_summary/source/internal_current_binary_sel25_manifest.json,67fc06e62968f83d3bb4b2ae0e37f683200a1a00657ac6afb40dbd8d53583bf3,
results_summary/source/internal_current_binary_sel50.csv,d1b1e06d7c473d552809ffa8cac1cdfc42f48f74c46a9bffd43d6a015afc625c,15
results_summary/source/internal_current_binary_sel50_manifest.json,3533e852d5c75612dbb1e14c3e58fafbfaba482a56aa5b233a15c4ac249ff195,
results_summary/source/internal_current_binary_sel75.csv,db7955a89952153a441de8f7cebd4db7420b098f4b24471ed248dbfbab54c946,19
results_summary/source/internal_current_binary_sel75_manifest.json,432860d7df80c2a1401978409d7fa054c2b719a7804a6a0f25d6828f0952c35d,
results_summary/source/internal_low_formal_all_points.csv,61c75c24b56be85cc46dc78c3de0e8a9231ab10c18cb2b3b670348710e2c65e4,99
results_summary/source/internal_low_formal_manifest.json,5e98d2d38ec2de8e9b4d598793175f5b184b9e7f45fe9bd83ecd9570b66049a9,
results_summary/source/internal_paired_formal_sel25.csv,6c46452261ac31e5deb5f856df8c45d71d4b1dc56afd3dc7bf5b57679f07aa8a,4
results_summary/source/internal_paired_formal_sel25_manifest.json,d72be9cc8e5df6f97dd96ba75f6a914c789d03a619fea31fd61de409ef7c5134,
results_summary/source/internal_paired_formal_sel50.csv,ba79ba062475d49df999cc8955a41741ceb8b461b34c0c60ce8aa676683531e8,4
results_summary/source/internal_paired_formal_sel50_manifest.json,7f205a7dedb7dd165d5484699188c9a7ad32f10eb7c759299f4a3feb68881e70,
results_summary/source/internal_paired_formal_sel75.csv,862d45b2ba980708706232c6bf940767195e0a3f14d7f052839e8b0b31c4d8fa,4
results_summary/source/internal_paired_formal_sel75_manifest.json,f1f918f994986258c0b12aaa00fa6479fed3ebf72283b6032804e726640f537c,
results_summary/source/internal_plain_sel25_formal.csv,affbc85b4dabfc3d18dfb56a276be9c21ef3f97af19e396d8e37e82287802213,3
results_summary/source/internal_plain_sel25_formal_manifest.json,0f5f9a0ccf109937ae7f9ee36a0582a1702f07834c79446a0aa8f6787b171dae,
results_summary/source/internal_plain_sel50_formal.csv,1c714f20b0e917118eef0fefe77df015de95aa051463630313ab7e7f591ae797,3
results_summary/source/internal_plain_sel50_formal_manifest.json,47f65c7ef00e317ac1f39bdd11ab869aa2746801fd3cc008f595bc6b7381d612,
results_summary/source/internal_plain_sel75_formal.csv,b19dd184c70c572b2c83d9914fff23756ad24460ff2f5b90f651820235f279c4,3
results_summary/source/internal_plain_sel75_formal_manifest.json,35505273ece5d67ceb11d0a83ab4f56425aa2b06cabef1553d12f999a75ceffc,
results_summary/source/internal_sel1_crossing_formal_all_points.csv,df03340439142223ac7d7c4388fef362e2b748857a8999f5e1116f4e3843b527,25
results_summary/source/internal_sel1_crossing_formal_manifest.json,6dd5efb9ebcf544bc770363870a447396a341886f0ba518103e47b45d5999170,
results_summary/source/internal_t1_2000_low_formal_all_points.csv,a90b64918c636fcfeb770c24586bd99f793498ea1c7a386f0b19dd1d9518e3aa,30
results_summary/source/internal_t1_2000_low_formal_manifest.json,80d2c511158eac4c7e6f031306b32e0abd6dfd166f5dfbd5ab6b956582a471af,
results_summary/source/internal_t1_sel25_formal.csv,4c6f473c7d23d014e4035a10804dc7e20ad18dc75becaec78d4195a8e82e718c,9
results_summary/source/internal_t1_sel25_formal_manifest.json,94e87ce2d06b33831ab61fba52171dfec4c879234364310fc0f8a616e54fa357,
results_summary/source/internal_t1_sel50_formal.csv,fcd8b737286595030c2be111ae93c4b5588a4b237ad5dce6ffab259fb9a456f0,9
results_summary/source/internal_t1_sel50_formal_manifest.json,d4bf9990760b5391cbe072f112d144b8ce4ef17ea0e7e89c9268a7c17b8ecb9a,
results_summary/source/internal_t1_sel75_formal.csv,63e514d865b2edb8ab49dbaff6fb8a1703afccf8983fcaeeb6e2eec0514014e6,9
results_summary/source/internal_t1_sel75_formal_manifest.json,7e894e8fccda297b3ede91fd1bfd01db88de31b3c8d7a2e2caf895520e519600,
results_summary/source/navix_favor_robust.csv,227ee586d01a1e4f3a1564e5c6c32fb8a72eaf4ab3191582be7142283d309862,54
