artifact,digest_kind,path,digest
config,sha256,experiments/multilevel_special/config.amazon_x1_legacy_cov10k_formal.json,052ec159cc74fc133e4991f96acd55a59fc43aec64f1b7e6b543338442e6f22e
execution_manifest,sha256,experiments/multilevel_special/results_summary/legacy_cov10k/legacy_cov10k_execution_manifest.json,07cb85f1d6a6d08681c602c1c142eb957e623ddc9087bff4c5daed37052dfbf4
query_vectors,sha256,/home/graphdb/FilterVectorData/Amazon/old_query_1000/query_minlen1_cov10k/Amazon_query.bin,e07980a3146cbd57fc2fa78350d1d6aafa77c58a0a8aecf1f0a0cf7e8c3c1ae9
query_labels,sha256,/home/graphdb/FilterVectorData/Amazon/old_query_1000/query_minlen1_cov10k/Amazon_query_labels.txt,5142b1d2b02e30b40abd013b2adaa6b5438b3b1ea0e6e480ce00a7b83dffb89e
exact_gt,sha256,/home/sunyahui/worktrees/FilterVectorCode_multilevel_special/runs/legacy_query_retest_amazon_x1/groundtruth/old_query_1000/query_minlen1_cov10k/Amazon_gt_labels_containment.bin,d5c20e27d67c12ef4d9a73dd27f85b4b8de031eadeff299d652a3275fec2e5ec
search_binary,sha256,/home/sunyahui/worktrees/FilterVectorCode_multilevel_special/build_ung_rel/apps/search_UNG_index,6fa4082dae77e99b6c1b3c84c75d324d57cc25e0da32149011379453cfa40087
base_labels_sha256,sha256,manifest provenance,aec768bba7092af445252835be3f1ef7f708305ea646af19ae72738df3dd2f96
main_index_labels_sha256,sha256,manifest provenance,ddb3f616c27626afe6b20bf633aca5e9a1efd31d82bd505b163f59fc79f4dd56
expected_source_fingerprint,source_fingerprint,manifest provenance,91d78580ae29f468
